query_id,запрос,фильтры,топ1,топ2,топ3,топ4,топ5
70DfDUpwjxB4lzFd,перевозки владикавказ тбилиси,,"Трансфер в Тбилиси,Гудаури,поездки в Грузию",Трансфер Владикавказ Тбилиси,Трансфер. в Грузию Владикавказ-Тбилиси-Владикавказ,Трансфер в Грузию Гудаури Тбилиси Такси Поездки,Трансфер Владикавказ Тбилиси без предоплаты
JTrdTaZJvSiLPkXj,обзвон по базе,Вид услуги Деловые услуги,Обзвон клиентов по базе / Холодные звонки,Обзвон клиентов по базе / Холодные звонки,Обзвон клиентов по базе / Холодные звонки,Обзвон базы,Услуги колл центра / Услуги обзвона
LZCZNoVG4AFUkVRJ,липоредукция подбородка,"Вид услуги Красота, здоровье",Липоредукция удаление второго подбородка липолитик,"Липоредукция подбородка, живота, холки",Липоредукция подбородка / тела,Липоредукция живота,Липоредукция подбородка
660ac9QVtXkRxZC3,подъемник 4 х стоечный,,Аренда подъемника в автосервисе,"Аренда и услуги телескопического подъёмника, 21 м",Аренда и услуги ножничного подъёмника,Коленчатый подъемник 20 м без залога,Аренда подъемников
YgHcM9MVbxKnxD1e,монтаж видеодомофонов,,Видеонаблюдение и видеодомофоны установка,Монтаж / ремонт видеонаблюдения,Видеонаблюдение и домофоны,Отопление под ключ,"Видеосъёмка монтаж,сьемка со стедикамом,коптер"
Fn8uGfYsaUS86ak6,боевое самбо,"Тип услуги Дизайн, рисование Вид услуги Обучение, курсы",Боевое самбо и самбо,Спортивное и боевое самбо,Секция Боевого Самбо,Самбо для детей на Шигаева,"Школа единоборсв ""Сириус"""
u4hftjenWqHZoMep,услуги бухгалтера для ип,"Вид услуги Деловые услуги Тип услуги Бухгалтерия, финансы",Бухгалтер для ИП и ООО Ведение и отчётность,"Удаленный бухгалтер, который экономит Вам налоги",Бухгалтер налоги отчётность услуги для ИП и ООО,Бухгалтер для маркетплейсов WB и Ozon,Бухгалтерские услуги / Услуги бухгалтера
2Ysms04CH0JxFR7M,бригада по установке забора  из профнастила,,Забор из профнастила / профлиста,Установка / монтаж заборов под ключ,Установка забора.Кровельные работы.Фасадные работы,"Установка забора под ключ, установка столбов","Заборы из профнастила, любой сложности"
C87NmbDEECz55BdJ,индивидуальные занятия с тренером,,Фитнес тренер,Тренер по шахматам дистанционно Шахматный тренер,Фитнес тренер,Твой персональный тренер (фитнес тренер),Тренер Диетолог Нутрициолог Минус 5-10кг за мес
bTF8nFanljgh7MYg,нитрид титана,"Вид услуги Оборудование, производство","Напыление нитридом титана ""под золото""",Напыление нитридом титана на нержавейку,Напыление нитрид титаном,Напыление нитридом титана,Металл под золото. Нитрид титана
BHqkB8hyVBLYjeJk,персональные тренировки для беременных в москве в студии,,Персональные тренировки на результат,Персональный тренер по боксу,Персональный фитнес тренер DDX,"Фитнес тренер, ЛФК, реабилитация","Фотосессии беременных, семейные фотосессии"
dkPW1ez4OuJlKP6f,наращивание ресниц марьино,,Наращивание ресниц в Марьино,Наращивание ресниц в Марьино,Наращивание ресниц Марьино Классика 2D 3D 4D Брови,Наращивание ресниц Марьино,Наращивание ресниц
QcN46alMOqpAE50I,ремонт материнских плат телевизоров,,Ремонт материнских плат телевизоров Sony,Ремонт материнских плат телевизоров Philips QFU*.*,Ремонт телевизоров и ремонт компьютеров,Ремонт материнских плат ноутбуков и пк в Омске,Ремонт телевизоров
Q4BzK1C2QbMpWats,лдсп изготовление,"Вид услуги Оборудование, производство",Распиловка лдсп кромление изготовление мебели,Распил и продажа лдсп,Фрезеровка на чпу,"Распил, кромление, присадка лдсп, мдф",Распил и кромление лдсп мдф от листа
94UtW5eRuV3rcDEO,выкосить траву,"Вид услуги Сад, благоустройство",Покос травы,Покос травы триммером,"Скошу Траву озерск, Метлино, Сады",Покос травы на участке,Скосить траву триммером.Покос травы
6dYxIAlZOriT6SHH,армения,,"Авто из Армении, Беларуси на российский учёт","Карты Казахстана, Беларуси, Армении и Киргизии",Пассажирские перевозки Россия - Грузия - Армения,"ЭПТС, СБКТС, эпсм, утиль, переселенцы",Международная перевозка животных zootravels
moFmX6XQY5SEz9hU,автомобиль бу под выкуп под такси,,Аренда Выкуп Mercedes s class 222 350d под такси,Аренда авто под такси с выкупом,Аренда авто под такси с выкупом,Аренда авто и выкуп под такси бизнес/премьер тариф,Аренда авто под такси с выкупом Belgee X70
R66chaldEN0epFjt,фасадные работы ремонт,,Фасадные работы,"Фасадные работы, Утепление, Отделка, Сайдинг","Фасады, Фасадные работы, фасадчики","Фасадные работы, Утепление, Отделка, Сайдинг",Фасадные работы / Монтаж Сайдинга
LeWIzjoTRN8saOxg,фотозоны,"Вид услуги Праздники, мероприятия",Фотозона с шарами,Оформление мероприятий Фотозона,Фотозона на гендер пати Оформление Gender Party,"Фотозона, Пресс-Волл, Печать-Баннеров, Выставки",Арка для фотозоны в аренду
YeC06bC3Bws9SfaN,монтаж дпк,Кто оказывает услуги Частный исполнитель Вид услуги Строительство,Монтаж дпк фасада,"Монтаж фасадов из дпк, реечные фасады",Монтаж террасной доски из дпк,Монтаж вентилируемых фасадов,"Веранды,террасы"
Mkw7pexvDmMpFdzO,натуропат,,"Нутрициолог, натуропат","Нутрициолог-натуропат, марафон по сниж. веса",Оздоровительные чаи и лечебные сборы,Психолог онлайн консультация,Подолог (студия PodoArt)
M1yUaCX37j5UCE6M,для свадьбы помещение,,Свет на свадьбу. Световое оформление. Аренда света,"Аренда помещения для праздника, лофт для праздника",Тяжелый дым на свадьбу холодные фонтаны,"Аренда студии, банкетный зал, свадьба",Оформление свадьбы
qICpl1nghlMbD1sQ,термозамещение волос,"Тип услуги Услуги парикмахера Вид услуги Красота, здоровье",Термозамещение (наращивание волос),Термозамещение Афрокосы Афролоконы Косы Брейды,Афрокосы.Афрокудри.Термозамещение волос,Плетение афро локоны кудри термозамещение,"3D-кудри,брейды,косы,термозамещение"
FXT1SQ1DiPMfoFvb,услуги сварщика сварочные работы с выездом,Вид услуги Строительство,"Сварка, сварочные работы, выезд, полуавт,аоргон","Сварочные работы, услуги сварщика на выезд",Сварщик.услуги сварщика. сварочные работы,Услуги сварщика Сварочные работы (лично),Сварщик Услуги сварщика Сварочные работы
9DIDzJnvKXzWBr0K,установка реечного потолка в ванной,,Реечный потолок в ванную,Комплект подвесного потолка пвх для ванной комнаты,Реечные алюминиевые потолки,Монтаж реечного потолка,Монтаж подвесных металлических реечных потолков
XoRUcfOtglL8Jw8q,мотопрогулки,,Мотопрогулки / Мототакси / Фотосессии,Мотопрогулка Казань,"Мотопрогулки, мотоэкскурсии, мототакси, фотосессии",Мотопрогулки,"Мотопрогулки, прогулки на мотоцикле, мототакси"
qhK8HFQAdziM4TUE,массаж интим для мужчин,"Онлайн-запись Тип услуги СПА-услуги, массаж Вид услуги Красота, здоровье",Массаж Иваново,Массаж,Массаж,Массаж классический в салоне,Массаж для двоих - парный
zpz8Y8mIKnovl0rz,златоуст вывезти строительный мусор с грузчиками,,Грузоперевозки газель с грузчиками,Вывоз Мусора. Газель. Златоуст,Грузчики.Грузоперевозки. Вывоз Мусора,Примем металлом. Технику СССР,Вывоз мусора грузчики газели
SF1zhQDEG2zg3jUF,ищу спарринг партнера по теннису,,Спарринг партнер по теннису,Спарринг партнер по большому теннису,Спарринг партнер по настольному теннису,Спарринг партнер по большому теннису,Спарринг партнер большой теннис
T3sxqyRNmngP09eA,водитель женщина,Вид услуги Пассажирские перевозки,Минивен Трансфер поездки заказать,Заказ Аренда автобуса Пассажирские перевозки,Пассажирские перевозки,"Пассажирские перевозки,такси межгород,трансфер",Трансфер такси. Пассажирские перевозки межгород
Noh1IBaATyzfAY1W,чистка кондиционера частный мастер,"Тип услуги Кондиционеры, вентиляция Вид услуги Ремонт и обслуживание техники","Чистка, мойка, ремонт сплит системы, заправка",Чистка Обслуживание кондиционеров,Ремонт кондиционеров и сплит-систем,"Монтаж, демонтаж и обслуживание сплит-систем",Ремонт и обслуживание сплит-систем
i6mUjFOstuftfSk8,укладка тротуарной плитки рф,"Тип услуги Дорожное строительство Вид услуги Сад, благоустройство",Укладка брусчатки/укладка Асфальта,Укладка тротуарной плитки брусчатки (гарантия),Укладка тротуарной плитки под ключ,Укладка тротуарной плитки брусчатки бордюров,Укладка тротуарной плитки брусчатки под ключ
yCtl8W3ZWYRyRfAC,частника эвакуатора круглосуточно услуги от,,Услуги эвакуатора от частника круглосуточно,Эвакуатор частный /частник без посредников 24 часа,Услуги эвакуатора круглосуточно частник,Услуги эвакуатора круглосуточно.частник,Эвакуатор.услуги эвакуатора частник
eLypTSoIY0DA8Vzp,гелик аренда,,Оптический нивелир ADA ruber 32 + штатив и рейка,Аренда услуги вахтового автобуса. Вахтовка,Аренда обогревателей и тепловых пушек Иркутск,Жираф аренда,Аренда бетонореза. Прокат бензореза
XBrInbSDudej87WP,услуги грузчиков разнорабочие вывоз мусора,,"Грузчики на час, Переезд, Вывоз мусора, Разнорабочие, грузоперевозки","Услуги грузчиков, Разнорабочие, Вывоз мусора Сочи Адлер, грузоперевозки","Грузчики, Вывоз мусора, Разнорабочие Сочи Адлер. грузоперевозки",Услуги разнорабочих Грузчиков и Вывоз мусора Адлер Сочи. грузоперевозки,"Грузчики, Разнорабочие, Переезды, Вывоз мусора. грузоперевозки"
HmT4YuGGvmUcWdN7,чистка объектива,"Тип услуги Фото-, аудио-, видеотехника Вид услуги Ремонт и обслуживание техники","Ремонт фотоаппаратов, объективов и кино техники",Panasonic фотокамеры\объективы\видеокамеры\ноутбук,Ремонт фотоаппаратов Canon,"Ремонт фотоаппаратов, чистка матриц, диагностика",Ремонт и техническое обслуживание фототехники
pDggTg7u7ZpxgVhM,жирные номера на авто,,Изготовление номеров на авто и мото Красноярск Жирные знаки,Изготовление номеров на авто и мото Ковров Жирные знаки,Изготовление номеров на авто и мото Старый Оскол Жирные знаки,Дубликаты номеров по госту (жирный шрифт),Номера жирным шрифтом/дубликаты грз по госту
mER4NMuCUOZawFsU,выкачивание воды из натяжного потолка,,Ремонт натяжных потолков. Слив воды,Слив воды с натяжного потолка,Слив воды с натяжного потолка круглосуточно,Слив воды с натяжного потолка профессионально,Слив воды Ремонт порезов Натяжные потолки
0jIjGkWFVjG4hvyU,прошивка автоключей,,"Программирование автоключей, прошивка иммо",Авто Диагностика Чиптюнинг Автоэлектрик Автоключи,Программирование автоключей.MLB.MQB.Прошивка чипа,"Дубликат автоключей. BMW G, F-серия.MLB.MQB","Автоключи,чип-тюнинг, евро2,srs,прошивка"
ZdzO4VPi5jMuvAfu,работа в фотошопе,,Редактирование PDF / пдф документов — Фотошоп,Редактирование PDF / пдф и документов — Фотошоп,"Фотошоп, редактирование документов / PDF скан, пдф",Услуги фотошопа / редактирование pdf / фотошоп,Фотошоп документов PDF/ Реставрация фото
FM9zTUpHwz8P9bkv,экскурсия в чечню,,Чечня экскурсия,Экскурсии по Дагестану и Чечне. Видео в подарок,"Экскурсии в Грозный (ежедневно, раннее бронир-ние)","Экскурсия в Шали, вечерний Грозный, Аргун",Экскурсии Сулакский каньон / гид / туры
1MqJXe0nH4uCwN3E,педикюр подолог советская 176 б,,Аппаратный педикюр,Подолог выезд на дом,Подолог,"Подолог, подологический педикюр",Подолог
BxcqtOFtBHDiX3Sq,ремонт самокатов,Тип услуги Другое Вид услуги Ремонт и обслуживание техники,"Ремонт электро самокатов, Гироскутеров",Аренда и ремонт эл. самокатов и электровелосипедов,"Ремонт электросамокатов, велосипедов. за день","Балансировка, ремонт, АКБ 48 в для электросамоката",Ремонт литиевых аккумуляторов
8cVIYyVzOmEmKPFE,мкж на час,Тип услуги Вид услуги Ремонт и отделка,"Мастер на час, ремонт окон, сантехники,электрики",Мастер на час,Мастер на час,Услуги мастер на час,Услуги мастер на час
pDgLvPwYzmVNBReJ,грузоперевозки рефрижератор по городу,,Грузоперевозки по Магаданской области рефрижератор,Грузчики Грузоперевозки в Магадане,Грузоперевозки межгород собственник,Грузоперевозки,Грузоперевозки по области и городу
LYlZcER1Ie1WNQhI,стрижка женская бикси,"Тип услуги Услуги парикмахера Вид услуги Красота, здоровье",Услуги парикмахера,Короткая женская стрижка,Парикмахер-колорист,Парикмахерские услуги,Стрижки женские
U3LybtqgcZQUAfON,репетитор по веб разработке,,Репетитор по программированию и веб-разработке,"Программирование, дизайн, веб-разработка",Репетитор по веб разработке html js react frontend,"Уроки, веб-разработка на JavaScript, React, Vue",Обучение веб-разработке с нуля до проектов
rClUPJadYPRgMD5I,грузоперевозки красносельский район,Вид услуги Грузоперевозки,"Грузоперевозки Красносельский район,Частник",Грузоперевозки на своем грузовом автомобиле,Грузоперевозки,Грузоперевозки,"Грузоперевозки, домашний переезд"
lYd3KMueMdkhLsGw,укладка волос мпс,,Прически и укладки,Научу плести из бумажной лозы,Электровелосипеды в аренду с правом выкупа,Реконструкция волос Кератин/Ботокс,Современные стрижки и окрашивание
5bDrHNoVuRq2Mv1Y,маникюр педикюр модель,"Тип услуги Маникюр, педикюр Вид услуги Красота, здоровье",Модель на маникюр и педикюр,Модели на Маникюр и Педикюр,Модель на маникюр и педикюр,Модели на педикюр и маникюр,"Модель на маникюр, наращивание ногтей и педикюр"
4qEutmYWNy6ZZqXG,цимлянск выкуп техники,,Грузоперевозки,Грузоперевозки,Грузоперевозки газель переезды,Реклама на билбордах,Выкуп iPhone и apple техники
DMG3m5x1FxzcjYDj,прокат надувного костюма для праздника,,Прокат надувного костюма для праздничных мероприят,Прокат надувного костюма для праздника,Костюм (надувной) динозавра в прокат,Надувной костюм крысы аренда,Надувной костюм аренда
06QIixa5pbkQaLnl,маникюр ул. выборная,,Маникюр. Выборная 101/1,Ногти / Маникюр / Покрытие,Маникюр Педикюр Выборная,Маникюр и педикюр. Выборная,Маникюр педикюр. Выборная. Новосибирск
yxuAqG0CZ6bCl4MP,ремонт бань,Вид услуги Строительство,"Бани, беседки, дачные дома",Строительство и ремонт,"Столяр Плотник Строительство и ремонт домов,бань",Строительные работы,Строительство ремонт
bHxPCpVgOODaYTB5,фонопед,"Вид услуги Обучение, курсы",Логопед.Фонопед.Мытищи.Перловка,"Преподаватель по вокалу, логопед-фонопед",Логопед для взрослых/фонопед/миологопед онлайн,Педагог вокала для детей и взрслых. Видное,"Консультация фонопед, вокал, психолог, дефектолог"
dSpkt1FogRonLwBW,лдсп 1050 75,"Тип услуги Варочные панели, духовые шкафы Вид услуги Ремонт и обслуживание техники",Ремонт электроплит варочных панелей духовой шкаф,Ремонт варочных панелей и духовых шкафов,Ремонт варочных панелей и духовых шкафов,Ремонт электроплит варочных панелей духовых шкафов,Ремонт электроплит/духовок и варочных панелей
NJQtREsqpt8nzJmQ,ремонт санузла в хрущевке,,Почасовая аренда зала,Ремонт санузла/ванной,"2-к. дом, 96 м²","Плиточник. Ремонт Ванна,Туалет, п/п сантехника",Аренда кабинета 12квм
TyY2GTopOHMRObmh,автоключи ремонт,,"Изготовление автоключей, автоключей с чипом","Автоключи изготовление,ремонт и программирование",Изготовление автоключей Алтуфьево,"Автоключи и программирование Диагностика, выезд",Изготовление автомобильных ключей
lHACwTvxE1iNLeUI,вывоз дивана из квартиры,Вид услуги Вывоз мусора и вторсырья,"Вывоз мусора, старой мебели","Вывоз мусора, мебели,хлам с частного дома квартиры","Вывоз мебели,хлама,строительного мусора",Вывоз строительного мусора из квартиры,"Вывоз мусора, старой мебели"
nZSpkFGL47VVvUXs,оформление бровейцвнты бащкирии,"Тип услуги Ресницы, брови Вид услуги Красота, здоровье",Оформление окрашивание бровей ламинирование ресниц,Оформление бровей. Ламинирование ресниц,Оформление и долговременная укладка бровей,Оформление и окрашивание бровей,"Ламинирование ресниц, оформление бровей"
HpPoGsZmBK35lKt8,авитолог разово,Вид услуги Деловые услуги Тип услуги,Авитолог/Обучение Авито/Более 90 + отзывов,Авитолог для психолога и репетитора / С гарантией,Авитолог Услуги Авитолога,Авитолог / Авитолог для услуг / Услуги Авитолога,Авиатолог / Услуги Авитолога /Продвижение на Авито
0ka7vUvqFoujzV5a,образ в 4 руки макияж и присеска,,Образ в 4 руки / макияж / прически,Свадебный визажист/Макияж Причёски/Образы в 4 руки,"Макияж / Причёски, свадебный, выпускной образ","Макияж и прическа, образ, визажист","Вечерний макияж, экспресс макияж, прически, локоны"
udJjsXf7sxYihqao,прокол под асфальтом,,Водопровод.канализация.врезка.проколы,Прокол под дорогой мини ГНБ,"Проколы под дорогой, горизонтальное бурение ГНБ","Прокол под дорогой ГНБ Водопровод, Кабеля, Футляры","Водопровод,прокол,канализация,отопление"
e9FZYKexu9Z2qAZ1,ремонт течи крыши,,Ремонт посудомоечных машин на дому с гарантией / Мастер по посудомойкам,Устранение течи масла двигателя,Кровельщик ремонт кровли кровля под ключ,Слесарь сантехник ремонт,Ремонт кровли / Ремонт крыши / Кровельщик
uvIlz5n3SUMbNV5m,парикмахер короткие стрижки,,Женская стрижка/ Пикси/ Короткая стрижка,"Парикмахер. Стрижки, окрашивание, укладки",Мужская стрижка. Опыт больше 8 лет,Нефорская стрижка,Мастер по коротким стрижкам
ZK2HsMi4bwS7Br7t,деревянные лестницы,Вид услуги Ремонт и отделка,"Шлифовка, ремонт деревянных лестниц и паркета",Лестницы для минимальных проемов,Установка Деревянных Лестниц,"Реставрация дверей, лестниц, мебели и антиквариата",Алмазная резка мастер на час демонтаж
PPAKhDqkjfollqsG,стеклянный шар с наклейкой,,Ёлочные игрушки. СССР,Воздушный шар гигант стеклянный Чита,"Обучение воздушным шарам баблс, стеклянный шар","Шар-баблс стеклянный,с перьями, шар-гигант",Банки от детского питания стеклянные
qzalJDMhgkUQB3t2,удалить бородавку азотом,,Удаление паппилом и бородавок жидким азотом,Удаление бородавок,Удаление бородавок лазером,"Удаление папиллом, родинок и бородавок",Удаление бородавок
H3ZSxNNedrIvd2yG,занятия для детей от года,,Танцы для детей от 3 лет,Логопед дефектолог для детей от 2 лет,Уроки фортепиано.Уроки вокала,Набор в группу по Боевому самбо,Шахматы тренер для детей
EC1ME689zFyqGMDA,танцевальный зал в аренду,,"Зал в аренду, аренда танцевального зала",Почасовая аренда танцевального зала,Аренда танцевального зала спб,Аренда Танцевального Зала,Танцевальные залы в аренду
Pv4EbolMnFU03mWd,сантехник по услуги засора в унитазетранению затора в унитазе,,Сантехник. Услуги сантехники. Ремонт сантехники,Сантехник. Услуги сантехник. Устранение засоров,Сантехник. Услуги сантехник. Ремонт сантехники,Устранение засора. Прочистка канализации,Сантехник Установка сантехники Разводка труб
6ZhEo9xhupijaes3,услуга по шлифовка пола деревянного в доме,,Отделочные работы по деревянным срубам,"Ремонт деревянных полов. Замена венцов, лаг",Шлифовка Фрезеровка Полировка бетонных полов,Шлифовка Полировка Фрезеровка бетонных полов,"Подъём домов, бань, замена венцов, лаг, пола"
flYhGD7ggxFD4Rnu,настройка мини атс panasonic,,Программирование мини-атс(ремонт телефонии),Настройка атс,"Настройка,ремонт,обслуживание мини атс","Настройка телефонии (ватс,IP-атс, Eltex, Asterisk)","Атс Panasonic, eltex, телефонизация офиса, IP атс"
bu6CEe78hy7zmKOa,аренда контейнера,Вид услуги Вывоз мусора и вторсырья,Вывоз мусора контейнер бункер,Вывоз мусора контейнером 8 м3,Вывоз мусора Вывоз снега контейнером 8 м3,Вывоз мусора контейнером 8м3,Вывоз мусора контейнером 8 м3
SDNmLQ4hNz4TDXL3,трансфер валаам,,"O.Валаам и Ладожские шхеры, прогулки на катере","Прогулки на катере о.Валаам, ладожские шхеры","Индивидуальные прогулки по шхерам, о. Валаам",Экскурсия Валаам / Ладожские шхеры из Сорталава,Ладожские шхеры.Остров Валаам.Прогулка на катере
yntcaVPbBLT7uiZf,регулировка петель двери,,Скрытые дверные петли,"Ремонт замков, ручек, регулировка петель AGB",Регулировка дверей 24/7,Ремонт дверей и Регулировка межкомнатных дверей,Ремонт межкомнатных дверей Регулировка дверей
kFFbTevPhOCC55YE,репетитор по физике баумана,"Тип услуги Предметы школы и вуза Вид услуги Обучение, курсы",Репетитор по физике,Репетитор по физике,Репетитор по физике. Подготовка ОГЭ/ЕГЭ/оценки,Репетитор по физике ЕГЭ онлайн,"Репетитор начальных классов, подготовка к школе"
B8oMyh0SeoSstvmv,сделаслелать губы,,Увеличение губ,"Увеличение, увлажнение губ. Опытный косметолог",Увеличение Губ,Увеличение губ,Увеличение губ
ExWMRzKWSsFsU9rC,услуги электрика октябрьский район,Тип услуги Электрика Вид услуги Ремонт и отделка,Услуги электрика/Электромонтаж,Мастер на час любые работы по дому,Услуги электрика,Электрик / Частный Мастер,Электрик Услуги Электрика - Все виды работ
LcmQF2XlBGKBE1Re,печать наклееу,,Печать наклеек и стикеров,Визитки печать от 1000 шт,Печать визиток листовок наклеек календарей бирок,3D печать на заказ / 3D игрушки,"Цифровая печать,рекламная продукция"
0tw3RYWgtgWRvUk5,масстер класс по изготовлению цветов из зефира,,Мастер класс к 8 Марта по росписи сухоцветами,Мастер-класс Шоколадные конфеты своими руками,Мастер-класс по изготовлению духов,Мастер-класс (сухоцветы и стабилизированные цветы),Изготовление табличек и шильдиков из металла
xfD5nYfLSzz3ui10,мелирование на темные волосы,"Онлайн-запись Тип услуги Услуги парикмахера Вид услуги Красота, здоровье",Модель на окрашивание волос,Модель на окрашивание волос,"Окрашивания, Выход из темного, Техники",Мелирование волос модель,Мелирование Айртач Выход из тёмного
LhQZCFJiRt0zTnF7,доставка с европы,,"Байер европа, США доставка из европы, США",Доставка товаров из Европы посредник,Услуги Байера. Доставка товаров из Европы,Байер США и Европа. Покупка и доставка товаров,Доставка товаров из Польши и Европы
yOdTQQr8rvASsCuG,оформление дома на земельном участка,,Отмежуем и узаконим любой земельный участок,"Юрист по недвижимости, семейным делам, наследство","Межевание, Техпланы, Регистрация. Кадастр",Услуги риэлтора,Вынос границ земельного участка
OzFp8VmPhddMYnfF,сдать металлолом самовывоз,,Приём Самовывоз Демонтаж Металлолома,Продать металлолом,"Вывоз металлолома, вывоз мусора","Прием металлолома, кабель сип, электродвигатели",Прием и вывоз металлолома
wBflG1VyrrWQHiJU,стилист по волосам на свадьбу,,Окрашивание волос любой сложности блонд с длинной,Курс визажист с 0 и стилист по волосам,Причёска+ макияж на свадьбу с выездом к Вам,Омолаживающий Антивозрастной лифтинг макияж,Визажист Стилист по волосам
kK6rjSeDFS9Ub28j,ногти маникюр модель бесплатно,"Вид услуги Красота, здоровье",Модель на маникюр,Модель на маникюр,Ищу модель на маникюр,Ищу моделей для отработки маникюра,Модель на ногти
zFVnnik9M8oIqsrc,фотограф красная поляна,,Фотограф Красная Поляна / Роза Хутор,Фототур в Красную поляну на кабриолете Lexus,Фотограф Сочи Адлер красная поляна,"Фотограф на свадьбу Сочи, Красная Поляна","Фотограф Красная поляна, Сириус, Адлер, Сочи"
KRIX9Zmutmy9TYUw,водитель с авто,,Прокат авто Mercedes с водителем на свадьбу,Аренда минивэна Mercedes V class Long с водителем,"Прокат, аренда авто Mercedes S223 с водителем","Заказ,аренда автомобиля с водителем",Аренда автомобиля с водителем Mercedes S580
Ph6WCDN13pkP5sPw,генеральный план участка,,"Проекты, чертежи, схемы, планы","Разработка разделов спозу, гп",Ландшафтный дизайнер,Кадастровый инженер/межевание/технический план,Директор по производству
9X5CeoVb1UNteBCg,собака для фотосессии,,Собаки Корги для фотосессии,Собака для фотосессии съёмок мини мопс,Собака для фотосессии,Собака (лабрадор)для фотосессии и съёмок,Собаки в аренду на фотосессию и праздники
pxxzaPZAmtgwk7lV,удалённая установка программы к xentru для mercedes,,Xentry 2025.12 Mersedes удаленная установка,Удаленная установка программ на компьютер,Установка программ на компьютер Windows MacOS,Установка программ на компьютер Windows MacOS,Установка программ на компьютер Windows MacOS
vriOKuS18EyfM135,скупка газовых баллонов,Вид услуги Вывоз мусора и вторсырья,Вывоз б/у газовых баллонов скупка,Выкуп газовых Баллонов,"Скупка, прием любых газовых баллонов/огнетушителей","Скупка, прием любых газовых баллонов/огнетушителей",Скупка вывоз баллонов
QtdeATPN0AOAQk2X,фотограф снепы,,Модельные тесты и снепы / Фотограф,"Фотограф модельные тесты, снепы, model book",Модельные тесты Актерское портфолио Снепы,Фотограф индивидуальная и репортажная съёмка,"Модельное портфолио, Фотограф Москва, Снэпы"
As3JVf0wToiO1nE1,ростовая кукла ирина аллегрова,,Ростовая кукла Ирина Аллегрова,Ростовая кукла поздравление Ирина Аллегрова,"Ростовые куклы: мишка, лабуба,Егор крид, Аллегрова","Ростовые куклы, мишка, Михайлов, Аллегрова",Ростовые куклы Аниматор
3fYGAT4L1fQGxten,кошелев,,"Мастер на час (Крутые Ключи, Кошелев, Мехзавод)",Торты на заказ Кошелев,Макияж и прически визажист Кошелев парк,Лазерная эпиляция Кошелев Самара,Химчистка мебели Кошелев
iNM95FNi4YaiqfPm,сборщик мебели тула,,Сборка мебели Сборщик мебели,Сборка мебели. Сборка кухни. Сборщик мебели,Сборщик мебели услуги,"Сборщик мебели, сборка разборка мебели и кухни","Сборка мебели, Сборщик мебели"
mnWE1Tgl5wAz4vjH,лаборатория сбктс эптс,,Оформление СБКТС и ЭПТС,"Оформление эптс,сбктс","СБКТС, ЭПТС, Утиль-сбор, Растаможка и Пригон авто","Оформление СБКТС, ЭПТС, утиль сбор под ключ",Авто из Южной Кореи и Китая
42CgVLALUbDmBgnC,специалист по водоснабжению,,Сантехник-Отопление и Водоснабжение,Водоснабжение,"Отопление, водоснабжение, канализация","Монтаж отопления,водоснабжения,теплый пол",Монтаж отопления и водоснабжения
OxnelnqlRM5GTlsI,установка стропильной системы,,"Проектирование, Монтаж стропильной системы. Кровля",Бригада кровельщиков,Крыша кровельные работы под ключ,Крыша кровельные работы ремонт замена кровли,"Монтаж крыши, кровли"
6LSdEb7sHjcz8Pjp,риэлторы,Вид услуги Деловые услуги Тип услуги,Услуги риэлтора,"Риэлтор, покупка, продажа, приватизация квартир",Услуги риэлтора,Агент по недвижимости Риелтор,Риелтор
DMxI5i6puI1gG7XI,куплю чугунные батареи,Вид услуги Вывоз мусора и вторсырья,Чугунные батареи бу скупка +,"Телевизор,электро-газовая плита,стиральная машинка",Покупаю металлолом,Металл - купим Скупаем все,Вывоз мусора / Вывоз строительного мусора
I90r8ekw5XCGaPdz,шарик с фамилией,"Вид услуги Праздники, мероприятия",Шарики на девичник,"Шар сюрприз на девичник, с фамилией","Воздушные шарики на выписку, на годик",Воздушные шары с гелием доставка 24/7,Шарики с гелием шары воздушные
UJHtysDjRr5F9pnv,змея для фотосессии,,Аренда змеи для фотосессии/мероприятий,Аренда змей для фотосессии,"Змеи с вет.справкими,кролики,ежи,аренда,фотосессия","Фотоссессия со змеей, аренда змей","Аренда животных. Совы, змеи,кролик и др"
wc3Try5CgNqVD5h5,чистка от жира труб,,Чистка вентиляции в общепите от жира,Чистка вентиляции и дымоходов,Чистка жировой вентиляции в ресторанах и кафе,Аренда Пароочистителя karcher аренда sc5,"Прочистка канализации,устранить засор,чистка труб"
ezkYdCKLEAmY6AQq,ремонт электровелосипедов маяковского 108,Тип услуги Другое Вид услуги Ремонт и обслуживание техники,"Аренда электровелосипедов, ремонт",Ремонт электровелосипедов,Ремонт электросамокатов и электровелосипедов,Сборка ремонт электро самокатов электровелосипедов,Ремонт электровелосипедов электросамокатов
rqR75HFZSam4ChoS,установка генератора с авр для частного дома,,Установка генератора для частного дома,Установка генератора для частного дома,Установка генератора для частного дома,Установка генератора для частного дома,Установка генератора для частного дома
3YE7RIdtOi8G93qL,психолог с личной встречи,,Психолог Психротерапевт Детский психолог,Психолог онлайн,Психолог онлайн,Психолог Гипнотерапевт Онлайн,Психолог. Семейный психолог. Подростковый психолог
PLmRM2FW43UI6sjO,услуги по ремонту,Кто оказывает услуги Частный исполнитель Вид услуги Ремонт и отделка,Ремонт и замена замка входной двери,"Мастер на час, сборка мебели, отделка, сантехника","Бани, Сауны, Парные- Отделка, Ремонт-Печные работы","Муж на час, ремонтные работы",Натяжной потолок частный исполнитель
iFSuskrwXXbb9sMr,модель на липосакцию,"Вид услуги Красота, здоровье",Криолиполиз похудение,Ручная липосакция,Безоперационная липосакция,Кавитация,Модель на маникюр
8I3T6HyQsdfJnD6Y,микроавтобус mercedes,Вид услуги Пассажирские перевозки,Аренда микроавтобуса с водителем. Трансфер,Пассажирские перевозки микроавтобус,Заказ Микроавтобуса. Пассажирские перевозки,Пассажирские перевозки. Трансферы. Вахта,Заказ микроавтобуса Mercedes-Benz Sprinter
NjWdw4HSKj2LmpYH,экскурсии лазаревское,Вид услуги,Экскурсии в Лазаревском,Джиппинг Экскурсии Лазаревское,Джипинг Лазаревское экскурсии,Джиппинг Лазаревское,Авторский джип-тур в Лазаревском
4XnzHXRUIOkjQkiC,настройка битрикс 24,Вид услуги Деловые услуги Тип услуги,Внедрение и настройка Битрикс 24 CRM,Внедрение Битрикс 24 доработка/обучение/настройка,Crm система / настройка битрикс / настройка амо,Crm система / настройка битрикс / настройка амо,Crm система / настройка битрикс / настройка амо
mr4dTFtmPpbGsnhq,шпаклевка потолка под покраску,Тип услуги Поклейка обоев и малярные работы Вид услуги Ремонт и отделка,"Поклейка обоев, косметический ремонт квартир",Отделка и ремонт,Шпаклевка стен и потолков,Поклейка обоев,Малярные работы
QXyD7fVQHmJYiYGd,веб приложение full,,Разработка веб приложений под ключ,Разработка мобильных приложений ios android,Разработка веб-приложений,Full-stack разработчик Telegram-боты,Создание сайтов / веб приложений под ключ
BJwu1mmLNfbUbMyY,ремонт визиографа,,"Ремонт визиографов, радиовизиографов","Монтаж, установка и настройка по визиографов",Добавьте Таких услуг мало кто оказывает,Проект рентген-кабинета для стоматологии,Аренда стоматологического кабинета м. Чистые пруды
9yqUC10izBrTtHYL,декоратор на гендер пати в аренду,,"Проведение гендер пати, гендер пати под ключ",Гендер-пати с сухим льдом,Конфетти пушка. Конфетти на Гендер Пати,Организация праздников под ключ,Gender party оформление/декор/буквы
jhqvJdOYB0SP0KqJ,скупка фотоаппаратов,Вид услуги,Скупка/выкуп фотоаппаратов/фототехники/объективов,Выкуп фототехники / скупка фотоаппаратов,"Скупка, выкуп фототехники, фотоаппаратов, объектив",Выкуп фотоаппаратов/скупка фотоаппаратов мыльниц,Выкуп фотоаппаратов/скупка фотоаппаратов мыльниц
oafeqzOkRI9YVKur,беседка с мангалом 20 человек,,Теплая беседка большая с мангалом,Аренда беседки с мангалом и бассейном,Беседка для отдыха,Беседка закрытая с мангалом аренда,Беседка-дом с мангалом
j5wgRbCsDVnyzcB2,аниматор робот,"Вид услуги Праздники, мероприятия",Яркие аниматоры и роботы для детей,Бамбалби Аниматор/Трансформеры на детский праздник,Трансформеры Аниматоры/ шоу трансформеров,Аниматоры на детский праздник,Аниматоры Диснеевские принцессы
mPK4gSrAZj905p37,стерилизация кошек,Вид услуги Уход за животными,Безопасная стерилизация кастрация кошек собак,Помогу поймать кошку или котят,Стерилизация кошек и собак,Стерилизация кошек на дому. Все районы города,Полная Стерилизация кошки
p4ngREU9heiKvIIn,сделать ногти как модель,,Модель на маникюр наращивание,Маникюр с укреплением гелем,"Модели на наращивание, гель лак",Модель на наращивание ногтей,Модель маникюр/ педикюр/ наращивание ногтей
ID8Pb908VcuS604i,химчистка колясок,,"Химчистка колясок, автокресел",Химчистка мягкой мебели и ковров без вывоза,Аренда моющего пылесоса karcher,Коляска инвалидная аренда/ прокат,Химчистка мягкой мебели
9SHgJ4auNROI1zNe,услуги по пригону авто,,Подбор и пригон авто из Беларуси в РФ,Пригон автомобиля «под ключ»,"Растаможить авто, Электронный птс, СБКТС",Автоподбор и пригон авто из Беларуси под ключ,Пригон авто из Европы Америки Kоpеи Kитaя ОАЭ
Ehy65JuWe6xLmG8F,лазерная шлифовка,,Чистка пилинг RF УЗ удаление пигментации татуажа,"Удаление тату, татуажа шрамов лазером Пикошур(сша)",Ремонт и настройка лазерных уровней (нивелиров),Прокат перфоратора.Инструмента,Аренда электроинструмента
AmkMi6ddpA4bZno1,покраска платформы,,Купальные платформы: изготовление и ремонт,Покраска кузовов и рам,Сварочные и малярные раб. Эвакуаторные платформы,"Изготовление платформ, подрамников для эвакуатора",Сварка /покраска Газель
xMQfpvZkFr9uWUPs,отбойный молоток в аренду,"Вид услуги Оборудование, производство","Отбойные молотки,бетоноломы в аренду на прокат",Отбойный молоток аренда прокат отбойного молотка,Аренда компрессора с отбойными молотками,Здам в аренду отбойный молоток,Отбойный молоток аренда
4B6AYsuQscRzdKXh,массаж на визе мужчине,"Тип услуги СПА-услуги, массаж Вид услуги Красота, здоровье",Ручной массаж на дому (р-он виз),Массаж на дому,LPG массаж. Аппаратный массаж. Вибромассаж,Оздоровительный массаж на визе,Массаж на дому
fQPTC7Eyu560d1Pu,маникюр педикюр с выездом на дом,"Тип услуги Маникюр, педикюр Вид услуги Красота, здоровье",Маникюр педикюр на дому,Маникюр и педикюр на дому,Смарт педикюр и маникюр,Модель на маникюр,"Маникюр на дому,педикюр, наращивание"
KEt9dL8enPBlaI2p,настройка бойлера кировский район,,Подолог Кировский район,Ремонт бойлеров и водонагревателей,Маникюр педикюр кировский район,Эвакуатор,Маникюр и наращивание ногтей Кировский район
i7uTMVYz9YUEsVNG,предоставим лицензию мчс,Вид услуги Деловые услуги Тип услуги Консультирование,"Лицензии мчс, Минкультуры оформление под ключ","Лицензии мчс, Минкультуры оформление под ключ","Лицензии мчс, Минкультуры оформление под ключ",Помощь в получении лицензии мчс России,Лицензия мчс Лицензия Минкультуры
ps7fQG8RdJD2tbTL,мастер по ремонту холодильного оборудования,Вид услуги Ремонт и обслуживание техники,Ремонт и обслуживание прецизионных кондиционеров,Ремонт и обслуживание чиллеров,Ремонт и обслуживание чиллеров,Ремонт и обслуживание чиллеров,Ремонт холодильников на дому Дмитров
bFoGOA7dVOHKQWnh,вскопать землю в саду,,Покос Травы/Спил Деревьев/Вспашка земли,"Вспашка земли, покос травы, земляные работы","Вспашка земли мотоблоком, сделаю красиво","Благоустройство участка, Газон под ключ",Вспашка земли мотоблоком
FyKYKNSNYzYTH1MC,установка лестниц,,Изготовление и установка межэтажных лестниц,Лестницы на заказ,Лестница,Лестница на металлокаркасе,Изготовление и монтаж лестниц пожарные лестницы
Jin2Vbqe8bYNVhNc,плавучая баня,,"Причал, пирс, понтон под плавдом, баню","Аренда акватории, Водопользование, Дноуглубление",Дом-баня на плаву,"Прокат лодка фурако, аренда лодка фурако","Подъемник для катера (понтон, плавдок)"
9D8JhYzezJ0vmQTq,наружное утепление стен,,Утепление стен. Промышленный альпинизм,"Монтаж фасадные термопанели,сайдинга",Утепление эковатой,"Утепление крыш, стен, потолков, полов эковатой","Утепление Эковатой — дома, бани, склады, магазины"
QyBtsMLtVRm6F8sQ,репетитор в вуз русский,"Вид услуги Обучение, курсы",Репетитор по русскому языку ЕГЭ,Репетитор по русскому языку 5 - 11 класс ОГЭ ЕГЭ,"Репетитор по русскому языку 9-11 класс ОГЭ, ЕГЭ",Репетитор по русскому языку,Репетитор по математике и физике
1lBtH5JUYeKb4fOB,excel макросы,,"Макросы Excel любой сложности - быстро, под ключ",Помощь в Excel - расчёты формулы макросы,"Создание таблиц, дэшбордов, макросов Excel","Автоматизация работы в excel, разработка макросов","Программирование Excel VBA, Access VBA, макросы"
kGXWrCuB2D6Y39Xc,попутная домтавка груза москва,,"Переезды,попутные грузы,город,межгород,газель",Грузоперевозки Волгодонск. Попутный груз,Переезды Грузоперевозки,Грузоперевозки,Грузоперевозки Переезд Грузчики
1IJAydnKjiVHJrj1,брусчатка тротуарная плитка купить,,Укладка тротуарной плитки Брусчатка,Укладка тротуарной плитки / брусчатки,Монтаж тротуарной плитки и брусчатки,"Укладка тротуарной плитки, брусчатки",Укладка брусчатки / тротуарной плитки с гарантией
Gd01hVM6Ie9EAmOc,оформитель,,Оформитель документов,Оформитель декоратор,Декоратор / художник оформитель,Картина,"Оформитель, менеджер, декоратор"
4adU296y2vLLgG9S,установка подъемника,,Установка автомобильных подъемников,"Установка, монтаж автомобильных подъемников",Установка монтаж и демонтаж подъёмников для авто,"Установка подъемников, демонтаж, продажа, троса",Установка автомобильных подъемников
TtSG8MIQMTdnwha8,трансфер до иркутска,,"Трансфер на Байкал по межгородам,в Монголию Китай","Аренда,Трансфер, минивэн, микроавтобус, такси","Трансфер межгород Улан-Удэ, Иркутск, Чита",Трансфер межгород,Личный водитель на личном авто
gELqTFVA1NTQmSpu,ремонт пневматического оружия,,Ремонт пневматического оружия,Ремонт пневматического оружия,Ремонт и обслуживание пневматического оружия,Ремонт пневматического оружия,Ремонт пневматического оружия
f6iaMzPo24CC3Tmb,репетитор очно математика,,"Репетитор по математике ЕГЭ, ОГЭ и ВПР очно летом",Репетитор по математике. Онлайн и очно,"Репетитор математика, физика ОГЭ, ВПР, Маткласс",Репетитор по математике (очно),Репетитор по математике и информатике
s4Lp3ZuNjeznNJnP,ремонт стекла в двери,,Реставрация ремонт двери замена стекол,"Ремонт окон, дверей. Москитные сетки",Замена задней крышки iPhone,Вскрытие замков \ Вскрыть замок \ Открыть замок \ Вскрытие дверей \ Взлом замков,Вскрытие авто. Открою ваш автомобиль. Взлом двери
siM3kbKkBBKCaZWN,оклейка фасадов,,"Оклейка фасадов, перегородок, лифтов, офисов","Оклейка пленкой витрин, стендов, фасадов",Оклейка пленкой офисных перегородок,Оклейка витрин. Реклама на окнах,Оклейка пленки пвх
zenmYGwrLabNigsI,прием металлолома на сверлова,,Вывоз металлолома,"Вывоз,утилизация металлолома",Прием радиолома,Чермет цветмет,"Вывоз металлолома, вывоз метала, чермет"
ECTeihDWcNUSKARw,баки шугаринг,"Онлайн-запись Вид услуги Красота, здоровье",Шугаринг Мужской-Женский,Шугаринг,Шугаринг,Шугаринг депиляция,Шугаринг
6R2AW4fflGK1XES7,груминг собак,Вид услуги Уход за животными,Груминг Стрижка собак и кошек,Груминг собак,Груминг кошек и собак,Груминг собак и кошек,"Груминг. Стрижка собак, кошек, экспресс линька"
NnddkV7FNPSENuiy,аренда  компьюторов и мониторов,,"Аренда ноутбука, аренда монитора, аренда принтера","Аренда съемочного оборудования в Сочи, киносвет","Аренда ноутбука, принтера, монитора, телевизора",Pioneer DDJ-FLX4 2-канальный DJ контроллер,"Аренда, Прокат Компьютера"
doLi9p9Co5zIts6w,наращеввние ресниц,,Трендовое наращивание ресниц,Наращивание ресниц,Ламинирование ресниц,Наращивание ресниц Новый город,Наращивание ресниц. Натурально и аккуратно
qjb9UQ8cKD2Rf98g,владикавказ грузчики,,Автовозы Ереван-Тбилиси-Владикавказ-Москва-Минск,Автоперевозка Ереван-Москва-Ереван-Тбилиси,Автовоз Москва-Ростов-Владикавказ,Москва-Владикавказ -Тбилиси -Кутаиси-Батуми,Автовоз Москва Ереван Тбилиси Россия Армения
Y8MYdAUKASH1OjeS,обученик ламинирование,,Ламинирование ресниц на дому,Ищу модель на Ламинирование ресниц,Обучение Ламинирование/Ботокс/Вельвет/Цветное Лами,"Оформление бровей, ламинирование ресниц",Ламинирование ресниц
R5sQCwM5eVBFntRc,сборка мебели мастер иван,Тип услуги Сборка и ремонт мебели Вид услуги Ремонт и отделка,"Мастер на час, сборка мебели, отделка, сантехника",Мастер/Муж на час/Сборка мебели- частник,Мастер на час / Сборка мебели,Мастер на час. Сборка мебели,Мастер на час
mh44izTSytUCfK1e,прополка огорода,,"Помощь на даче огороде. Прополка, уборка, полив",Ручная прополка огорода,"Уборка дачного участка,прополка, помощник по даче",Помощник по огороду,"Покос травы. Копка ям. Помощь по хозяйству, дому"
Zdx1blJsxqi2CpCi,город  лениногорск надо выкопать септик,,Выкопаем яму под туалет,"Выкопать колодец, колодец под ключ, септик",Выкопать колодец/Колодец под ключ/Септик из колец,Выкопать колодец/Колодец под ключ/Септик из колец,Выкопать колодец/Колодец под ключ/Септик из колец
TUDQq4IERCwgeiJX,элина репетитор по английскому языку,"Предмет или специальность Английский язык Кто оказывает услуги Частный исполнитель Тип услуги Иностранные языки Вид услуги Обучение, курсы",Репетитор английского языка,Репетитор по английскому языку,Репетитор по английскому языку онлайн,Репетитор по английскому языку для взрослых,Репетитор по английскому языку для взрослых
6CRnyQhtdGQnuWn3,арзамас дивеево такси,Вид услуги Пассажирские перевозки,"Трансфер Дивеево/Арзамас, такси по святыням","Такси в Дивеево, (межгород, трансфер)","Такси в Дивеево (межгород, трансфер)",Поездки Дивеево,Такси
GhXXRYEJ8mcXwB31,уроки рисования для взрослых,,Репетитор procreate/обучение рисованию на планшете,Уроки рисования онлайн. Репетитор,Обучение рисованию детей и взрослых,Уроки рисования на дому,Тренировки по капоэйре
3s6rT32z1ZbNRJ4v,вывезти диван после бабушки,,Вывоз мусора с грузчиками под ключ 24/7,Вывоз мусора,"Химчистка мебели,дивана,матраса,ковра с сушкой",Химчистка мягкой мебели,Вывезу свинец
90ydM4flSwTx6HwA,демонтаж натяжного потолка,Тип услуги Потолки Кто оказывает услуги Частный исполнитель Вид услуги Ремонт и отделка,Натяжные потолки под ключ - Без предоплаты - Замер,Натяжной потолок.Натяжные потолки,"Натяжные потолки, слив воды, демонтаж, ремонт","Натяжные Потолки, Слив воды, Демонтаж и ремонт",Демонтаж/ремонт/допы для натяжных потолков
1NCJo3S6zczUPc8G,услуги машины с фаркопом,,Ремонт стиральных машин на дому,Ремонт швейных машин,Негабаритные перевозки по хмао и янао сапровод,Грузоперевозки газель фура межгород Грузчики,Перевозка автомобилей автовозом по России
D7GG8GPCHFk15VeV,грузоперевозки улеты,,Перевозки по Городу и Краю 3-2 тонн будка,Грузоперевозки,Переезды / Грузоперевозки,Грузоперевозки 3.5 т,"Грузоперевозки. 1,5т 4 WD"
rpMvtikoEdCcyGiZ,роддом,,Сумки в роддом 3 шт,Сумка в роддом,Сумка в роддом,"Трансфер,свадьба,выписка с роддома",Гелиевые шары на выписку из роддома
ayCJqBaAPWVbJzVY,подготовка квартиры к сдаче,,"Подготовка квартиры для сдачи в аренду, продажи","Хоумстейджинг, Декорирование, Дизайн, Редизайн",Хоумстейджинг: подготовка к аренде и продаже,Репетитор по биологии,Доверительное управление недвижимостью посуточно
9kP5rbkuML2h4ry5,фотограф на венчание,,Фотограф на крещение / венчание,Фотограф на Крещение и Венчание,Фотограф на Крещение/Венчание,Фотограф на Крещение/Венчание СПБ,Свадебный фотограф фотосъемка love story венчание
SLHIXeOTPTwfzBDy,укладка межкомнатных перегородок,,Монтаж гипсокартона Возведение перегородок Ремонт,Демонтаж в квартире под ключ в Новомосковске,Укладка ламината и кварцвинила,"Демонтаж , ремонт, отделка",Ремонт и отделка
earDUlpjAhNNRrXK,аренда мольбертов для выставки,,Аренда Мольбертов для выставки,Аренда мольберта,"Аренда мольбертов, силиконовых молдов",Аренда телескопических мольбертов на мероприятие,Аренда VIP мольбертов
pcd6sQIhsSK6Vcmx,помощь в одобрении кредита,,Помощь в получении кредита. Высокое одобрение,Помощь в получении кредита для бизнеса,Помощь в получении кредита для бизнеса: ИП и ООО,Кредитный брокер. Помощь в получении кредита,Помощь в получении кредита
RumrzBrmwrw72syx,мастер парикмахер,,"Аренда места парикмахера, мастера маникюра",Аренда места для парикмахера/барбера,Аренда рабочего места для парикмахера,Аренда кресла парикмахера,Курсы для парикмахеров. Обучение
JuauGAW82g82WEup,грузоперевозки кисловодск,,Грузоперевозки по Кисловодску,"Кисловодск,Грузоперевозки,переезды","Грузоперевозки, переезды Кисловодск Межгород",Переезды Кисловодск Грузоперевозки,Грузоперевозки
8FGiC7s84ebgRf3s,земляные работы копка в ручную,,"Земляные работы, копка в ручную","Копка траншей в ручную,копка колодцев,копка могил",Ручная копка земли и благоустройство территории,Земляные работы копка в ручную,Земляные работы копка в ручную
XWIdHC0txdl0zejI,эвакуаторы пионерский,,Эвакуатор Пионерский,Услуги Эвакуатора (круглосуточно ) Пионерский,Эвакуатор Черная речка Пионерская Старая деревня,Эвакуатор Вызвать эвакуатор Отогрев автомобиля,Услуги Эвакуатора (круглосуточно) Светлогорск
SnuCmZNc5MFn1wNY,вспашка земли минитоактором в боровском районе,"Тип услуги Земляные работы Вид услуги Сад, благоустройство",Вспашка земли трактором,Вспашка земли мотоблоком,Вспашка земли мотоблоком,Вспашка земли мотоблоком,Услуги мотоблока вспашка земли
XBdWi8yA45Kzgkqn,модели на окрашивание,"Вид услуги Красота, здоровье",Модель на сложное окрашивание,Модель на окрашивание волос,Модели на окрашивание волос,Окрашивание волос модель,Модель на окрашивание AirTouch
zd8i0bE84aaIXvGX,ультразвуковая чистка зубов,,Ультразвуковая чистка зубов кошек и собак,Груминг/Стрижка собак/передержка животных,"Грумер стрижка собак, кошек и лошадей",Вакцинация животных на дому для выезда,Чистка зубов Air Flow «всё включено»
LoyH7vPuXC7lA5BI,eb,,Виза талантов (O-1 / EB-1) в США с гарантией,Сбор портфолио для визы талантов O-1/EB-1 под ключ,Сопровождение виза талантов O-1 / EB-1 под ключ,Виза талантов США О-1 / EB-1 Великобритания UK GT,"Реклама, сми, пиар, аккредитация"
bujMAl13kEigg1Ty,заказать шоу на свадьбу,,Фокусник-иллюзионист,Квест Шоу На Лимузине,Шоу балет маримар,Барабанное шоу,Шоу мыльных пузырей Ижевск
BQMgVMOj1v7lnH6a,аренда мастера,,Аренда для мастера маникюра/ педикюра,Мастер маникюра/аренда места,Место мастера маникюра в аренду,Аренда рабочего места мастера маникюра/ педикюра,Мастер на аренду
psboZhJRt6OYZoTb,подросток психолог очно,,Психолог/Семейный психолог/Детский психолог/Онлайн,Психолог по работе со взрослыми и подростками,Психолог,Консультация психолога очно в кабинете,Психолог Онлайн Очно Семейный психолог Сексолог
tlCH3mDQyXMrPCaI,репетитор химия добина мария,"Тип услуги Предметы школы и вуза Вид услуги Обучение, курсы",Репетитор по химии ОГЭ онлайн,Репетитор по химии ОГЭ,Репетитор по химии ЕГЭ онлайн,Репетитор по биологии химии ЕГЭ ОГЭ 9-11 класс,Репетитор по химии
kxQrvp6Q4lbcgeGK,декоративная штукатурка стен в квартире,Вид услуги Ремонт и отделка,"Роспись стен, барельефы, эмитация скалы, камня",Декоративная штукатурка.Ремонт под ключ. Кровля,"Ремонт квартир и комнат, Штукатур-маляр",Декоративная штукатурка карта мира,Декоративная штукатурка
X1n57qXeuvTRhBEb,адвокат по земельным вопросам,Вид услуги Деловые услуги Тип услуги Юридические услуги,Адвокат по земельным вопросам. Юрист,Адвокат по земельным вопросам. Юрист,Адвокат юридическая помощь Армавир,"Адвокат, Юрист Иванов Александр Михайлович",Услуги юриста по земельным вопросам
y9eFiiBZxGFyIkVD,ремонт окатных ворот,,Ремонт автоматических ворот,"Ремонт, обслуживание откатных, секционных ворот","Ремонт ворот,калиток,дверей,сварка",Ремонт автоматических ворот,Ремонт монтаж ворот дархан алютех
51McXnpfcpfStjmm,куплю товарные остатки одежды оптом,,"Скупка/выкуп/ товарных остатков, неликвид",Выкуп/скупка/товарных остатков,"Скупка/Выкуп/Товарных остатков, Неликвид",Скупка выкуп товарных остатков,"Выкуп товарных остатков, складских остатков"
EG5xYta0X4HDEUFT,стекольщик,Вид услуги Ремонт и отделка,"Резка, замена стёкол и зеркал на окнах, дверях, ме",Монтаж демонтаж кровати,"Мастер на час универсал, пенсионер, инженер-строит","Мастер, сборка, разборка, ремонт",Установка дверных доводчиков
mI4zjRKI3ddDrfRm,экспертиза наро-фоминский,,Экспертиза кухни в Наро-Фоминске,Выкуп авто Наро-Фоминск,Аренда и услуги автовышки,Рецензия на экспертизу в Наро-Фоминске,Оспорим экспертизу. Рецензия для суда
aQbLPnZyrqO89Q6T,косетолог чистка лица,,Чистка лица с пилингом,Модель на чистку лица,Чистка лица - сияющая кожа без высыпаний,"Косметолог чистка лица, пилинг",Чистка лица от угрей и сыпи. Лечение акне
ibUlOdV17sVBQMO2,ламинирование ресничек,,Ламинирование ресниц,"Брови, ламинирование ресниц, Халяль, перманент",Оформление бровей / бровист/ ламинирование ресниц,Наращивание ресниц и оформление бровей,"Наращивание ресниц, ламинирование"
wwLKDxPjgVhtpMde,грузоперевозки и переезды,,Переезды Грузчики Грузоперевозки Доставка,Грузоперевозки Газель Межгород Переезд Грузчики,Грузоперевозки и переезды,Переезды/Грузчики/Грузоперевозки,Грузоперевозки грузчики
hypt2ei58EgTLZbN,"репетиторство русский,математика 4 класс",,Репетиторство в начальных классах,Репетиторство.Подготовка к школе,"Репетитор начальных классов, подготовка к школе","Репетитор начальных классов, английский язык",Репетиторство для учеников начальной школы
SoC1KayKn5VUYMKZ,окрашивание волос сургут,,"Колорист.Сложное окрашивание волос,стрижки",Окрашивание волос,Окрашивание волос,"Окрашивание волос, выход из чёрного, карвинг","Сложное окрашивание волос, Блонд, Аиртач, Шатуш"
j0EflhQtj2cMOEAT,плиткорез в аренду,"Вид услуги Оборудование, производство",Аренда плиткореза 1200 мм,Аренда дизельной тепловой пушки,Кладовка в аренду,Аренда насоса для воздушных шаров,Набор для замены сайлентблоков. Аренда
W07S8Ryz6DTVRc1V,копирайтер,,Копирайтер/ сео/ написание текстов/ редактор,Копирайтер. Контент-менеджер. смм,Контекстная реклама / Ведение Яндекс Директ,Дизайн портфолио строительных работ,"Набор текстов, счетов, таблиц. Правка pdf, jpg"
Y2FCctWjzGONCrRF,монтажник опс,,"Асу тп,кип,опс, волс, ррл, Видеонаблюдение, Связь",Монтаж опс и видеонаблюдения,Монтаж опс. Видеонаблюдения,"Установка, монтаж опс, ктс, пультовая охрана",Проектирование пожарной сигнализации / апс / соуэ
yxtkwn0U4VoLrhqc,хореограф свадебный танец,"Вид услуги Праздники, мероприятия",Постановка свадебного танца,Свадебный танец / хореограф,Постановка свадебного танца,Постановка свадебного танца,Постановка свадебного танца
gMFaXa1SP0ibiIXs,консультация пк,,Консультант по пк,Сборка пк + Оптимизация и настройка пк + обслужива,Сборка пк на заказ/ разгон / обучение / подбор,Бесплатная установка винды и драйверов и сборка пк,Сборка пк на заказ
VGyLUJLE109u2oWx,выездной повор,,Выездной автосервис 24/7,Выездной сервис грузовых автомобилей,Выездной шиномонтаж (дорожная помощь),Выездной ремонт телевизоров за 1 час,Малогабаритные перевозки город/межгород Прицеп
zIM4sXKWQPk4G4IK,чермет цена,Вид услуги Вывоз мусора и вторсырья,Прием металлолома / вывоз металлолома / демонтаж,Прием и вывоз металлолома,Прием вывоз металлолома,"Вывоз мусора и вынос (мебели, боя, веток, хлама)",Вывоз металлолома
PfpBbWC1NSI1R3ic,кресло парикмахера в аренду,"Вид услуги Красота, здоровье",Парикмахерское кресло в аренду,Аренда парикмахерского кресла,Сдам парикмахерское кресло в студии красоты,Аренда кресла парикмахера,Сдается в аренду рабочее место для парикмахера
y1SpEQ00r5d2AYfc,воздушные шарики,"Вид услуги Праздники, мероприятия",Воздушные шары с гелием,Воздушные шары/ шары с гелием/ шарики на выписку,Воздушные (гелиевые) шары(шарики) с доставкой,Гелиевые воздушные шары,"Воздушные Шары/Цветы, Гелиевые Шарики"
fDFTZnNxnBT90Qjw,дом афрейм,,Дом Афрейм 6х6 для круглогодичного проживания,"Афрейм дом за 14 дней 6*6 (6х8, 6х9, 6х6) пмж",Строительство каркасных и афрейм домов,Каркасный дом 6х6м / Дом Афрейм под ключ,Дом дача шалаш Афрейм
LxUilEmQWS4RBGyE,музыка на флешке,,Запись на CD-MP3-DVD-Флешку - Audio- Video,Именные флешки на выпускной для школьников,Беспроводная блютуз колонка в аренду,Лазерная гравировка и резка металла + гибка,Гравировка на металле
FgZgS2s9kJY9xUhW,баня на озере,,Русская Баня на дровах на озере с купелью,Консультация по дому с баней на озере Увильдах,Красота и здоровье,Организация площадки на берегу озера,Путешествие на озере с баней и чаном
PJJEIx8CWFRBfnLA,строительный контейнер,Вид услуги Вывоз мусора и вторсырья,Вывоз строительного мусора контейнер 8 м3,Вывоз мусора контейнером 8м3,Вывоз мусора строительного контейнером,Вывоз мусора контейнером 8 м3,Вывоз мусора контейнером 8 м3
bmm8LDzgb21jOX1T,аренда маршрутки с водителем,Вид услуги Пассажирские перевозки,Газель на заказ. Маршрутка на заказ,Газель на заказ маршрутка на заказ,Микроавтобус на заказ маршрутка на заказ,"Аренда минивэна с водителем,туры,трансфер, 10мест","Аренда Авто с Гид Водитель, Туры по Дагестану"
Ut6XbndXV7TBeieu,3d сканер,"Срочная услуга (мультистатус) Завтра Срочная услуга (мультистатус) Сейчас Срочная услуга (мультистатус) Сегодня Вид услуги Оборудование, производство",Аренда вагончик бытовка,Срочная 3D-печать. Выжигаемый и стандартный,Высокоточная 3D оцифровка,3D моделирование и печать,Профессиональные 3D скан/печать/моделирование
3DwPXgkSfZSL3CQq,учет авто в на гибдд нюансы постановка помощь,,Постановка на учет регистрация авто в гибдд,Помощь при постановке на учет автомобиля в мрэо,"Помощь владельцам авто в мрэо, учёт, регистрация",Помощь в постановке на учет в мрэо,Помощь в постановке на учёт мрэо
QLQ3ob6QWoMuWizd,печать 3d на заказ,,FDM 3D печать на заказ,Печать на 3D принтере,3D Печать на 3D принтере,3D моделирование и печать на заказ,3D печать
eqTqIrRRP61eiuT1,вывоз мусора веток мебели хлама,,Вывоз старой мебели и хлама,"Вывоз мусора, мебели, хлама",Вывоз мусора веток хлама мебели,Вывоз мусора мебели старого хлама Новокуйбышевск,Вывоз мусора веток мебели хлама
wGbaLYJdbDXyNdmq,создать фото ии,,Создам ии фото вашего авто,Оживить фотографии в нейросети,"Ии фотосессия, нейрофотосессия",Ии мульт видео фото песни,Фотосессия с ии
Gh843nIPe6GCT6Qo,бой бетона,,Бой кирпича и бетона,Бой аэробела,Прийму грунт и бой кирпича,"Приму глину, грунт, чернозем, бой",Самоходный мобильный шредер бетон/древесина/шпалы
7VDPJLNm15oMTPV7,интимный массаж новочеркаск,"Тип услуги СПА-услуги, массаж Вид услуги Красота, здоровье",Лечебный массаж (интимные услуги не оказываю),Аппаратный массаж,"Массаж,спа",Массаж,Бразильская попка
bBOhkK3OhauHAFea,вывоз стиральных машин,,Утилизация вывоз стиральных машин премиум Miele,"Скупка, вывоз и утилизация стиральных машин",Вывоз холодильников стиральных машин и плит,Скупка и вывоз холодильников и стиральных машин,Вывоз и утилизация стиральных машин
SVFfhQTJ5W0IOJtK,теплая беседка,Вид услуги,Теплая беседка с мангалом аренда,Аренда теплой беседки с мангалом,Теплая беседка с мангалом аренда (Сормовский парк),Аренда теплой беседки,Аренда теплой беседки
XxpbtP53PDNeT0si,грузоперевозки красногорск,,"Грузоперевозки Газель фермер, Красногорск москва",Красногорск Грузоперевозки Газель Область Россия,"Грузоперевозки Газель,Форд.Доставка",Грузоперевозки газель,Грузоперевозки. Перевозки. Доставка. Межгород
8F3us4IJ1LnSXHhX,аргоновая сварка тиг,,Аргонная сварка. Сварка алюминия,Сварка аргоном. Аргоновая сварка,Аргоновая сварка.Полуавтоматическая сварка в среде,Аргоновая сварка,Аргоновая сварка
U0clXkmc7RHllTxn,реклама на грузовик,,Брендирование транспорта - быстросменная реклама,Реклама на прицепах. Реклама на Газелях,Реклама на прицепе,Реклама на газелях. Реклама на прицепе,Реклама на Газелях. Реклама на парковке
oeAqt4EyaT7YYQM3,грузчики такелажники,"Тип услуги Грузчики Вид услуги Грузчики, складские услуги",Грузчики такелажники переезд,Переезды грузчики,Грузчики/ Переезд/ грузоперевозки,Грузчики на час разнорабочие,Грузчики-Такелажники
yjNxZGkUwdxFSqG2,восстановление данных с компьютеров,,Восстановление данных любой сложности,"Восстановление Данных,Восстановление Фото и Видео",Ремонт и настройка компьютеров и ноутбуков на дому,Synology NAS сборка и настройка,"Ремонт компьютеров, ноутбуков, скупка, апгрейд"
ziSsstsJdSXWybjL,покраска рамы окна,,Покраска рамы велосипеда,"Покраска окон и балконов, пвх и Алюм, на объекте","Покраска окон пвх,пластиковых,алюминиевых","Покраска, реставрация, ремонт деревянных окон",Покраска окон
chmFN7B2avisYKEI,разбор и сборка мебели,Тип услуги Сборка и ремонт мебели Вид услуги Ремонт и отделка,Сборка и разборка мебели,Сборка и установка мебели,"Сборка мебели,сборка кухни",Сборка мебели шкаф купе столов,Сборка мебели / Сборщик мебели
sNUQMSdsgOaRyQNO,помощь в обучении в дистанционном,,Гадание приворот,Туры выходного дня в Крым в бархатный сезон,Опалубка перекрытий в аренду,Двутавровая балка в аренду,Аренда номеров для отдыха в Крыму
m6HSvVinm1CRQCim,плиточник укладка плитки,Вид услуги Ремонт и отделка,Плиточник укладка кафельной плитки ремонт ванной,Плиточник укладка плитки,Плиточник. Укладка плитки,Укладка плитки Плиточник Плиточные работы,"Плиточник, укладка плитки, ремонт ванной"
z6eZpBeaS1ZtsZ4l,независимая экспертиза электроинструмента,,Независимая товароведческая экспертиза Санкт-Петербург,Экспертиза мебели — независимое заключение,Экспертиза дтп. Выплата выше справочника,Независимая экспертиза,Независимая судебная и досудебная экспертиза
SK5Hfn8R91kYqDsa,сантехник чистка канализации,,Чистка канализации прочистка труб выезд за час,Сантехник. Услуги сантехники. Ремонт сантехники,Сантехник. Услуги сантехник. Ремонт сантехники,Сантехник. Услуги сантехник. Устранение засоров,"Прочистка канализации, устранение засоров"
JOo0YZS1mViuM6eK,услуги визажиста,"Вид услуги Красота, здоровье",Аренда места визажиста почасовая,Аренда столика визажиста,Аренда для бровиста/визажиста Гражданский пр,Визажист-стилист,Визажист
0KUO9HDVxP7tbjsa,мастер класс по созданию свечей,Вид услуги Искусство,Мастер-класс по свечам с желаниями,"Мастер-классы по вязанию, свечам и росписи",Мастер-класс по украшениям,Мастер класс по созданию украшений,Мастер класс по созданию луны с подсветкой
gJwRWz2VYpVn5ydV,кран манипулятор,,Аренда и услуги крана манипулятора,Манипулятор Кран,"Аренда и услуги манипулятора, стрела","Аренда и услуги манипулятора, стрела 3 т, 12.5 м, борт 5 т, 5.4 м",Услуги крана манипулятора
HeAp8zsXa2JBpsDm,самооборона для детей,"Вид услуги Обучение, курсы",Репетитор начальных классов /учитель каллиграфии,Уроки рисования и мастер-классы онлайн и офлайн,Подготовка детей к школе,Подготовка детей к школе,Тренировки по боксу для детей и взрослых
PfPZnJzUsiYDN5wI,установка поребриков бордюров,"Вид услуги Сад, благоустройство",Установка поребриков,Укладка тротуарной плитки,Укладка тротуарной плитки брусчатки,Асфальтирование без посредников,Укладка тротуарной плитки
CJZdcABkv2XMedeX,аренда барабанов,,Запись барабанов/барабанщик,Футеровка приводных конвейерных барабанов,Питерская школа барабанов,"Сессионный барабанщик, уроки игры на барабанах","Драмрум, аренда помещения с барабанной установкой"
c3KyUn8IolKCspbe,установка фасадных панелей,Тип услуги Фасадные работы Вид услуги Строительство,Фасад Отделка под ключ Фасадные панели Облицовка,Фасадные работы,Монтаж вентилируемых фасадов любой сложности,Монтаж сэндвич панелей металлоконструкций,"Вентилируемые фасады: комплектующие, монтаж"
DU6yQI7M8gNCq6rM,электрик в городе,Тип услуги Электрика Вид услуги Ремонт и отделка,"Электрик, электромонтаж",Электрик Шахты. Все виды электромонтажных работ,Электрик Услуги электрика Электромонтаж,Электрик,"Электрик, услуги электрика"
KYtrxIMMcZW0NkHP,грузовик услуги,Вид услуги Грузоперевозки,Переезды Грузчики. Грузоперевозки.Межгород,Грузоперевозки,Услуги грузовика Грузоперевозки,Грузоперевозки / Межгород / Вывоз мусора,Грузоперевозки бортовой грузовик и гидроборт 5т-8т
Ud0TALFIbmhKT0i5,байкал,,7-дневный летний тур по Байкалу все включено,Поездка на Байкал,Трансфер на Байкал Межгород,Отдых на Байкале,Трансфер По Байкалу и Улан-Удэ
TYC7uyul6STNYMeQ,замена модуля в светильнике натяжного потолка,,Натяжные потолки под ключ. Бесплатный замер,"Натяжные потолки. Теневые, парящие и другие",Ремонт натяжных потолков и слив воды,Сделаю офигенный натяжной потолок в Екатеринбурге,Натяжной потолок с гарантией 15 лет
zKv4PGxMyccf0sAt,тату мастер аниме,"Вид услуги Красота, здоровье",Тату,Модель на тату,"Мастер тату, прием моделей",Тату-Мастер,Татуировки
NfByNaiDwyRs6NAT,продам компанию лифтовую,,Строительство лифтовых шахт,Ремонт и обслуживание лифтового оборудования,Производство порталов обрамлений на лифт,Премиальное обслуживание лифтового оборудования,Опалубка лифтовых шахт Окскрафт
UuVnjiFhMEyPeEGo,перетяжка мебели кровати,Тип услуги Сборка и ремонт мебели Вид услуги Ремонт и отделка,Ремонт и перетяжка мягкой мебели,Ремонт и перетяжка мягкой мебели,Перетяжка и ремонт мягкой мебели,Ремонт и перетяжка мягкой мебели,Перетяжка мебели и ремонт диванов
BsjHZkrlbgJSbE0f,женский ретрит,,Женский круг Девичник Ретрит,"Ретриты и выезды, «Випассана» (йога + медитация)",Йога онлайн + Ретриты г. Москва,День рождения и девичник со смыслом,Йога ретрит в Подмосковье 27-29 марта 2026
myj53UFfKuMz0xZJ,ремонт брелка от автосигнализаций,,Ремонт брелков сигнализаций за 15 минут. Гарантия,"Вязаные брелки, игрушки ручной работы",Установка и ремонт сигнализации StarLine,Ремонт брелка,Ремонт брелоков сигнализаций при Вас с гарантией
fJCd2Hk6H4T757RO,замена люстры,Тип услуги Кто оказывает услуги Частный исполнитель Вид услуги Ремонт и отделка,"Услуги мастер на час, электрика,сантехника,ремонт",Мастер на час,Мастер на час,Электрик - монтажник,Подключение 220/380.Монтаж заземление.Измерение
U2SlDe2xYUq8HMcw,ремонт калиток,,Сварщик. Заборы. Ворота. Калитки. Навесы,Монтаж заборов навесов,Забор из профлиста. Забор под ключ. Ворота. Навес,Сварочные работы,Заборы из профнастила
KCiv8hh70p06dVHT,повышение квалификации разряд чпу,"Вид услуги Обучение, курсы","Обучение по программе ""Охранник 4,5,6 разряда""",Обучение электриков с присвоением разряда,"Обучение частного охранника 4, 6 разряда",Обучение на охранника 4 разряда,"Обучение рабочим профессиям, разряд"
HCLfvsIVGgP1cfM4,ремонт стиральных машин  гайва,,Маникюр/педикюр на Гайве,Ремонт и обслуживание посудомоечных машин,Ростовая кукла Панда Поздравление Танцы Фото Гайва,Ремонт и установка стиральных машин. Пермь,Педикюр Гайва
zFQSnzxfcdXOLKX6,ремонт торговых холодильников,"Тип услуги Холодильники, морозильные камеры Вид услуги Ремонт и обслуживание техники",Ремонт Промышленных и торговых холодильников,"Ремонт торговых холодильников, горок и витрин",Ремонт холодильников Liebherr(Либхер),Ремонт холодильников,Ремонт холодильников и морозильных камер с выездом
ealwE8tw8ZAbaOU4,аренда места стилиста,,Аренда место визажиста и стилиста,Сдаются рабочии места для стилистов,Сдаю рабочее место для стилиста - колориста,Сдается зал для стилистов,Кресло мастера в аренду
stalLo1ZdcadxOV4,висцеральный массаж обучение,,Правка живота.Висцеральный массаж,Массаж органов.Психосоматика заболеваний,"Массаж. Правка живота.Висцеральный, вибрационный",Висцеральный массаж. Эксперт по здоровью,Висцеральный массаж по Огулову/массаж лица/консуль
CT8wxFU8oHqbAqTs,master подшить джинсы цена,,"Подшить, ушить, вставить замок","Ремонт одежды, подшив, укорачивание","Подшить, зашить, ушить. Быстро",Экспересс-Ателье на Залесского,Швейные услуги
8VXxY0rsZoENZ0s7,косметолог для удаление ботокс морщин лица,,Ботокс для лица.Удаление морщин.Косметолог,"Ботокс от морщин, удаление потливости",Ботокс модели к косметологу,Косметолог / Ботокс / Диспорт. Убрать морщины,Full face ботокс
Ho5v7Zw8qqn1yRRa,чистка ковров советский район,,Стирка и химчистка ковров,"Химчистка мебели,ковров","Стирка, чистка ковров, паласов с вывозом","Химчистка ковров, ковролина, коврового покрытия",Стирка Ковров Новосибирск
3xuGRGLgFi6K0foL,мастер газовых котлов,"Тип услуги Газовые котлы, водонагреватели Вид услуги Ремонт и обслуживание техники",Ремонт бойлеров и котлов,Ремонт газовых котлов промывка теплообменников,Установка ремонт газовых котлов плит колонок счет,"Ремонт газового котла, электрокотла, колонки","Ремонт и обслуживание газового и эл.котла,бойлера"
Bz6xXGavZefjvw9X,работа кровля,,"Кровля, крыши, кровельные работы",Плоские кровли (устройство и ремонт) - мембранные,Кровля кровельные работы монтаж кровли бригада,Кровельные работы Ремонт Монтаж крыши,Мягкая кровля. Ремонт кровли
GBwT6NeWuGaqMbZZ,ремонт ванны,Вид услуги Ремонт и отделка,Реставрация ванн: качество на долгие годы Звоните,Ремонт ванной и санузла,Ремонт ванной и туалета,"Ремонт квартир, ванн туалет под ключ",Ремонт квартир
fHzIVUqS38pi3vDN,установка доводчиков дверей,Вид услуги Ремонт и отделка,Установка дверных замков и доводчиков,Установка межкомнатных дверей,Установка металлических дверей,Установка межкомнатных и входных дверей,Установка дверей
WRWYJi1r2EJP7eZ4,ресницы мега объем,,Лэд Наращивание ресниц,Наращивание ресниц Челябинск Парковый,Модель на наращивание ресниц,Наращивание ресниц модель,Наращивание ресниц
5VZbOgfHe6167MWd,конструирование ткани,,Осипова Практикум по обработке тканей,Л.В. Осипова Практикум по обработке тканей,"Лучший подарок для тех, кто шьёт",Книга Стильные шторы,"Конструирование одежды, лекала, печать"
XtqVJkF4coGYYMou,биксипластия,"Онлайн-запись Тип услуги Услуги парикмахера Вид услуги Красота, здоровье","Стрижки, окрашивание,реконструкция волос",Ищу модель -кератин&ботокс&х/в,Холодное восстановление волос,Кератиновое выпрямление волос,"Биозавивка, прикорневой объём, уход за кудрями"
ces0frMMtY6eYm21,ведущий на юбилей,,"Ведущий Тамада на свадьбу, на юбилей, корпоратив",Ведущая на свадьбу / юбилей / корпоратив,"Ведущая на свадьбу, юбилей","Ведущая /Тамада на свадьбу, юбилей","Ведущий на юбилей,свадьбу,корпоратив"
i6wlbnkURMdMFvCF,ровнитель пола работы,,"Шлифовка бетонных полов, ровнителя, демонтаж клея",Наливной пол. Выравнивание полов. Ровнитель,"Заливка полов ровнителем, стяжка пола",Заливка полов выравнивание ровнитель стяжка,Ровнитель самовыравнивающийся 20 кг
QK9cCkHWuvjvm1oQ,перенос карточек авито,,Перенос карточек Ozon / Wildberries / Яндекс,"Услуга по созданию визуала карточек Авито, WB","Создание, перенос карточек Ozon, WB (опыт - 8 тыс)",Перенос карточек товаров WB/ozon/Яндекс,"Создание карточек товара Wildberries, Ozon, ям"
LfkyBgbFRnCu7FED,смм продвижение,,Смм-Специалист/SMM Продвижение/ смм менеджер,"Смм специалист, смм продвижение, консультации смм",Смм специалист продвижение SMM менеджер,Смм специалист SMM продвижение,Смм специалист SMM продвижение
YDO8B5CxYSfBmcho,ремонт колясок cybex,Вид услуги Другое,Ремонт детских колясок Cybex,"Ремонт детских колясок, велосипедов, и т.д",Ремонт детских колясок Valco Baby,"Перетяжка ручки детской коляски Cybex priam 2,3,4",Аренда/Прокат/Автокресло/Cybex Q3-FIX/3-12л
c9OwybZSF6aH0pfu,кэп для ип,,Рутокен rutoken эцп налоговая кэп ИП ООО,Печь конвекционная Abat кэп-10,"Печь конвекционная Abat кэп-4пм, 4 уровня, 400х600","Печь конвекционная Abat кэп-4пм, 4 уровня, 400х600",Rutoken Lite чистый
2Sbufc4ECDX3Jw2b,манекюр,"Тип услуги Маникюр, педикюр Вид услуги Красота, здоровье",Мастер маникюра и педикюра,Маникюр,Маникюр и педикюр,Маникюр. Педикюр. Наращивание и коррекция ногтей,"Маникюр, педикюр, наращивание ногтей"
acSssDTbypyjxXvR,аренда авто 4 х 4 офроуд для рыбалки,,Моторные лодки для рыбалки и туризма в Карелии,Прокат моторов и лодок для рыбалки и туризма,Аренда лодки с мотором,Рыбалка на катере в Выборге до 4-х пассажиров,Базы отдыха рыбалка
SNPn4RcfCpCC8MvU,повар сушист обучение,,"Курсы. Обучение на Повара, Кондитера, Пекаря",Повар домашний/повар личный/разработка меню,В Хостел требуется Повар с проживанием и питанием,Шеф-повар: консалтинг для ресторанов и кафе,Kурсы повaров Сушистов / Курcы Повaрa Cушиста
NVt38QBkVpztV75E,ремонт ванных комнат под ключ,,Ремонт санузла / Ремонт ванной комнаты / Гарантия,Ремонт ванной комнаты под ключ,Ванна под ключ за 14 дней: укладка плитки,"Ремонт ванных комнат, плиточник",Плиточник/ремонт ванной под ключ
rMDpnU6ZV7u1sS8t,сабутыльник,,Электровелосипед аренда,Спортивный массаж восстановительный классический,"Торты на заказ, бенто,капкейки",Тесты Синергия Мои Мти Практика Отчеты ВКР Нир,Уроки по серф-скейту дети и взрослые
rWS4HLsapnqjSUIP,анализ воды,,Анализ воды в Тюмени,Лабораторный анализ воды,Подбор системы очистки воды,Анализ воды в лаборатории,Анализ Воды
lKO3W5UCg6nBbuPa,топперы,Тип услуги Другое Вид услуги Доставка еды и продуктов,"Cахарная, вафельная печать, топперы на мастике",Доставка готовой еды на заказ,Домашняя еда на заказ,Мангальщик выездной,"Доставка готовой еды, комплексные обеды. Ужины"
nHa07aE9mlA6QTSy,миофасциальный массаж,,Массаж лица.Миофасциальныи.Скульптурно-букальныи,Массаж Коррекция спины,"Массажист, спа технолог, преподаватель по массажу",Массаж,Массаж тела и лица
DJpbD3J9dM0PnFU2,ботокс дао,,"Липолитики,ботокс,носогубки",Ботокс 4 зоны 5000,Ботокс лоб глаза носогубная складка врач дермат,Кератиновое выпрямление + ботокс,Кератин Ботокс Нанопластика Восстановление
4l4lPKrg9T9eRXDk,распечатка a4,,Распечатка документов,"Печать фотографий, распечатка документов",Распечатка документов,"Печать фото, распечатка чб и цветная","Ламинирование, Распечатка документов,фото,визитки"
ZWKtxHh26j2fWhD0,методичка по верхним формам,,Методичка (учебное пособие) по наращиванию ногтей,Курс наращивание на верхние формы по маникюру,Курс по наращиванию ногтей верхние формы,Наращивание ногтей,Обучение наращиванию ногтей
9rbvkjPtRluPQb3A,плиточник плитки укладка кафельщик,,Плиточник Укладка плитки Кафельщик,Плиточник Кафельщик Укладка плитки Ремонт ванной,Кафельщики плиточники,Плиточник кафельщик Укладка керамогранита,Укладка Керамогранита Плиточник Кафельщик Сантехни
mXqUMkmsgM5aqECP,коворкинг парикмахер,,Аренда места для парикмахера beauty коворкинг,"Рабочее место для парикмахера, бьюти-коворкинг",Аренда кресла для парикмахера. Бьюти-коворкинг,Аренда кресла парикмахера. Бьюти-коворкинг,Аренда кабинета для парикмахера Коворкинг
zfkCuKgGgWN7B2Na,прочистка труб канализации,Тип услуги Сантехника Вид услуги Ремонт и отделка,Прочистка труб канализации Устранение засоров,Устранение засоров прочистка канализации,Устранение засоров прочистка канализации очистка,"Промывка труб, устранение засоров в канализации",Гидродинамическая прочистка канализации
OKXLERRv8mIo0otx,педагог по английскому языку,"Предмет или специальность Английский язык Тип услуги Иностранные языки Вид услуги Обучение, курсы",Репетитор по английскому языку для взрослых,Репетитор по английскому языку,Английский язык онлайн для начальной школы,Репетитор по английскому языку,Репетитор по английскому языку онлайн
Vv1XQWZphYboXvlu,обучение лашмейкер,,Аренда кабинетов в салоне красоты,Курсы мастер маникюра обучение,Обучение по наращиванию ресниц. Цена - качество,"Наращивание,Ламинирование ресниц,Обучение","Обучение рабочим профессиям, разряд"
xgOZQEnn1FRDS510,перевозки 5 тонник межгород,Вид услуги Грузоперевозки,Грузоперевозки 5 тонн 10 тонн фура 20 тонн,Грузоперевозки межгород попутно 1-5 тонн,Грузоперевозки газель межгород попутно,Грузоперевозки межгород попутно / газель переезды,Грузоперевозки Межгород
qklTmEl6tzAGlQmM,инструктор по вязке собак,Вид услуги Уход за животными,Инструктор по вязке собак,Инструктор по вязке,Вязка собак,Вязка собак той-терьер,Вязка черный мопс
bGBh6dl4sAA76YxU,базы отдыха рыбалка  и басейн,,Организация охоты. Рыбалка. База отдыха,Базы отдыха рыбалка,"База отдыха, отдых и рыбалка",Рыбалка и отдых,Базы отдыха рыбалка
WAOABkAjwvWvceJd,ошибка в ремонт,,"Сертификация для Wildberries и Ozon. Декларации, ту, Честный знак",Компьютерная диагностика автомобилей,Перетяжка мягкой мебели и ремонт,"Ремонт телефонов, планшетов, компьютеров,ноутбуков",Перемотка электродвигателей и трансформаторов
j1oE7cMLPYR53QEt,ремонт динамиков и акустики,"Тип услуги Фото-, аудио-, видеотехника Вид услуги Ремонт и обслуживание техники","Ремонт Динамиков Вч,Сч,Нч. Акустики Колонок",Ремонт динамиков и акустики от Good Sound,Ремонт динамиков и акустики,Ремонт эстрадных динамиков и сабвуферов,Ремонт и апгрейд динамиков
3AEf2WDRE4bwZkID,грузчики разнорабочие,,Разнорабочие/ грузчики г. Усолье-Сибирское,Грузоперевозки/грузчики/ разнорабочие,Услуги разнорабочих грузчиков,"Переезды,грузщики и разнорабочие",Переезд с грузчиками
FYPk0qI3QZXVJMDV,2d 3d ресниц классика наращивание эффекты,,"Наращивание ресниц, 2d, 3d, классика, эффекты",Наращивание ресниц молодежная мокрый эффект,Наращивание ресниц,Наращивание ресниц/LED-наращивание ресниц,Наращивание ресниц
NzAmgFxShqTzRhAY,фотостудия в центре,,Фотостудия в центре города,Выпускные альбомы. Собственная фотостудия,Детская фотостудия в аренду,Фотостудия аренда,Аренда фотостудии
Nr61WU3r1igpLgdB,подбор цвета волос,,Подбор ухода для кожи и волос,Подбор цвета,"Подбор цвета краски ""Tikkurila"" по образцу",Окрашивание волос Балаяж,"Колеровка, подбор авто краски укрывистая"
f9LFSuvp6vc5ctdd,педикюр моникюр сормова,,Маникюр. Педикюр. Сормово,Маникюр Сормово,Маникюр Сормово,Педикюр Пилочно-препаратный /Smart-педикюр/Сормово,Маникюр/Педикюр Центр Сормово
2e5T6FTIB8cXJDh6,замена заднего стекла 16 pro max,,Замена заднего стекла iPhone 16/15/14pro max/13/12,Замена стекла iPhone (ремонт iPhone),Замена заднего стекла iPhone,"iPhone - Замена крышки, заднего стекла, корпуса",Замена заднего стекла iPhone 12/13/14/15/16Pro Max
VQJGHkR4e0BXYj84,ремонт скважины,"Тип услуги Скважины, септики, колодцы Вид услуги Сад, благоустройство",Ремонт и чистка скважин водоснабжение,Бурение скважин на воду,Бурение скважин,Бурение Скважин на Воду. Чистка Промывка Скважины,Бурение Скважин цена фиксированная
Xs1X1Qjwmuu2BGl7,забрать чугунную батарею,Вид услуги Вывоз мусора и вторсырья,"Вывоз металлолома, прием лома",Сдайте металлургический скрап по высокой цене,Прием металла. Сдать металл. Самовывоз. Утиль авто,Прием чёрного лома,Прием металлолома
CGWlrj0L5f75em4d,дизайн хостела,Тип услуги Дизайн интерьеров Вид услуги Ремонт и отделка,Дизайн проект квартиры,Дизайн и ремонт домов и квартир,Дизайнер интерьера Дизайн проект Ремонт квартир,Дизайнер интерьера,"Дизайнер интерьера, чертежи + визуализация"
LzxNplnku9HNxwgW,подключить газа к участку,,Газификация под ключ,"Вывоз мусора Газ,Камаз",Расчет максимального расхода газа Чебоксары,"ГАЗ ГАЗель 3302 эвакуатор, 2020",Оформление участка от государства Земельный юрист
NgtBdCeFYDWfo45P,комплектующие для водостока,Тип услуги Кровельные работы Вид услуги Строительство,Кровельные работы,Кровельные работы,Строительство домов,Крыша кровельные работы,"Строительная бригада, ремонт строительство кровли"
Rv9yM596h15myHBU,авто разбор,Вид услуги,"Ремонт АКПП, двс, разбор бмв е53",Выкупим авто под разбор,Русификация Highlander 2026 без разбора,Русификация Highlander 2026 без разбора,Русификация Highlander 2026 без разбора
yS9xLwNXorJdaCMS,сбор пк под ключ,,Сборка пк под ключ Компьютер под заказ,"Сборка пк под заказ, подбор комплектующих",Профессиональная сборка пк под ключ,Профессиональная сборка пк на заказ,"Корпоратив на теплоходе под ключ, аренда теплохода"
ynf3AkaKxUMK8n2p,ногти омск,,"Маникюр, наращивание ногтей, педикюр в Омске",Маникюр омск,Индивидуальное Обучение Наращиванию Ногтей,"Маникюр гель-лак, педикюр,нарщивание в Омске",Маникюр Наращивание Московка-2
QL8D6VGc6J1BxCpd,покраска ворот,,"Ворота, навесы, заборы. Покраска ворот",Покраска ворот и полисадников,"Покраска ворот, металлоизделий","Сварочные работы, покраска ворот,фасадов, крыш","Покраска ворот,палисадников"
2mw4lWxfm6e2QfAf,плетение кос на праздник,"Тип услуги Услуги парикмахера Вид услуги Красота, здоровье",Афро косы,"Причёски из кос, брейды",Плетение кос,"Афрокосы, локоны, дреды",Афролоконы афрокудри дредокудри косы
slnRhcp9Sjc7mxK2,монтаж пвх панелей,Вид услуги Ремонт и отделка,Отделка ванной пвх панелями,"Отделка балконов и лоджий,мебель для балконов",Утепление балконов и лоджий с тёплым полом,Ремонт балконов и лоджий утепление,"Монтаж вытяжки, врезка мойки, установка варочной панели под ключ"
NuHaDaH8vAYeMU8R,прием макулатуры от 1 кг,,Макулатура 24 часа от 500 кг,Прием и вывоз картона макулатуры бумаги,Прием макулатуры в Москве и Московской области,Приём и вывоз макулатуры,Вывоз и прием макулатуры ЮВАО
kaRamt9VyJSaYgKW,кредитки,,Нож - кредитка,Помогу закрыть кредитку в Сбере,Помогу закрыть кредитку Т-Банк / Сбер,Отмена процентов по кредитке Сбербанк / Т-Банк,Кондиционер + установка
nCiAn8W2tVn9eloJ,закладка трассы под кондиционер,,Установка закладка трассы для кондиционеров,"Закладка трассы. Установка кондиционера, заправка",Закладка трассы Установка кондиционеров,"Монтаж демонтаж кондиционеров, закладка трассы",Установка закладка трассы для кондиционеров
dmqpdMABJNBliIFs,семейный психолог,Онлайн-запись Вид услуги,Психолог онлайн. Семейный психолог онлайн,"Психолог: отношения, выгорание",Психолог Семейный Психотерапевт Детский,Психолог Психотерапевт Личный Семейный Детский,Психолог онлайн
giWYINYh21g9VKmR,регистрация бизнеса в кыргыстане,,"Содействие в Сербии, регистрация юрлиц","ВНЖ Испании, ВНЖ Польши-корни, Регистрация бизнеса","Регистрация бизнеса ООО, ИП - Постоплата",Регистрация ИП и ООО,Регистрация ИП с бухгалтерским сопровождением
wQU42StZo9yz3vEO,поправить сайт,,"Программист, любые услуги",Изготовление памятников,Русская баня-семейная баня.Банщик на выезд,"Покраска дисков. Порошковая, пескоструй",Создание сайтов под ключ. Продвижение сайтов
VwZOcDii3QquzbG8,частичная погрузка перевозка авто,,Услуги грузового эвакуатора,Эвакуатор грузовой. Подача от 20 мин,"Грузовой эвакуатор в Кургане, эвакуация 24/7","Эвакуатор сдвижная платформа, манипулятор, мксм",Грузоперевозки газель с грузчиками
6rlldny21DtKAuF5,установка сплит-систем,,Установка сплит системы,Установка Сплит- систем. Заправка. Чистка,Монтаж сплит-систем,Установка сплит-систем,Установлю сплит систему
BiIO1F3VG1Ui7jvs,работы по саду,,"Помощник по саду и дачи, любые работы",Помощь в саду,"Помощь в Уборке сада, огорода, дачных участков",Помощь по дачному участку,Работа по участку
LFwp2tGD8umgfiAB,ногти рядом,,Наращивание ногтей стаж 20 лет Трилиссера 122,"Маникюр, наращивание на верхние формы",Аренда кабинета с окном,Маникюр/наращивание/ укрепление ногтей,"Педикюр, коррекция, наращивание ногтей Иркутск"
lKakSNjoQSSaUKoN,обрабока фото,,Оживление фото / Видео из фото / Реставрация фото,"Фото на памятник, реставрация и восстановление",Портрет на холсте по фото,"Оживление фото, создание видеороликов",Услуги фотошопа
2y7ahTKR7JSpcxFI,ремонт часов,Вид услуги Бытовые услуги Тип услуги Ремонт часов,Ремонт крупногабаритных часов,Восстановление внешнего вида часов,Ремонт GPS часов Garmin,Ремонт швейцарских часов,Ремонт механических часов
2KzUhe61bPyE1wuH,утепление крыши минватой,,Напыление и заливка ППУ утепление с гарантией,Утепление домов эковатой,Утепление эковатой,Утепление пенополиуретаном,Ремонт крыши гаража
qDbb4zZ3Ez2BcMtQ,коворкинг зиповскся,,Аренда в бьюти коворкинге / место мастера,Аренда рабочего места в бьюти коворкинге,Коворкинг аренда кабинета,Зал для семинаров и тренингов в аренду Коворкинг,Коворкинг
dwDwq1sOEjP5YwHL,репетитор по русскому языку на жби,"Предмет или специальность Русский язык Тип услуги Предметы школы и вуза Вид услуги Обучение, курсы",Репетитор по русскому языку,Репетитор по русскому языку,Репетитор по русскому языку ОГЭ и ЕГЭ,Репетитор по русскому языку,Репетитор по русскому языку ЕГЭ
wCfa1zIqMeC6GgV9,перенести данные с жесткого диска,,Правка литых и штампованных дисков,Выкуп Б/У Колес Дисков Шин,Восстановление данных удалённо,Сварка всех видов и любых металлов,"Настройка, ремонт пк (Виндовс, антивирус, чистка"
XvsMiVm9tkw3lhZp,бургеры  мини,Тип услуги Доставка готовой еды Вид услуги Доставка еды и продуктов,Бургер кейтеринг,Готовая еда,Кейтеринг фуршет гастробоксы,Кейтеринг фуршет гастробоксы,"Кейтеринг, фуршет"
WSBVrzbk2p6ZrRjt,написание отзывов в яндекс карты,,Отзывы на Яндекс карты - Продвижение в Яндекс Карт,Продвижение Яндекс Карт / Отзывы / Яндекс бизнес,"Установка точки на Яндекс картах, настройка,отзывы",Продвижение яндекс карты,Отзывы на Яндекс Карты l Google Карты l 2гис
yocWtNuql6RJxh0I,предметный фотограф,Вид услуги Фото- и видеосъёмка,Мобильный фотограф спб,"Предметный фотограф,личный бренд и контент","Предметные фото/видео,генерация изображений",Предметная фотосъемка,Предметный фотограф
Fnx2Dh5R2o6WsaHJ,грузовик аренда,,Сдам грузовик в аренду,Услуги самосвала и бортового грузовика доставка,"Услуги самосвала, грузовики",Ремонт изготовление кузовов грузовиков,"Ремонт рам грузовиков, джипов"
fCHmLrKKIOMOuEfO,няня на машине,,Автоняня или няня для ребенка,Няня авто няня,Няня на час/экстренная няня. Сопровождение,Няня на час. Няня-сопровождаются,Няня на час у себя на дому
PjaHxYtjMkvhFEI0,ремонт ps3,Тип услуги Игровые приставки Вид услуги Компьютерная помощь,Ремонт/Чистка игровых приставок PS5/PS4/PS3/Xbox,Ремонт геймпада PS5/PS4/PS3/Xbox One - Джойстик,"Sony Ps3/ Ps4/Xbox360.Установка игр,Тех Обслуж","Ремонт геймпадов и приставок PS3,PS4,PS5,xBox","Ремонт игровых приставок, геймпадов"
TUcDscHwrvpg6YOP,установка столешницы и рабочей стены,,Корпусная мебель на заказ,Изготовление столешниц из искусственного камня,"Столешницы из акрилового камня,свое производство",Обжиг дерева/столешницы и полки под заказ,"Сборка мебели, кухни, шкафы, кровати. Сборщик"
MV4d963n3ljOdY1l,мастер для сборки мебели,Вид услуги Ремонт и отделка,Мастер на дом,"Сборка, разборка, установка мебели, кухни",Сборщик мебели,"Сборщик мебели, сборка мебели",Изготовление корпусной мебели
EeyFea644gQSMuaY,репетитор по английскому языку c1,"Предмет или специальность Английский язык Тип услуги Иностранные языки Вид услуги Обучение, курсы",CAE C1 Advanced английский для репетиторов,Репетитор английского языка,Репетитор по английскому языку,"Репетитор по английскому языку (С1, С2 / CAE, CPE)",Репетитор по английскому языку
Fz5j23eO3qsGMnWp,установка кнопок на одежду,Вид услуги Бытовые услуги Тип услуги Пошив и ремонт одежды,Установка кнопок и люверсов на одежду опт,"Установка Люверсов.Обтяжка пуговиц, кнопок",Ремонт одежды на дому,Пошив и ремонт одежды,Ателье по ремонту и пошиву одежды
x32qozicU41tpJ1Z,мастер на час сборка мебели,Тип услуги Вид услуги Ремонт и отделка,Услуги мастера на час,Мастер на час Муж на час,Мастер на час-ремонт квартир,Мастер на час/сборка-ремонт мебели,Муж на час Электрик Мебель Домофоны Умный замок
Fg0RNSQOmiaLFMm4,мелкие демонтажные работы,,Любые демонтажные работы,Демонтажные работы,Демонтажные работа всех видов,Демонтажные работы,Ремонт мелкой бытовой техники
qBOFT0QgbQLLulQg,плазмотерапия лица,"Вид услуги Красота, здоровье",Лечение акне/PRP/Плазмотерапия/Плазмолифтинг,"Плазмотерапия, плазмолифтинг",Косметолог ботокс нити биоревитализация,"Плазмолифтинг, мезотерапия с выездом на дом","Плазмолифтинг,Смас,Ботокс,Липолитики,Контурная"
aFUdNBsaWC7tsZj0,ремонт стиральных машинок,"Тип услуги Стиральные, сушильные машины Вид услуги Ремонт и обслуживание техники",Ремонт стиральных машин,Мастер по ремонту стиральных машин,Ремонт починка стиральных машин,Ремонт стиральных машин на дому,Ремонт стиральных машин/ Ремонт стиральных машин на дому/ Мастер по ремонту стиральных машин
FG6m3T0sS4fD1WV7,ремонт стиральных машин на дому частный сектор,,Ремонт стиральных машин на дому частный мастер,Ремонт стиральных машин на дому,Ремонт стиральных машин на дому частный мастер,Ремонт холодильников стиральных машин на дому,Ремонт стиральных и посудомоечных машинок
UCjl6Z4TgHFLuB2z,помощь в переезде из россии,,Переезд в другой город Грузоперевозки межгород,Переезд в США,Грузоперевозки,Грузоперевозки Переезды Частник грузчики 24/7,Перевозка автомобилей по России
t8SL4Ue4cGpCpGiJ,скупка холодильников ростов,,Скупка и вывоз холодильников и стиральных машин,"Скупка\Утилизация Холодильника,Стиральных машин,тв","Скупка\Утилизация Холодильника,Стиральных машин,тв","Скупка\Утилизация Холодильника,Стиральных машин,тв",До 10 лет Скупка Утилизация Продажа Холодильников
3F4Ueb3iiJml40bc,ремонт оружия,,Ремонт пневматического оружия,Ремонт пневматического оружия,Осмотр оружия бороскопом,Ремонт пневматического оружия,"Ремонт, доработка и обвес на орбибольное оружие"
1pbeDGtu6f9MWOqK,пайка пропиленовых труб,Тип услуги Сантехника Вид услуги Ремонт и отделка,Сантехник/ Услуги сантехника/ Сантехника под ключ/ Сантехник на дом/ Вызов сантехника/ Замена труб,Услуги сантехника и Сварка,Услуги сантехника,"Гидродинамическая прочистка труб, круглосуточно",Услуги Сантехника Отопление водоснабжения
KzFnbph8vrT6e2d2,военное право юрист,,Военный юрист / юрист по военному праву,Военный юрист-врач. Юридическая помощь военным,Военный юрист. Консультация,Военный юрист,Военный юрист
zWsT6Bqj3tZ7n1JZ,услуги грузоперевозки,Вид услуги Грузоперевозки,Грузоперевозки газель межгород частник,"Грузоперевозки,город межгород",Грузоперевозки,Грузоперевозки,Грузоперевозки. Грузчики
1XsXYJ5yt461pQ06,подготовка основания,Вид услуги Строительство,"Установка поребриков,бордюров,подготовка основания",Бетонные промышленные полы под ключ,"Фундамент/основание под забор, ленточное основание","Планировка участка- Выравнивание,работаем с НДС","Бетонные отмостки, площадки, бетонные работы"
ALPx0J8it9TJYKZH,ботокс в жевательные мышцы,"Вид услуги Красота, здоровье","Ботокс для лица,диспорт,релатокс",Ботокс для лица full face,Ботокс,Ботулинотерапия Ботокс Full Face,Кератин и ботокс волос
eWO4h8diKxQRysMj,резка оргстекла,,"Лазерная резка деталей из оргстекла, уф печать","Оргстекло прозрачное 2,3,4,5,6,8,10 мм 3050х2050мм","Лазерная резка, гравировка, фрезерная резка",Лазерная резка неметаллов,Лазерная резка
ShysmrhNvQZKkGdA,копать,,"Землекопы Любые земляные работы, все коммуникации",Копка колодцев,Землекопы.Копаем траншеи вручную,Калодцы септики дренажи,"Копка огорода, теплиц.Посадка растений. Уборка тер"
iRrxPA4lRGEpDfXk,очистка скважин,"Вид услуги Сад, благоустройство",Бурение скважин на воду,Бурение абиссинских скважин,Бурение скважин на воду мбгу,"Фильтры для колодцев и скважин, поставка и монтаж",Бурение скважин на воду
Zn6AmHqMfqZODA1n,выравнивание пола гараж,,Ремонт гаражей,Двухроторная затирочная машина Vektor vtmg-800,Затирочная машина,Ремонт гаража,Шлифовка бетона. Ремонт бетонных полов
4mG1Df6LbyxgQ30C,попутчики дмитров,Вид услуги Пассажирские перевозки,"Автобусы 50 мест, пассажирские перевозки",Микроавтобус 8 пассажирских мест,Пассажирские перевозки в Твери,"Междугородние пассажирские перевозки, трансфер",Пассажирские перевозки сидя и лежа
qadHbGMsIQmTu6lY,бригада строителей ищет работу,Вид услуги Строительство,Бригада строителей ищет работу,Бригада строителей ищет работу,"Бригада строителей, все строительные услуги",Бригада строителей плотников,Бригада строителей
TarQOQ2pnO4ffnJy,покраска фанеры,,"Крашенные фасады из мдф, покраска лдсп,фанеры","От чертежа до покраски, чпу токарная фрезерная, ра","Покраска, изготовление мебели мдф кухонных фасадов","Столярная мастерская ""От чертежа до покраски""",Покраска мдф шпон массив
8BzJQ4YWF9ACZCm7,лоб,,Басс гитара Bahuss custom,Ботулинотерапия,Ботокс в Пензе Безопасное омоложениекосметолог,Плюшевые куклы,9 шт Диафильмы СССР
Gmil0VL2cXwbaFCH,master гофра поменять,,Аренда Осушителя воздуха Master DH751,Осушитель воздуха Master DH 752 в Аренду,Аренда тепловой пушки,"Мастер, поменять Замки, Ручеки",Замена гофры глушителя для Hyundai
Z7A3A0CQnUD38fQd,аренда чана на колесах нахабино,,Банный чан на колесах аренда,Чан на колесах в аренду,Баня на колесах и банный чан аренда Бурятия,Аренда чана на колесах мобильный чан на прицепе,Баня на колесах аренда. Чан на колесах аренда
Y4In9PXIkUbuzPJk,установка и настройка iptv телевидения,,"SMART TV iptv Плейлист 1500 тв, фильмы, playlist","Настройка телевизора: iptv каналы,кино 4К","Прошивка тв приставки, телевизоров, роутеров","Настройка Android TV, iptv. Выезд сейчас","Настройка Смарт тв Прошивка, Kinopub, Zona, Lampa"
JMRpEFSK5JErpIu9,огэ по математике онлайн,,"Репетитор по математике лето онлайн. ЕГЭ база,ОГЭ","Репетитор по математике ОГЭ — онлайн, фипи",Репетитор по химии и математике: ОГЭ/ЕГЭ/дз,Репетитор по математике. Подготовка к ОГЭ,"Репетитор по математике 5–9 классы, ОГЭ"
kFxRsLh90onR4OLK,права на квадроцикл,"Вид услуги Обучение, курсы",Права на квадроцикл. Квадроцикл обучение,Обучение на квадроцикл,Права на квадроцикл,Права на квадроцикл,Обучение на права тракториста
0E3XH9ZmuossXRDy,посуда в аренду,,Посуда для фуршета в аренду,"Аренда посуды, бокалов, столовых приборов",Аренда посуды для фуршета,"Аренда посуды, приборов, барного стекла",Аренда мебель посуда
TWN2RD6Mo9RpMVyM,переезды тула,,Грузоперевозки переезды грузчики,Грузоперевозки и переезды межгород от 500 км,Переезды грузоперевозки вещей,"Грузоперевозки Газель Тула,Переезды",Грузоперевозки газель Переезды
DlGvAJGnEqT0BqcO,ремонт электроэпилятора,,"Ремонт всех хешплат. T21/S21, L7/L9, Bluestar, KS",Ремонт и бронирование лодок пвх,"Ремонт детских колясок, сложные ремонты",Ремонт квартир под ключ,Ремонт асиков Whatsminer Bitmain Гарантия 30 дней
7FPzc8qkuxdBkdfL,электролаборатория измерения,,Электролаборатория. Испытания. Измерения,"Электролаборатория, техотчёт, измерения, Заземлени","Электролаборатория, техотчёт, измерения, Заземлени","Электролаборатория, техотчёт, измерения, Заземлени","Электролаборатория, техотчёт, измерения, Заземлени"
zG9Friq3Oxfn5ePv,до школьный репетитор,,Подготовка к школе /Логопедия/Репетитор,Репетитор по английскому языку (онлайн),Индивидуальные проекты помощь в оформлении,Репетитор по китайскому для детей и взрослых,"Проверка на Антиплагиат вуз, рерайт, повышение оригинальности до 70-90%"
Y9sdO7l8HOXFPida,ремонт кожаных изделий уфа,,Химчистка и ремонт обуви и кожаных изделий,"Реставрация,покраска, чистка кожи и меха",Ателье у Натальи,"Ремонт, подгонка одежды",Реставрация сумок / кант / урез
O5p17mT1oMXeGW3B,выезд из дорожных плит,,Укладка дорожных плит в Московской области,"Асфальтирование, ямочный ремонт, благоустройство",Асфальтирование укладка асфальта ямочный ремонт,Асфальтирование и укладка брусчатки,Благоустройство территории
xDyjXWx1nWNHPNrk,вывоз мусора 1 куб,,"Вывоз мусора в Подольске 8 куб, 20 куб, 27 куб",Кеска контейнер 7 - 30 кубов вывоз мусора,Вывоз мусора контейнером 8 куб.м,"Вывоз мусора контейнером, газелью и самосвалом","Вывоз мусора контейнером, газелью и самосвалом"
S31JareEcbdRDxKm,мужская депиляция,,Мастер мужской депиляции. Глубокое бикини,Мастер мужской депиляции воск Бритье. Лисиха,Депиляция,Депиляция женская и мужская(шугаринг/воск),Мужская / женская депиляция / шугаринг
HE5XyqQ0AWzmWrIZ,сборщик кухни леруа мерлен,Вид услуги Ремонт и отделка,"Мастер на час, выезжаю лично",Сборка кухонь под ключ,Сборщик мебели,Сборщик мебели и ремонт мебели,Сборщик мебели
5LRtgCGMHTBRSFca,прокачу на машине,,"Обучение нейросетям, ии 1-на-1 с наставником",Ремонт Стиральных машин - на Дому,"Ремонт стиральных машин на дому Работаем аккуратно, с гарантией",Ремонт стиральных машин на дому,Ремонт стиральных машин Euronova RAU7avqvhf
npqSKS50ffwnOVcw,книжный клуб,,"Книжный клуб ""Сафо""",Книжный клуб,Книжный клуб Барби,Книжный клуб СПб,Книжный клуб «От сердца к сердцу»
YPKGO82tC5eme5Op,изготовление бортов кузова,,Ремонт изготовление кузовов грузовиков,Услуги аренда Кран борт 12 тонн,"Аренда и услуги манипулятора, стрела 3 т, борт 10 т, 9 м","Кран-борт, монтажная люлька","Грузоперевозки, услуги кран борта (манипулятор) 5"
Kr3zwOIikwXwZF95,починка iphone,Тип услуги Мобильные устройства Вид услуги Ремонт и обслуживание техники,Ремонт iPhone Ремонт телефонов Apple,"Ремонт iPhone. FaceID, пайка",Ремонт iPhone Ремонт телефонов,Ремонт iPhone Замена корпуса,Ремонт iPhone Замена вибромотора Ремонт телефонов
3pXVjCOw3F6d5nIB,самооборона тренер,,Обучение боевым техникам самообороны,Тренировки по спортивной борьбе брагино,Персональный фитнес тренер,Фитнес тренер,Тренер по хоккею
7Z6pVOgjQUkxKhxA,шлифовка фанеры под ламинат,Вид услуги Ремонт и отделка,Циклевка паркета/Шлифовка паркета/Шлифовка фанеры,Шлифовка деревянных полов и паркета,"Укладка ламината инженерной доски, Циклевка","Циклёвка паркета, шлифовка, ремонт","Укладка ламината, инженерной доски, Циклевка"
RfQQXKwYgr8Ba4fd,репетитор по гитаре канищево,"Вид услуги Обучение, курсы",Репетитор Гитара Электрогитара Укулеле Клавиши,"Преподаватель по гитаре, репетитор по гитаре",Уроки игры на гитаре/Обучение на укулеле/Репетитор,Обучение игре на гитаре в Рязани и дистанционно,Услуги репетитора по гитаре (цена договорная)
ZRedatvzqTtMBjDg,аренда места лэшмейкера,"Вид услуги Красота, здоровье","Аренда визажного стола, кушетка лэшмейкера",Аренда рабочего места для лэшмейкера,Бьюти коворкинг для лэшмейкера,"Аренда места бровиста, ламимейкера, лэшмейкера",Аренда рабочего места для лэшмейкера
4yqUIH9cFRyXelLr,демонтаж внутреннего блока кондиционера сплит,,Установка и продажа кондиционеров,Демонтаж кондиционера Монтаж Снять кондиционер,"Монтаж кондиционеров,сервисное обсл-я,продажа",Монтаж и продажа кондиционеров,Демонтаж кондиционеров
B0q0yJ436WWRSDtu,карта т-банк 1500,,Карта т банк,500р на т банк,Отмена процентов т банк,Отменю проценты по кредитной карте Т-Банк/Сбер,Помогу закрыть кредитную карту Т-Банк / Сбер
Ld8w9WDCOSZVeS0K,помощь восстановить айклауд,,Реставрация старых фотографий,Ремонт и реставрация гитар и других струнных,"УАЗ Профи 2.7 MT, 2023, 33 000 км",Открытки по вашему запросу,Помощь на участке / даче / уборка территории
C2xGyfAdJCWu6Pxd,печать на бумаги,,Печать на Банере/Плёнке/Холсте/Бумаге/Пластике,Печать наклеек на плёнке и бумаге в Тюмени,Печать подарочных сертификатов и открыток в Тюмени,"Печать фото, печать на подушках",Печать логотипа на папках и конвертах в Тюмени
PUVnRk1sw2JLUY9H,расчистка участка от деревьев и кустарников,"Вид услуги Сад, благоустройство",Расчистка участка от деревьев и кустарников,Расчистка участка от деревьев и кустарников,Расчистка участка. Демонтаж. Благоустройство,Спил деревьев расчистка участка,Расчистка участка под ключ
FpB8lmHYpd7fRs2z,изготовление пружины на заказ,"Вид услуги Оборудование, производство",Изготовление пружин в день обращения,Изготовление пружин доставка,Изготовление пружин на заказ,Изготовление пружин на заказ,Изготовление пружин на заказ
Y94NPLz5Z5qCBTNH,мастер по газовым колонкам,"Тип услуги Газовые котлы, водонагреватели Вид услуги Ремонт и обслуживание техники",Ремонт водонагревателей / газовых колонок,"Ремонт газовых колонок, водонагревателей, котлов",Ремонт газовых котлов и колонок,"Ремонт газовых котлов, колонок Гарантия",Пайка радиаторов газовых колонок
saCyItndTLitIWBG,прочистка канализации устранение засора чистка труб,Тип услуги Сантехника Вид услуги Ремонт и отделка,Прочистка канализации устранение засоров,Прочистка канализации. Устранение засоров 24/7,"Прочистка канализации,засоров.Чистка труб 24/7",Прочистка канализации.Устранение засора24/7.Камера,Прочистка канализации.Засор в трубе.устранение
lTMRSKKg5utbqjpp,катание в санях на лошади,,Катание на лошадях,"Сани деда мороза, катание на санях, тройка",Катание на лошадях,"Катание на пони, лошадке",Прогулки на лошадях в карете и в санях по Суздалю
JwNOjFaIjzrYQiuS,аренда шлифовальной машины по бетону,,Аренда мозаично-шлифовальной машины по бетону,Аренда мозаично-шлифовальной машины для бетона,"Аренда шлифовальной машины по бетону, по дереву",Шлифовальная машина по бетону в аренду,Шлифовальная машина по бетону
6jkzb5eLutcnIrV1,услуги автовоза из москвы,Вид услуги Грузоперевозки,"Автовоз Москва - Ижевск, Услуги автовоза, Отправка из Москвы","Автовоз Москва - Ижевск, Услуги автовоза, Отправка из Москвы","Автовоз Москва - Тюмень, Услуги автовоза, Отправка из Москвы","Автовоз Москва - Чебоксары, Услуги автовоза, Отправка из Москвы",Автовоз Москва - Тюмень. Услуги автовоза точно в срок. Отправка из Москвы
S6zM6hiHF0XCrrdt,химчистка ковров на дому чистка ковров,,Химчистка ковров / Химчистка ковров на дому,Химчистка ковров / Химчистка ковров на дому,Химчистка ковров / Химчистка ковров на дому,Химчистка ковров Чистка ковров ковролина на дому,Чистка ковров. Химчистка ковров
9ALISh5aKXxaYu8W,подбор швей из бангладеш / индии»,,Рабочие из Бангладеш и Индии для вашего бизнеса,Рабочая сила из Бангладеш и Индии,"Рабочие из Индии,Бангладеш Шри-Ланка, Африки и др",Рабочие из Бангладеш и Индии,Работники из индии
CfvJgiViwTB3rETK,ремонт сабвуферов усилителей,,"Ремонт усилителей, активных сабвуферов","Ремонт динамиков, сабвуферов, усилителей автозвук","Ремонт усилителей звука, AV-ресиверов, сабвуферов",Ремонт Усилителей,"Ремонт Hi-Fi, HI-End техники, car audio техники"
dBFfjRPAQeuDNlCe,услуги по недвижимости,,Агент по аренде недвижимости удаленно,"Юрист по недвижимости, новостройки",Кредит под залог недвижимости,Юрист по жилищным вопросам / недвижимости,Оценка недвижимости для ипотеки сегодня
23IAsf1JJTMdc8Lh,поднятие дома установка венца,Тип услуги Строительство домов под ключ Вид услуги Строительство,"Строительные работы, бригада строителей",Все виды строительных работ,"Дом "" под ключ"" или поэтапно",Бригада строителей,"Строительство домов, коттеджей"
nciq3kc00LWfFO97,миграционные услуги,Вид услуги Деловые услуги,"Перевод документов, миграционные вопросы","Миграционный юрист, адвокат, РВП, ВНЖ, Гражданство","Визы, ВНЖ, РВП, Гражданство. Миграционный юрист",Въезд выезд за миграционной картой на границу,Юрист по миграционным вопросам
rhS3IeszsG7OuXlY,асфальтирование укладка асфальта,"Тип услуги Дорожное строительство Вид услуги Сад, благоустройство",Асфальтирование. Укладка асфальта,Асфальтирование укладка асфальта бордюрная камень,Асфальтирование укладка асфальта благоустройство,Асфальтирование укладка асфальта благоустройство,Асфальтирование укладка асфальта благоустройство
P9DjKGza6UL0kYOi,беседка с сауной и мангалом,,Аренда беседки с мангалом на природе до 6 человек,Аренда беседок с мангалом на мероприятие на 20 чел,Аренда теплой беседки с мангалом,Территория для отдыха с сауной и теплой беседкой,Теплая беседка с мангалом аренда (Сормовский парк)
PBo6s2vGDD3uiXlJ,беседка за городом,,"Тёплые Беседки с мангалом на Ватутина, корпоратив",Аренда теплой беседки с мангалом (снять беседку),"Аренда беседки с мангальной зоной,отдых на природе",Теплая беседка,"Аренда теплой беседки, баня, второй день свадьбы"
YTcIDG5WRN44eJl0,ремонт ручек окон,,Ремонт пластиковых окон,Ремонт пластиковых окон и дверей,Ремонт окон и дверей пвх,Ремонт пластиковых окон И дверей,Ремонт пластиковых окон любой сложности
bOgoxbbiLv8B1U40,сварщик для установки замка в гараж,,Сварщика услуги,Аттестация сварщиков накс,Сварочные работы услуги сварщика на выезд,Подготовим и освободим ваш гараж к продаже,Услуги сварщика с выездом
gPcNWckxBKMiCARz,газель 6 метровая по городу,,Грузоперевозки газель переезды,Грузоперевозки газель 6 метров,Грузоперевозки газель 6 метров,Грузоперевозки газель Переезды,"Перевозки газель по городу,Межгород"
VoON6NSX47YzUnUK,аниматор единорожка,,"Услуги аниматора, аниматор на милан, единорожка",Детский аниматор,"Аниматоры, Шоу Мыльных пузырей, Крио, Азотное шоу",Аниматоры,Аниматор на день рождения / праздник
kwN9lUq32L3x8VOM,репетитор для зрослыму,,Репетитор по обществознанию,Репетитор по обществознанию и истории ЕГЭ ОГЭ,Репетитор по физике,Репетитор начальных классов,Репетитор
JngF5olRZTJiI3CU,перертяжка дивана,,Перетяжка диванов в Москве и области с Гарантией,Ремонт дивана. Замена механизма в диване. На дому,"Ремонт диванов и реклайнеров ""Britannica""",Химчистка диванов,Ремонт диванов и кроватей на дому
eJ0zQbXiq74YKM2w,бурение под сваи,,"Бурение под сваи CFA, нпш","Грунтовые сваи Бурение, забивка устройство Ж/Б сва","Аренда ямобура, услуги ямобура, установка опор","Вдавливание/забивка свай, Буронабивные сваи, Шпунт",Арeндa ямобура
dZDw5OmSKxVuqgtF,бункер для мусора,Вид услуги Вывоз мусора и вторсырья,Вывоз мусора. Бункер для мусора. Демонтаж зданий,"Вывоз мусора, газель. Контейнер,бункер для мусора",Вывоз мусора контейнером 8м3,"Вывоз мусора, строительных отходов",Вывоз мусора
nY3yIj7dniODNOyE,консультация в it,,Надежная IT-поддержка бизнеса в Москве,Сисадмин. Системный администратор. IT аутсорсинг,Бухгалтер для IT-компаний,Устрою в IT за 4 месяца,"IT-юрист, ит-юрист, Юрист в сфере ит"
qRFyMEuTnONu8ZA2,установка акриловый вкладыша в ванну,Вид услуги Ремонт и отделка,Реставрация ванн акриловым вкладышем,Акриловый вкладыш с доставкой и установкой,Реставрация ванны - акриловый вкладыш,Реставрация ванн (акриловый вкладыш/жидкий акрил),Реставрация ванн наливным акрилом
pcneCVVTF9vzf3cJ,бенто торт гидрострой,Тип услуги Другое Вид услуги Доставка еды и продуктов,"Бенто-торты, торты, чизкейк, десерты",Торты на заказ Бенто торты Десерты,Торты на заказ с доставкой,Торты на заказ,Бенто торты капкейки
8GyLBhZOpVK1oHoc,спа массаж для двоих,,Спа массаж для двоих,"Спа для двоих, спа свидание, массаж для двоих",Спа-программы и массаж для двоих,Парный массаж для двоих в спа-салоне,"Спа для двоих, массаж для пар, свидание вдвоем"
1T5DBnD1gAOT2Sc3,ремонт майнеров t21,,"Ремонт asic майнеров,бп блоки питания,кпу,платы",Ремонт асик майнеров всех моделей S21 L7 M50 M30,Ремонт asic/ асиков майнеров Whatsminer / Antminer,"Ремонт хеш плат S19, T21/S21, L7, M50, M60,DG1, L1",Ремонт asic майнеров
TOwrHQ9rk1xAs6r5,жесткий буксир,,Техпомощь на дороге,Жесткая сцепка. Аренда. Буксировка без водителя,Жесткая сцепка для легковых авто аренда,"Застряла машина, вытащить, фура, трактор, грузовик","Жёсткая сцепка от 2, 3 тонн"
Zrn1ITAQIxpvQut1,ремонт швейцарских часов,,Ремонт швейцарских часов,Ремонт швейцарских часов любой сложности,Выкуп Ремонт швейцарских часов,Ремонт швейцарских часов,Ремонт швейцарских часов
Y7gTayCa9WrwZycY,пассажирская газель,Вид услуги Пассажирские перевозки,Пассажирские перевозки на газели,Пассажирские перевозки газель,"Заказ автобуса,заказ газели Пассажирские перевозки",Пассажирские перевозки газель,Пассажирские перевозки
VVMzWYXevP14CyJz,аренда тележки,"Вид услуги Оборудование, производство",Аренда грузовой тележки до 250кг,Аренда грузовой тележки,Аренда тележки рохли платформы двухколесная,Аренда грузовой тележки,Тележка двухколесная для перевозки грузов в прокат
j9e516VaxeOLjJFv,танцы старинные,,Ирландские танцы в Новокузнецке,Хореограф Свадебный танец Школьный Вальс,"Танцы для девушек, танцы для взрослых",Восточные танцы для детей и взрослых,Обучение танцу линди-хоп в Новокузнецке
Cj9t9ItVZuVTIekg,изменения в птс,Вид услуги Деловые услуги Тип услуги Консультирование,Постановка на учет в гибдд регистрация автомобиля,Постановка на учет в гибдд внесение в птс тюнинг,Регистрация автомобиля в гибдд,Оформление Документов в гибдд,Регистрация изменений в конструкции тс
J8qXa4Ac8jy2EO7P,замена резинок на окнах,Тип услуги Окна и балконы Вид услуги Ремонт и отделка,Ремонт и установка пластиковых окон,Установка и ремонт окон,"Балконы любой сложности, окна, перегородки",Ремонт Пластиковых Окон Дверей Регулировка Обслуживание пвх Окон Дверей Замена резинок,Ремонт окон и дверей
CzkQIAKTeWZbXO5e,наращивание ресниц путилково,,Наращивание ресниц,Наращивание ресниц и ламинирование ресниц,"Наращивание ресниц, LED - Наращивание ресниц",Наращивание ресниц,LED-Наращивание ресниц
4sZmLtWMv4WO4zS3,химчистка ковра,Вид услуги Уборка,Химчистка ковров / Химчистка ковров на дому,Эко химчистка ковра и ковровых покрытий на дому,Химчистка ковров / Озонирование ковра,Химчистка ковров / Химчистка ковров ручной работы,Химчистка шерстяных ковров в Реутове
3sMjQpuU4AOGJsXI,аэропорт нальчик,,Такси межгород (Кбр-Кавказ),"Трансфер из аэропорта Минеральные Воды, Нальчика",Трансфер встреча в аэропорту экскурсии,Нальчик Такси Аэропорт Трансфер Эконом Комфорт,"Нальчик, жд Аэропорт Перевозки Такси Трансфер"
fGoQGAhiMLUMXH20,тренер по большому теннису,"Вид услуги Обучение, курсы",Тренер по теннису,Спарринг партнёр по большому теннису,"Тренер по большому теннису, спарринг партнер",Тренер по большому теннису,Тренер по большому теннису/паделу
jjmjwsE6jUA88Y91,акт проверки дымоходов и вентканалов,,Акт вдпо проверка вент каналов и дымоходов,Чистка вентиляции дымоходов,Вентиляция для газа. Акт первичного обследования,Чистка дымоходов и вентканалов,Изготовление и монтаж вентканалов и дымоходов
7cir2rgaba9yWm1o,арнда машины на свадьбу с водителем,Вид услуги Пассажирские перевозки,Личный водитель на автомобиле бизнес-класса,Аренда авто с водителем на свадьбу,Прокат/Аренда авто Mercedes на свадьбу с водителем,Аренда авто на свадьбу.Прокат авто с водителем,Прокат авто Mercedes с водителем на свадьбу
IEAnTDKrsfhh0d8S,резка камня,,"Резка керамогранита, гидроабразивная резка","Гидроабразивная резка керамогранита, Запил под 45","Алмазное бурение отверстий, резка стен, проëмов",Алмазное бурение,Резка плитки: Отверстия. 45 градусов. Вальцовка
GEYQSF404haa3KGc,димитровград,,Тент водонепроницаемый материал. В Димитровграде,Вяленая сушеная рыба. Димитровград,Портрет на холсте по фото Димитровград,Горбыль,"Юрист удаленно, г. Димитровград"
TSC2tDeG8XOgiYFi,прием чугунных ванн,Вид услуги Вывоз мусора и вторсырья,Покупка металалома вывоз демонтаж ванн батарей,Прием вывоз металлолома,Прием и вывоз металлолома,Закупаем Чугунные Батареи б/у,Прием лома черных и цветных металлов
HjYHRZaj5RAnDX8o,лестница трансформер аренда,"Вид услуги Оборудование, производство","Аренда Лестницы трансформер, стремянка",Аренда лестницы и вышка тура,В аренду Лестница трансформер 6 метров,"Аренда лестницы, прокат стремянки",Аренда лестницы. Аренда Вышка-тура.Леса
SGfbde3wf7YTasX3,карлик на мероприятие,,Лезгинка на мероприятие. Кавказские танцы,"Художник на мероприятие, корпоратив, аниматор","Шоу барабанов на праздник, свадьбу, корпоратив",Восточные блюда,Профессиональный DJ на свадьбу и корпоратив
Li9KtqJG7gA9wUKW,ремонт инвернторных микроволновых печей,,Ремонт микроволновых печей. Ремонт свч печей,Ремонт микроволновых печей. свч печей и грилей,Ремонт микроволновых печей,Ремонт кофемашин и микроволновых печей,Ремонт микроволновой печи на дому
6OnYmGqbkQpTasyP,шиномонтаж электросамокатов,Тип услуги Другое Вид услуги Ремонт и обслуживание техники,Ремонт электросамоката электровелосипедов,"Ремонт электросамокатов, электровелосипедов и тд","Ремонт электросамокатов, моноколес, сигвея",Ремонт электросамокатов и электровелосипедов,Ремонт электро самокатов
me7IrnK5Kp42iT5Z,репетитор французский язык,"Предмет или специальность Французский язык Тип услуги Иностранные языки Вид услуги Обучение, курсы",Репетитор по французскому языку онлайн,"Репетитор, английский язык, французский язык",Репетитор по французскому языку,Репетитор-носитель французского языка,Репетитор по французскому языку онлайн
2aTzHitmmW2BVt5W,установка системы умный дом,,Умный дом под ключ,Умный дом,Установка умного дома,Умный дом,"Умный дом - свет, климат, шторы и безопасность"
SYh8q0d2mqjjOYFT,223 фз юрист,,"Юрист 44-фз и 223-фз жалоба, фас, рнп, суд, арбитр","Юрист 44-фз 223-фз жалоба, фас, рнп, арбитраж, суд","Юрист по госзакупкам, 44-фз, 223-фз, в Тихвине","Юрист по госзакупкам, 44-фз, 223-фз, в Кронштадте",Юрист по госзакупкам 44-фз и 223-фз
mpdVlByofBwddntq,присмотр за детьми,"Вид услуги Няни, сиделки",Присмотр за детьми,Сиделка.Домработница. няня,"Няня, гувернантка, домработница, сиделка",Нейроняня (развивающие занятия),Услуги няни для ребенка
To0hxgL3Ox1765d1,модель на аппаратный массаж,,Аппаратный массаж антицеллюлитный,Модель на чистку лица Барнаул,Аппаратный массаж тела и лица,Ищем моделей на подтяжку животика,Курс аппаратный массаж. Обучение
sUJwf3mArGLRaQsI,куплю стиральные машины на запчасти,,Ремонт стиральных машин / Ремонт стиральных машин с выездом на дом,Ремонт стиральных машин на дому,Ремонт стиральных машин на дому,Ремонт стиральных машин,"Ремонт стиральных машин автомат, мастер с выездом"
wv19IXUVLobm9EcY,пробивка номеров на шильдингах,Кто оказывает услуги Частный исполнитель Кто оказывает услуги Компания,Русская баня на дровах с мангалом и банный чан,"Спа процедуры, спа салон","Уютная, комфортабельная баня с окном, Чан(Купель)",Косы плетение,Услуги маникюра на дому
Fi2wf7eWFxMrMKHc,установка откотных ворот,,Ремонт автоматических секционных подъёмных ворот,Ремонт и установка рольставней ворот,Ремонт рольставень и секционных ворот,"Установка забора из профлиста,откатные ворота","Ворота, калитки, забор, навесы,сварочные работы"
qGubPW5JlfSTkXqJ,печать фото книг типография,,Типография печать книг,Печать книг большим и малым тиражом в Москве,Печать брошюр. Печать книг. Печать буклетов,"Верстка и дизайн книг, буклетов, каталогов",Контрактная печать книг от 1 экз. кбс / шкс / 7БЦ
2Vcxsswu3UtylapY,изготовление ортопедических стелек модель,,Изготовление индивидуальных ортопедических стелек,Изготовление индивидуальных ортопедических стелек,Индивидуальные ортопедические стельки,Изготовление индивидуальных ортопедических стелек,Изготовление индивидуальных ортопедических стелек
pLoayge34uhfykH7,газосварщик в боброво,,Газосварщик Сварщик,Дрессировка и обучение собак кинолог,Мастер любые виды работ звоните договоримся,"Газовщик, газосварщик, сварка газовых труб","Ремонт стиральных машин Бутово, Щербинка"
4JwefDcGAcFoWojp,ремонт кварцевых часов,,Ремонт механических и кварцевых часов,"Ремонт механических, кварцевых часов","Ремонт часов, замена батареек,ремни для часов","Ремонт часов, замена батареек и ремешков",Ремонт Часов в Реутове
3uO8aGhDXIGwn5hw,независимая оценка,Вид услуги Деловые услуги,Независимая оценка недвижимости,НОК (Независимая оценка квалификации),Независимая экспертиза и независимая оценка,"Независимая экспертиза, оценщик, эксперт","Независимая оценка авто после дтп, автоэкспертиза"
X9wSsm7xdnVdNEEF,аренда сервера для ии,,Аренда GPU серверов для ии из наличия в Москве,Аренда GPU / серверов для ии/нейросетей и рендера,Аренда физического сервера / VPS / VDS,"Сборка серверов ""под ключ"" / рабочие станции / ии",Удаленная установка и дообучение ии моделей
0thF9MBckhDgJiqR,игра на пианино,"Вид услуги Обучение, курсы",Уроки игры на фортепиано,Обучение игре на скрипке с нуля,Уроки игры на кларнете,Уроки игры на гитаре,Уроки игры по фортепиано и сольфеджио
XqxxNsGz42kfPdUH,замена и ремонт отопления радиаторов,,Замена радиаторов отопления сварка,Монтаж Водоснабжения хвс/гвс,"Сантехник,слесарь сантехнические работы, гарантия",Сантехник сварщик водопровод отопление теплый пол,Монтаж отопление водоснабжение частных домов
FpIAgd0MvJsSlvhZ,замена ппу в диване,,Перетяжка мягкой мебели в Симферополе,Химчистка мягкой мебели / Химчистка дивана,Перетяжка мягкой мебели,"Химчистка диванов, матрасов, ковров, штор",Перетяжка мебели
SgnFHzzDuTHB1nRO,татуаж глаз и бровей,,"Перманентный макияж бровей, глаз, губ. Опыт 7 лет",Волосковый перманент бровей / татуаж,Перманентный макияж бровей,"Перманентный макияж бровей, губ и глаз",Перманентный макияж бровей губ и век татуаж
IwOEgZ0mBbZ8UMSj,уроки немецкого языка офлайн курси,,Репетитор по Немецкому языку с нуля,Репетитор по немецкому языку,Репетитор по немецкому языку,Немецкий язык репетитор(носитель) переводчик,Репетитор по немецкому и английскому языку онлайн
yaaExviHnxq3MmMD,скупка неисправной бытовой техники,,Скупка разбитых и неисправных ЖК телевизоров,Скупка холодильников,Скупка бытовой техники,Скупка телевизоров,Скупка и вывоз холодильников
rt3ZYbb2EG610DSx,ремонт стабилизаторов тока,,"Ремонт стабилизаторов напряжения-Ресанта,Voto",Ремонт стабилизаторов напряжения с выездом на дом,Ремонт стабилизаторов напряжения,Ремонт стабилизаторов напряжения с гарантией,"Ремонт стабилизаторов и любой техники, плат"
PbRQOfbk4mgVJ8WV,монтаж наружных вывесок,,"Изготовление Вывески, Наружная реклама,Монтаж",Монтаж наружной рекламы вывесок баннеров,"Монтаж, демонтаж наружной рекламы с лестницы 8м","Монтаж наружной рекламы, вывесок","Вывески, баннеры Наружная реклама под ключ"
Ou7o0GSG9kMWX4w9,наращивание на типсы,"Тип услуги Маникюр, педикюр Вид услуги Красота, здоровье",Наращивание на гелиевые типсы за 1 час,Маникюр педикюр на дому,Маникюр/ Педикюр,"Маникюр,педикюр,наращивание ногтей","Маникюр,наращивание ногтей на дому, Рыбацкое"
P6WLJTNrBdGkDZjl,уборка придомовой территории,,"Уборка территории, моп, офисов и магазинов во всех","Чистка брусчатки, плитки, фасадов, заборов, кровли","Уборка Мкд, клининг, дворник, уборщица тсж ук жск","Клининг, уборка мкд, паркинга. Уборщицы, дворники","Клининг, уборка, поддерживающая уборка"
B7vBIPSzeiIc3GsJ,мастер класс для пары,,Обручальные кольца на заказ или на мастер классе,Мастер-класс Луна светильник,Тренер по бальным танцам,Ремонт стиральных машин и бойлеров,"Вязаная свадебная пара жених и невеста, годовщина"
YIFKitLz9swgKX0O,фрезеровка участка,"Тип услуги Земляные работы Вид услуги Сад, благоустройство",Дренаж участка под ключ,Вспашка земли мотоблоком,Земельные работы.Уборка участка.Копка,"Расчистка участка, копка траншеи, вывоз мусора",Расчистка участка под ключ
1QwVJVMILy787lkp,татьяна торты на заказ в ленинском районе,,Свадебные торты на заказ,Муссовый торт и пирожные,Бенто торты на заказ,Торт на заказ,Муссовые бенто торты в наличии и на заказ
sxchrsSJfjoVYM7M,сварка стул,,Сварка Аргоном/ Выезд,Сварка и монтаж трубопроводов накс,Сварка в аргоне,"Сварка аргоном. Алюминия, нержавеющей стали.Выезд","Сварка В Аргоне,П/А,Ручная, Лазерная"
o1suHUlbDytlMgT8,тренер по сальто,,Персональный тренер в своей фитнес студии,Тренер-берейтор по конному спорту,Тренер по настольному теннису,"Тренер, берейтор","Тренер по шахматам, репетитор по шахматам, шахматы"
pTPTIQCDlvheMP2Y,макияж для гимнастики,,Макияж и прическа для худржественной гимнастики,Прическа и макияж для художественной гимнастики,Макияж/Прическа Художественная Гимнастика/фк,Детская прическа/Макияж Художественна гимнастика,Спортивный стилист (художественная гимнастика)
3LiXTg1eVTc2le1B,планки медалей,,Орденские планки медалей мо РФ,Орденские планки и колодки,"Гибка листового металла, изготовление всех планок",Значки и медали СССР,Медали из акрила на заказ. Печать на медалях
Itenv2RZ5cr1VZcs,ветеренар,Вид услуги Уход за животными,Уход за животными,Передержка домашних животных и зоотакси,Питбуль вязка,"Гостиница для животных Шахты, зоогостиница",Вязка той-терьер
kGpTIbq76OxThgvj,кружка с фото на заказ черная,,Кружка черная с белым полем для нанесения,"Фото печать на чёрных кружках, цветных и белых",Кружка с фото на заказ — подарок с надписью и лого,Именная кружка с фото. Печать принтов на заказ,Фото печать на кружках
QDHuJOscW83gvjHu,аренда пылесоса для химчистки авто,"Вид услуги Оборудование, производство",Аренда моющего пылесоса karcher,Химчистка мебели Самара Аренда пылесоса,Аренда моющего пылесоса karcher для химчистки,Аренда моющего пылесоса karcher puzzi 8,Аренда Моющего пылесоса и другой техники
tv2CeKgb2k9eOApF,ремонт электроники плат,Вид услуги Ремонт и обслуживание техники,Ремонт электроники и бытовой техники,Ремонт электроники,Ремонт стиральных машин / Ремонт стиральных машин с выездом на дом,Ремонт холодильников,"Ремонт мотоциклов,скутеров,питбайков,квадроциклов"
gbqsyoZdvhZpeqEr,ремонт болкона,Вид услуги Ремонт и отделка,"Мастер на час, ремонт и отделка квартир",Услуги мастер на час.(Частный мастер),Мастер на час,Вскрытие и ремонт сейфов,"Мастер на час, все виды работ (частный мастер)"
qSfdco0xIU6Yd7yL,составление техника технологических карт,,"Сметчик, составление смет, Разработка ППР, пто","Сметчик, составление смет, Разработка ППР, пто","Сметчик, составление смет, Разработка ППР, пто","Сметчик, составление смет, Разработка ППР, пто","Сметчик, составление смет, Разработка ППР, пто"
cL6JTcG7ewUNCndH,мусоровоз контейнер 20 кубов,,Вывоз мусора,Морской контейнер в аренду (20 фут),Вывоз мусора контейнер 8/15/20/27м3 Мы в С-Посаде,Вывоз мусора контейнерами,Вывоз строительного мусора контейнер
3pFTurAVhhatTn3r,репетитор английского для взрослых,"Тип услуги Иностранные языки Вид услуги Обучение, курсы",Репетитор по английскому языку для взрослых,Репетитор английского языка,Репетитор по английскому языку для взрослых,Репетитор по английскому языку подготовка к ЕГЭ,Репетитор по английскому языку на дому
052l5ySkk2Asxdni,строитель,,Строитель,Бригада строителей,Бригада строителей,Бригада строителей,Бригада строителей
jDZbp2PT5HdWIzgN,ищу модель на прическу,,Макияж и прическа,"Модель на макияж, свадебный макияж, прическа",Модель на прическу укладку,"Модель на брейды,косы с канекалоном","Прически, локоны и укладки образ в 4 руки"
MDHDr0x5dQU69mdK,сварка чугун,,Сварка чугуна,Сварка чугуна,Сварка Чугуна Нержавейки Алюминия Металла Аргоном,Сварка Нержавейки/Чугуна/Алюминия/Аргоном,"Сварка Нержавейки, Чугуна, Алюминия, Изготовление"
Ll6A0pc1xZ9wtNRi,выкуп оыисной мебели,,"Оценка, выкуп мебели",Оценка и выкуп мебели и техники бу,Выкуп ресторанного оборудования и мебели,Выкуп оборудования и мебели для ресторанов,"Оценка, выкуп Антикварной, Винтажной, Ретро мебели"
pIRoH8zQiGw8nzVZ,отделка сауны,"Тип услуги Отделка деревянных домов, бань, саун Вид услуги Строительство",Отделка бань и саун под ключ,"Отделка бань, саун",Внутренняя отделка бань и саун,"Отделка саун, парных бань ""под ключ""",Сауна в квартире и доме
EP6FlDFyhRMGuMrP,мастер маникюра с выездом на дом,"Тип услуги Маникюр, педикюр Вид услуги Красота, здоровье",Мастер маникюра на дому,Мастер маникюра и педикюра на дому,"Мастер маникюра, педикюра, подолгия","Маникюр, педикюр","Маникюр / педикюр на дому, метро Некрасовка"
RSVdkvRLBXS1CEpB,репетитор к огэ на дом,,Репетитор по математике,Репетитор по математике ОГЭ,"Репетитор по русскому языку, эксперт ОГЭ",Репетитор по географии,Pепeтитор пo физике ЕГЭ/ОГЭ
3Ct1FmZkCHn4m9it,услуги колесного экскаватора,,Услуги экскаватора,Услуги экскаватора гидромолота,Аренда экскаватора с машинистом,Аренда/Услуги гусеничного экскаватора,Услуги экскаватора погрузчика jcb
q8KHoMK4uSqZRZ2y,домашний электрик,Тип услуги Электрика Вид услуги Ремонт и отделка,Электрик,Электрик онлайн,Электрик,Электрика в Таунхаусе под ключ,Мастер на час - муж на час
ZbBfnnB1HgzqbkSL,реклейка айфон 14 про макс,Тип услуги Мобильные устройства Вид услуги Ремонт и обслуживание техники,Ремонт Айфона Apple 24/7 выезд - рейтинг 5,Скупка телефонов. Скупка Айфонов. Выкуп телефонов,Переклейка дисплеев iPhone/айфонов,Скупка телефонов Скупка айфонов Скупка iPhone,Ремонт iPhone с выездом Круглосуточно за 20 минут
YVhrad8cmxvFxAji,сахьянова 5,"Тип услуги Ресницы, брови Вид услуги Красота, здоровье",Наращивание ресниц,Ламинирование + ботокс ресниц и бровей,Окрашивание бровей,Оформление и ламинирование бровей,Оформление бровей
nQQyWLk1rO2lgaME,висцеральный массаж поднятие органов,"Тип услуги СПА-услуги, массаж Вид услуги Красота, здоровье",Висцеральный массаж живота,Висцеральный массаж живота / гирудооздоровление,Висцеральная правка живота и правка таза,Лечебный массаж стоп,Лечебный массаж спины
FKEmlZLLx15ju20o,гидрогеолог,,"Гидрогеолог, замер уровня",Услуги гидрогеолога,"Колодец:гидрогеолог, копка, ремонт,чистка, докопка",Реставрация ванн и любых ёмкостей,Обучение наращиванию ресниц
jb6kVsNbU7R6Cs97,оцифровка cd,,"Оцифровка кассет и видеокассет, DVD и CD дисков","Оцифровка видеокассет, Video8/Hi8, DVD/CD",Оцифровка,"Оцифровка видео кассет, запись\копирование CD\DVD\",Оцифровка кассет VHS VHSc Hi8 miniDV диск CD dvdr
cxau96fhnUJ5ljLM,обмен на квартиру,,"Участок 5 сот. (СНТ, ДНП)",Участок 6 сот. (ИЖС),"Участок 5,6 сот. (ИЖС)","Квартира-студия, 20 м², 2/3 эт.","1-к. квартира, 27 м², 2/4 эт."
NuhLcXeZXkheba2j,грузоперевозки крым по мосту догруз,,Грузоперевозки Крым Краснодар Сочи через мост,Грузоперевозки по Севастополю и Крыму до 2 т,Перевезти вещи/ переезды по России,Переезды межгород Москва СПб Сочи Крым лнр днр,Грузоперевозки Севастополь
bfurselzYbNYK4ms,изготовление армейских жетонов,,Гравировка армейских и сувенирных жетонов,Лазерная гравировка,Лазерная гравировка по металлу,Жетон с личным номером,Гравировка на жетонах и адресники для животных
b1ObllyCQJ6AGzzB,шугаринг мужской в красносельском районе олена,,"Депиляция мужская & женская, Красносельский район",Мужская депиляция шугаринг,Шугаринг (мужской/женский) ладожская,Мужская и женская депиляция,Мужская депиляция / шугаринг
8pmTLkEsss3S0BUq,надпись на футболке печать,Вид услуги,Печать на футболках DTF розница и опт,"Печать, принт изображений на футболках","Печать на одежде и футболках, DTF дтф за 40 минут",Футболока с вашим принтом быстро и качественно,Печать на футболке и одежде
UV4PGlmOre56Ft04,монтаж навесов,,"Изготовим:Навес,забор,Откатные ворота","Навесы,фермы для навесов",Навесы из металла,Изготовление фермы для навесов,Заборы. навесы. виранды
ux4A8HjuHJdVFlG5,мастер программы 1с,,POS-моноблоки новые и бу с гарантией 6/12 месяцев,Бухгалтерские курсы 1С / Обучение бухучету онлайн,Мастер цеха лдсп зав склад кладовшик,Услуги программиста 1С,"Продавец-консультант, продавец-кассир"
NjuXUWyxvJYkcRtp,документы на фаркоп,,Документы на фаркоп и установку,"Помощь в оформлении документов на гбо, фаркоп и др",Установка фаркопа,Пирамида на газель,Оформление двигателя uz jz /гбо / фаркопа
mCjVYxzwO66drxyh,пошив тентов на катер,,"Пошив тентов на катер, пологов, зонтов на заказ",Пошив тентов на катера,"Пошив тентов, штор и мебели на катер","Пошив перетяжка сидений, кресла для катеров тента",Пошив тентов на катер
1a78V719IMawXjDx,психолог очно онлайн,,Психолог/Семейный психолог/Детский психолог/Онлайн,Консультация психолога очно в кабинете,Психолог Онлайн Очно Семейный психолог Сексолог,Психолог онлайн и очно в Москве,Психолог очно/онлайн
D6P982B13B3KAstk,рыбалка аренда снастей,,Рыбалка с лодки на Красноярском водохранилище,"Аренда катера, морские прогулки, рыбалка","Рыбалка с гидом, Рыбалка, Помощь на воде",Рыбалка на сома с квоком,Охота и рыбалка
r69iiIMtmSUeiLTD,мастер по приемке квартир,,"Приёмка квартир, ИЖС, контроль качества отделки",Приемка квартиры от застройщика,"Приемка, приемщик квартир,домов",Приемка квартиры,"Инжиниринг,Приёмка квартир,Консультирование"
gkcBow7U2SbtWXaV,молель на брови,"Тип услуги Ресницы, брови Вид услуги Красота, здоровье",Оформление бровей и ламинирование ресниц,Ламинирование ресниц и оформление бровей,Ламинирование ресниц / Оформление бровей,Ламинирование ресниц и бровей,Ламинирование ресниц и оформление бровей
GXHMAD8KcBkJT5ar,забор бу,,Вывоз Утилизация Скупка старой бытовой техники бу,Надувная лодка пвх под мотор бу,Скупка колес шин дисков,Выкуп и скупка офисной мебели бу,Скупка офисной мебели бу
D1EEFJGb98REjqnt,промыть газовый котел,,Ремонт газовых котлов,Ремонт газовых котлов,"Замена газовых котлов, пуско-наладочные работы",Ремонт газовых котлов. Запчасти,Ремонт газовых котлов
MYqHSZX9nioorINm,натяжные потолки в,,Натяжные потолки,Натяжные потолки / натяжной потолок за 1 день,Натяжные потолки установка монтаж за 1 день,Натяжные потолки,Натяжные потолки
3yIqus9nJ35NWGj3,кредитная история,Вид услуги Деловые услуги Тип услуги Юридические услуги,Исправление Кредитной истории,"ООО ""Исправление Кредитной Истории"" - Юристы бки","ООО ""Исправление Кредитной Истории"" - Юристы бки",Исправим кредитную историю. Юристы,Исправление кредитной истории
362UprGdJEGF6Tui,ремонт лпдж,,Ремонт мини экскаваторов и погрузчиков ремонт стре,"Ремонт сумок,ручек,байкерских курток,молний",Мастер по ремонту обуви,Ремонт трикотажных изделий,Мастер по ремонту обуви
L3xNfEhID52Zi1os,роман огнев юрист,Вид услуги Деловые услуги Тип услуги Юридические услуги,Юрист для военнослужащих и их семей. Военный юрист,Юрист - Ульяновск,Юрист по различным направлениям,Судебные юристы. Юридические услуги,"Юрист (пенсия, автоюрист, алименты,иные юр.услуги)"
9VCkIv9eyYUtgTep,прямые липолитики,,"Липолитики,ботокс,носогубки",Инъекции липолитиков,Инъекции липолитиков,"Контурная пластика губ, липолитик,Л/Э","Кп губ,лица, ботулинотерапия,липолитики"
KG5VdfnlQ8L8ja6S,баня,,"Баня-бочка на колесах, со вторым дыханием",Аренда бани бочки на колëсах,Аренда бани/Баня бочка/Баня на колесах,Баня на колесах аренда,Аренда бани бочки на колесах
qa2FhZJjODtJBe9n,грумер мальтипу,Вид услуги Уход за животными,"Груминг собак, стрижка собак",Грумер стрижка собак,Стрижка собак и кошек.Груминг.Тримминг.Грумер,"Стрижка собак, груминг собак",Грумер стрижка собак и кошек с выездом на дом
qOXTmerknihEB6Px,зона отдыха аренда,,Аренда бани на дровах,Аренда места,Аренда рабочего места,Аренда кабинета в салоне красоты,Аренда парикмахерского кресла
MKTKIMiPFueBofkI,стрижка каскад на длинные,,Модель на женские стрижки,Парикмахер на дому / с выездом,Женская стрижка,Окрашивание и стрижка волос на дому,Парикмахер выезд на дом
IpgzVpm9391jUqHI,настройка телевизора sony прошивка обновление,,Ремонт настройка прошивка Smart-TV и tv-приставок,Прошивка Русификация телевизоров Xiaomi Redmi,Прошивка телевизора Xiaomi (Гарантия),Настройка телевизора Xiaomi с Гарантией,Настройка /прошивка смарт тв приставок и телевизор
rsJyMViRpMJMFswd,опоры лэп,,Электрик. Электромонтажные работы,Ремонт стиральных и посудомоечных машин Гарантия,Репетитор по математике,Помощь студентам. В учебе. С гарантией по договору,Школьный и индивидуальный проект для колледжа
CLiFXbbK4UYqpqWr,вывоз мусора контейнером химки,Вид услуги Вывоз мусора и вторсырья,Вывоз мусора контейнер 27м3,Вывоз мусора контейнер 20м3 27м3 8м3 газель,Вывоз мусора контейнером,"Вывоз мусора контейнером 8м3, 20м3,газелью","Вывоз мусора самосвалом, контейнером, газелью"
LoWiWD7MHpTdjI4o,прочистка систем,,Промывка системы отопления,Сантехник прочистка канализации ремонт сололифт,Сантехник.Услуги сантехника. Слесарь. Устранение засоров. Прочистка канализации,Прочистка канализации в Ставрополе,Прочистка канализации
YnwV9RI0nBvIBA92,модель для наращивания волос,"Тип услуги Услуги парикмахера Вид услуги Красота, здоровье",Модель на наращивание волос,Модель на наращивание волос,Модель на Наращивание волос,Модель на наращивание волос,Требуются модели на наращивание волос
hBVC6eGnTWQpVP8Y,поздравления куклы,,Ростовая кукла. Поздравления,Ростовая кукла лабубу аниматор,Поздравления ростовые куклы Лабубу,Ростовые куклы Медведь Потапыч с поздравлением,Ростовые куклы
6SvF0IVqSmdyXoca,аэрограф для ногтей,,Наращивание ногтей с онлайн записью,"Маникюр, наращивание ногтей",Наращивание ногтей,Маникюр педикюр,"Маникюр, наращивание, дип-система(без уф)"
5pPLdegTEiiCIacA,снятие ленточного наращивания,,Капсульное и ленточное наращивание волос,Капсульное и ленточное наращивание волос,"Наращивание волос,капсульное,v-lite,ленточное",Наращивание волос капсульное/ ленточное,Наращивание волос /Снятие/Капсулирование
gNvo2RiSjsVytRus,девушка досуг,,Танцевальный фитнес для девушек и женщин,Личный тренер по фитнесу для девушек,Ламинирование ресниц+ботокс,Наращивание ресничек,Кератин ботокс холодное восстановление пилинг
HCiR7s33X1RqP8QY,машина с грузчиками largus,Вид услуги Грузоперевозки,Грузоперевозки каблук largus,Грузоперевозки малогабаритные Ларгус фургон Largus,Грузоперевозки каблук largus,Грузоперевозки LADA largus,Грузоперевозки LADA largus
pzDaJryYJvdphMUf,ремонт нч динамика,,Ремонт динамиков и акустики,"Ремонт наушников Airpods, jbl, samsung, sony",Ремонт iPhone - Замена дисплея с выездом мастера,"Ремонт усилителей, активных сабвуферов",Ремонт наушников. Премиум модели. Профессионально
erAbGnWsSnWkxNWR,база отдыха на волге красносдободск,,Рыболовная база на Волге Астраханская область,Прогулка по Волге на катамаране,Отдых на берегу волги,"Аренда Беседки на берегу Волги, Отдых у воды",Беседки на берегу Волги
mblwQ0lWU6zctzmE,промывка системы отопления и котла,,"Промывка системы отопления, промывка бойлера",Промывка систем и котлов отопления,Промывка системы отопления,"Промывка системы отопления, гвс, хвс, котла в доме",Промывка системы отопления в частном доме
AVPr3F8h5ahCgmiH,шлифовка камня,,Шлифовка полировка бетона/камня/мазайка/брусчатка,Шлифовка бетона камня мазайки,Шлифовка бетона полировка камня мазайка,Шлифовка бетона камня мазайка,"Полировка мрамора, шлифовка пола и шлифовка камня"
UqSJ06S1WOQ5gV9o,юрист по бракоразводному процессу,Вид услуги Деловые услуги Тип услуги Юридические услуги,"Семейный юрист, бракоразводный процесс",Юрист по гражданским делам/Сопровождение процесса,"Юрист 44-фз и 223-фз жалоба, фас, рнп, суд, арбитр",Юрист по строительству. Без предоплаты,Юрист по алиментам: Взыскание / Уменьшение / Суд
PPzfpTtwV0CcEd2Z,газосварщик,,Услуги газосварщика и прокат газосварки,Газосварщик Газификация,Услуги газосварщика,Газосварщик-сантехник,Газосварщик
CSL5MSexOv5n2qMw,электрик монтаж проводки в квартире,,Электрик. Замена проводки. Ремонт розеток,Электрик. Услуги электрика,"Электрик, услуги электрика, электромонтаж",Электрик Услуги электрика электромонтаж,"Электрик, замена проводки, электромонтажные работы"
YAjH3sPvvUhwI52x,аренда самоходной дробилки,,"Дробилка веток,измельчитель веток,самоходный","Аренда мульчера,щепореза,дробилки,измельчитель",Аренда мобильной дробилки,Аренда дробилки,Аренда дробилки для бетона щебня
ycyjAFrXSDQl7KNO,европротокол,Вид услуги Деловые услуги Тип услуги Юридические услуги,Оформление дтп. Аварийный комиссар 24/7,"Аварийный комиссар, Оформление дтп,Европротокола",Аварийный комиссар. Оформление дтп,Дтп Оформим за 20 мин Комиссар 24/7 по СПб,Юридический адрес + рабочее Место в разных районах
IxNIMs2Vn4DvlGbe,маникюр аксакова,,"Место мастера маникюра ЖК Восток,Аксакова","Маникюр, гель лак. Флотская (Аксакова)",Аренда кабинета,Маникюр/Наращивание ногтей в районе Аксакова,Маникюр с укреплением / педикюр (Аксакова)
JjbDBcgAbvFBqgew,помощь в оформлении земельного участка от государства,,Оформление земельного участка от государства,Поможем получить земельный участок от государства,Земельный участок в аренду у государства,Помогу получить земельный участок от государства,Помогу оформить землю от государства
M2BOblnUK8H4HTI6,лестница  7 м прокат,,Аренда лестницы-трансформер Inforce 4х5,Аренда лестниц-стремянок,"Рестоврация срубовых домов, бань, лестниц и тд","Свободного назначения, 85 м²","Строим монолитные бетонные лестницы, отделка"
1pJD9WnrslvIBsRv,репетитор испанского аргентина,"Предмет или специальность Испанский язык Тип услуги Иностранные языки Вид услуги Обучение, курсы",Репетитор испанского Онлайн для Взрослых и Детей,Репетитор испанского Онлайн для Взрослых и Детей,Репетитор испанского Онлайн для Взрослых и Детей,Репетитор испанского Онлайн для Взрослых и Детей,Репетитор преподаватель испанского языка
omvejlEJ0EY12SWm,репетитор по русскому языку 9 класс онлайн,,Репетитор по русскому языку ОГЭ онлайн,"Опытный репетитор по русскому языку ОГЭ, ВПР",Репетитор по русскому языку 5 - 11 класс ОГЭ ЕГЭ,"Репетитор по русскому языку. Подготовлю к ОГЭ, ЕГЭ",Репетитор по русскому языку 5-11 классы
IEgkDz9TiLGyJPcz,удаление татуажа бровей,"Вид услуги Красота, здоровье",Лазерное удаление татуажа / удаление лазером,Удаление татуажа перманента брови лазер Шушары,"Удаление татуажа бровей, губ",Лазер татуаж/татуировка/брови,Лазерное удаление татуировок и татуажа бровей
gBq5NvlLkDWXfdFs,аренда салона красоты,,Аренда кабинета в салоне красоты,Аренда рабочего места в салоне красоты,Аренда кабинета в салоне красоты,Салон красоты,Аренда кабинета в салоне красоты
4d56bexpi9UCm6JN,перевозка леса,,Перевозка круглого леса,Перевозка леса,Грузовые перевозки самосвал,Манипулятор,Грузоперевозки малогабаритный груз
qA8hyjUyRK4Zk2sc,вскрывание замков,Тип услуги Вид услуги Ремонт и отделка,Монтаж умных замков,Вскрытие замков / Замена замков / Ремонт замков,Вскрытие Замков / Установка Замков / Замена Замков,"Вскрытие замков, Вскрытие дверей","Открывание машин, дверей, замков, гаражей"
FNOtQXJy2dOerw1f,павел,"Тип услуги Стиральные, сушильные машины Вид услуги Ремонт и обслуживание техники",Ремонт стиральных машин на дому частный мастер,Ремонт стиральных и посудомоечных машин,Ремонт стиральных и посудомоечных машин,Ремонт стиральных машин,Ремонт и обслуживание стиральных машин
w3zKsTaUu6TNR3iZ,пемонт квартир под ключ,,Ремонт квартир под ключ,Ремонт квартир под ключ без посредников,Ремонт и отделка квартир под ключ,Ремонт квартир под ключ без посредников,Ремонт квартир и домов под ключ без посредников
a3qu4xeAOhDLTnZ6,рестоврация кухонных  столешниц фасадов,Вид услуги Ремонт и отделка,Замена столешниц и фасадов кухни,Реставрация кухонных столешниц фасадов,Ремонт кухонных фасадов,"Замена кухонных фасадов, замена столешниц","Реставрация, перекраска фасадов мебели, столов"
3rxQF6u5G0EGdoTd,занятие по верховой езде,,Занятия по верховой езде для детей,"Верховая езда для детей, иппотерапия",Занятия по верховой езде,Конный спорт. Занятия по верховой езде,Уроки по верховой езде конкур/выездка дети И взрос
MYapfHRdMQy0F896,микроблейдинг бровей,"Вид услуги Красота, здоровье","Волосковый татуаж, микроблейдинг",Волосковая техника.Микроблейдинг,Микроблейдинг бровей модель,"Волосковый татуаж бровей, микроблейдинг","Микроблейдинг, волосковые брови"
xQfIT0EVJKDJ5EWE,ремонт частного дома,,Фундаментные работы Замена венцов,Строительная бригада/пристройки/ веранды/террасы,"Строим дома, веранды, бани Бригада строителей","1-к. дом, 45 м²",Строительная бригада
MQMpxMLpYofyt4oj,комплексные обеды,,Горячие обеды Комплексные обеды доставка,Комплексные обеды,Комплексные обеды с доставкой,Комплексные обеды с доставкой Еда,Горячие комплексные обеды с доставкой
2Jkl2YtKuk2OJOyS,накрутка подписчиков инстаграм,Вид услуги Деловые услуги Тип услуги,"Накрутка Подписчиков, Просмотров Вк, Телеграм, Max","Накрутка подписчиков, лайков, просмотров, голосов",Накрутка Подписчиков Телеграм Вконтакте Ютуб Тикто,"Накрутка ""подписчиков"", ""голосов"", ""просмотров""",Накрутка подписчиков телеграмм каналов и другое
VLa9UWTGQaGOXQYR,от шершней,Вид услуги,"Обработка от Ос, шершней, короеда усача Фумигация",Уничтожение клопов тараканов грызунов блох плесени,"Уничтожение клопов,тараканов,комаров,клещей,блох",Уничтожение комаров ос короеда борщевика клещей,"Уничтожение клопов,тараканов,комаров,клещей,блох"
8voV0zbEv7SF0pgq,аниматор на детский праздник в садик,"Вид услуги Праздники, мероприятия",Аниматоры на день рождения,Аниматор на детский праздник,Аниматоры на день рождения,Аниматоры на день рождения,Королевство Чудес /Аниматоры/Шоу
9n3S5trB5BPUESmb,прохождение практики,,Практика для студентов / Прохождение практики,Отчет по практике нир Учебная Производственная,"Отчёты по практике, Нир, Нип",Отчёт по практике нир преддипломная,Убрать ии / Рерайт / Антиплагиат
VCduJE2drWP7ngkk,дверь входная с терьмо разрывам,Вид услуги Ремонт и отделка,Заменить личинку Поставить замок Открыть дверь,Установка и демонтаж входных дверей,Установка межкомнатных и входных дверей,Установка дверей,Установка входных металлических дверей
aQGQOPmXR41EK9vF,срочный выкуп коммерческой недвижимости,,Выкуп коммерческой недвижимости скупка в СПб и ло,выкуп недвижимости,выкуп недвижимости,Выкуп любой недвижимости,Выкуп недвижимости по рыночной стоимости
3clFPkpxvg2RhORF,права категории а,"Вид услуги Обучение, курсы",Обучение на мото права мотоцикл категория А,Автошкола - обучение на права категории B,Категория А - обучение на мотоцикл I Набор открыт,Мотошкола. Права категории А,Мотошкола. Категория А. Вождение скутера
PJNP3Eh9Rg9piuRN,отделка мансарды,Вид услуги Строительство,Ремонт и строительство,"Строительство домов,кровля и многое другое",Утепление кровли и мансарды,"Ремонт мансард, утепление, монтаж мансардных окон",Строительные работы подключ
PvDlkDK4YLpSNt5j,дизайн балкона,Тип услуги Окна и балконы Вид услуги Ремонт и отделка,"Остекление балконов и лоджий, установка окон пвх",Остекление балконов и лоджий под ключ,Отделка балкона с утеплением. Работы под ключ,Ремонт балконов и лоджий окна пвх,"Балконы-остекление, отделка, мебель"
T4iF6eLyqeOnXx80,автовоз перевозка авто,Тип услуги Между городами Вид услуги Грузоперевозки,"Автовоз. Перевозка авто, Ростов - Москва - СПБ",Автовоз / Безопасная перевозка авто по РФ,Закрытый автовоз / перевозка авто из Владивостока,Доставим авто по пути из Краснодара на Восток,"Автовоз, перевозка авто. Доставка авто по России"
XTQSAi7f8PXhIDCr,"наращивание волос натуральных, недорого",,Наращивание натуральных волос,Наращивание натуральных и биопротеиновых волос,Наращивание биопротеиновых и натуральных волос,Наращивание натуральных волос,Наращивание натуральных волос
fSklZdVy32OvqZyF,акты проверки дымохода,,"Проверка дымоходов, Акт вдпо, Заземление, Сакз",Акт вдпо проверки дымоходов и вентканалов,"Вентялция,акты для газ службы,дымоходы","Монтаж дымоходов Вентиляции, акты вдпо",Акт вдпо. Установка вентиляции. Дымоходы. Печи
VCYZJBXyDu4HeP5m,реанимация растений,,"Реанимация, лечение больших комнатных растений",Уход за комнатными растениями,Уход за растениями пересадка реанимация озеленение,"Озеленение, уход и пересадка комнатных растений",Консультация по домашним растениям
OPgLJSCaPn0IxNEc,трансфер в аэропорт шереметьево,,"Трансфер в аэропорт,пассажирские перевозки,минивэн",Трансфер в аэропорт Москвы,Трансфер в аэропорт и обратно,Трансфер до москвы аэропорт Из Москвы во Владимир,Трансфер Владимир Москва Аэропорт межгород
BP2D1J3okUhw34w3,учитель по рисованию,"Вид услуги Обучение, курсы",Учитель по рисованию,Обучающие курсы по рисованию,Учитель рисования,"Учитель рисования, репетитор по рисованию",Учитель репетитор по рисованию
MuSvCEjDsGoEvgFS,химический анализ воды из скважины,,Химический анализ воды,Бурение скважин на воду под ключ,Анализ воды,Сантехника Бурение скважин на воду. Доставка воды,Бурение и ремонт скважин на воду
XMImeLEWAnrH9MkB,домик с фурако,,Отдых с чаном,Отдых для двоих,Отдых с Фурако в Приюте музыканта,Отдых на природе с чаном,Барнхаус с панарамной сауной и чаном
aoC7Skg4jUmGiuZh,ветеринарная справка,,Ветеринарный врач с выездом на дом,Ветеринарный врач на дом,Справка 3 НДФЛ,Ветеринарный врач с выездом на дом,"Помощь в оформлении ветеринарных документов, титры"
z0sqdR4dSU3WLHcP,психолог для подростка онлайн,Онлайн-запись Вид услуги,Психолог онлайн,"Психолог для Подростков, Детей и Родителей",Психолог Услуги психолога Психолог кпт онлайн,Психолог онлайн / в день обращения,Психолог онлайн
IF9ky1XUXrzxWmu9,картина на холсте на заказ пейзаж,Вид услуги Искусство,Картина маслом на холсте пейзаж,Картины на заказ на холсте,Художник. Пишу картины на заказ по вашему фото,Картины интерьрные. Под заказ,Картина маслом на холсте
qxcdw0HjDHPRqlC9,банкетная беседка,,"Свадебный декор, цветы на свадьбу",Свадебный декор,Шары с гелием,Банкетный зал для свадьбы. Свадебный банкетный зал,Гелевые шары на день рождения мальчика
TIWrh4NaQFfIRFrA,онлайн обучение,,Домашнее обучение в онлайн-школе с 1 по 11 класс,Обучение курсы массажа очно и онлайн,"Обучение Таро онлайн, таролог с нуля, гарантия",Репетитор Python онлайн с нуля,Обучение косметолог с дипломом гос образца
5CTLia8qdauh2tQN,пошив постельного белья,Вид услуги Бытовые услуги Тип услуги Пошив и ремонт одежды,"Пошив штор, одежды, постельного белья","Пошив постельного белья, бортиков",Пошив постельного белья на заказ,"Пошив постельного белья, штор, пледов, покрывал",Пошив постельного белья на заказ
5qoo2oFaq1Mb9Jab,поставить забор  саратов  мастера,,Забор/Забор из евроштакетника и профлиста,Забор под ключ/Забор на заказ,Забор под дерево стиль и надёжность,Заборы разные,Установка заборов
ueZCPjDzLgZX0ERo,прием утилизация шин,,"Прием шин и утилизация, вы платите за утилизацию",Утилизация шин,Утилизация шин,Утилизация и вывоз шин,"Выкуп шин, Скупка шин, Выкуп резины б/у, колес"
0OKxncUz7g1LNp5a,мозаично шлифовальная машина  купить,,Аренда мозаично-шлифовальной машины Сплитстоун GM,Аренда мозаично-шлифовальной машины по бетону,Аренда мозаично-шлифовальной машины для бетона,Машина мозаично-шлифовальная Сплитстоун GM-245,Машина мозаично-шлифовальная Сплитстоун GM 122
AxeSd95n6EnRZb0d,окна пвх,,Ремонт Пластиковых Окон Дверей Регулировка Обслуживание пвх Окон Дверей Замена резинок,Установка окон. пвх. а. м. сетки,Установка пластиковых окон и балконов,Установка пластиковых окон и откосов(пвх),Изготовление и монтаж окон и балконных рам из пвх
GM4SAU2PXBCK2QrT,газель грущики,,Грузоперевозки Газель Грузчики Межгород,"Грузоперевозки Газель, Переезды Грузчики, Доставка",Грузоперевозки газель с грузчиками грузчики,Грузоперевозки газель,Газель + Грузчики Ваш спокойный переезд
pAThjs5B82zdAxSb,видеосъемка,Вид услуги Фото- и видеосъёмка,Видеосъемка/Видеограф,Профессиональная 4К видеосъемка,Репортажная видеосъемка,"Фото и видеосъёмка, свадебные фото книги",Фото и видеосъемка
SpJOGNJ5puhv1176,мастер по ремонту стиральной машинки на дому,Вид услуги Ремонт и обслуживание техники,Стиральные машинки Холодильники Посудомойки,Ремонт стиральных и посудомоечных машин на дому,Техносервис-Ремонт крупной имелкой бытовой техники,Ремонт микроволновой печи,Ремонт холодильников стиральных м. кондиционеров
DnLkThD6as8rkZ3s,помощь с компьютером,Вид услуги Компьютерная помощь,Компьютерная помощь,"Ремонт и скупка компьютеров, комплектующих",Сборка пк на заказ: под ваши задачи и бюджет,Установка программ на компьютер Windows MacOS,Обслуживание компьютеров/ноутбуков
tSbdVvPbZvTfvZph,установка кессона,"Тип услуги Скважины, септики, колодцы Вид услуги Сад, благоустройство",Кессон,"Бурение скважин, водопровод, септики, колодец",Ж/б септик под ключ,"Бурение скважин, водопровод, артезианская, септики",Септик под ключ
95U6cok5hGyrN26F,аренда костюмов,,"Прокат костюмов тусау кесу, бонбоньерки","Прокат новогодних, маскарадных, народных костюмов",Ростовые костюмы аренда,Надувной костюм Крыс,Аренда костюмов
6WWBC2sRFFrBD6Tw,аниматор железный человек,"Вид услуги Праздники, мероприятия",Аниматоры на детский праздник,"Детский аниматор, студия детских поазднтклв","Выпускные, Мыльные пузыри, Серебро, Крио шоу",Аниматоры на детский праздник день рождения,"Ростовая кукла Единорог, аниматор"
iUvyn2sr5bTXGIN1,модель на креативное окрашивание волос,"Тип услуги Услуги парикмахера Вид услуги Красота, здоровье",Модель на окрашивание волос,Ищу модель на окрашивание волос,Креативное окрашивание волос,Модель окрашивание волос балаяж аиртач шатуш,"Модели на окрашивание волос, airtoch, тотал блонд"
SSnZm95zoNfoDOCX,организатор гендер пати,"Вид услуги Праздники, мероприятия",Голос ребенка на гендер пати,Организация Гендер Пати под ключ,"Организация Гендер Пати под ключ, ведущая",Гендер пати голос малыша,Озвучка текста детским голосом для гендер пати
Yb32HiaY2KE7XY6c,закрытая беседка,,Аренда беседки,Аренда беседки,Аренда теплой беседки,Аренда беседки,Аренда большой беседки с бассейном
ISJw98rVenQXUTQf,постановка свадебного танца,"Вид услуги Праздники, мероприятия",Постановка свадебного танца,Постановка свадебного танца,Постановка свадебного танца/Свадебный танец,Постановка свадебного танца,Постановка свадебного танца
hXCl0sxTmJFpVz0u,футболки с принтами на заказ,Вид услуги,Печать на футболках,Печать на футболках DTF розница и опт,"Печать на ткани, футболках, кружках",Футболока с вашим принтом быстро и качественно,Пленка dtf опт. Кружки от 10 шт
jKQFdTfIAHvrakrN,поздравление от путина,"Вид услуги Праздники, мероприятия",Поздравление от любой звезды и Путина,Видео поздравление от звезд и Путина новости,Поздравление с днем рождения от Путина и звезд,Видео поздравление от звезд Путина,Видео поздравление от путина и знаменитостей
BooDymJ30lsZO5TP,значок о высшем образовании,,Футляр от значка о высшем образовании СССР,Значок о высшем образовании лги и юбилейный знак,Знак о Высшем образовании СССР,Значки металлические на заказ по вашему дизайну,Закатные значки на заказ Санкт-Петербург
GEZyfdHwa9BNb46Z,занятия,,Онлайн репетитор по русскому языку,Школа плавания Парус в Юрге,Репетитор по истории,Спортивная гимнастика (девочки/мальчики),"Подписка ps plus deluxe 12 месяцев ps5,ps4"
yBWLWCQkxQsLrnQ8,штукатурно малярные работы,Тип услуги Штукатурные работы Кто оказывает услуги Частный исполнитель Вид услуги Ремонт и отделка,Штукатурные и малярные работы ручное нанесение,Штукатур маляр,Штукатурные работы механизированным способом,Малярно штукатурные работы,"Качественный ремонт квартир, комнат"
5NsgrLPMUDDoPpEk,установка замка в межкомнатную дверь,Тип услуги Вид услуги Ремонт и отделка,"Замена замков, замена личинки,замена ручек дверей",Все виды работ по дому,"Вскрытие и ремонт дверей, замена замков и ручек","Установка, ремонт и замена дверных замков",Замена замков
AmnFzG6ZpCaI1LX4,тату master без согласия родителей,,Тату мастер,Ваш master - Газовщик,Тату,Тату Калуга тату салон в Калуге,Модель на тату
bsTUiK1zhNWkTkPT,гелевые шары бу,"Вид услуги Праздники, мероприятия",Гелевые шары на день рождения мальчика,"Воздушные шары, Фотозона, арки,композиции из шаров",Воздушные шары с гелием,Гелиевые воздушные шары,Воздушные шары гелиевые шары. Доставка 24/7
irqg33cIxAbe8BZy,озвучка,Вид услуги Искусство,Озвучка любой сложности,Озвучка голосом знаменитости на Нейросети/ии/Ai,Озвучка диктор,Актер озвучки,"Диктор, озвучка, дубляж"
dZDYEc5CnzUty3JX,подбор снегохода,,Мотоциклы и мототехника из США и Белоруссии,Ремонт Подбор Обслуживане,Ремонт гидроциклов - подбор гидроциклов,"Ремонт мотоциклов, снегоходов, квадроциклов",Ремонт техники Stels Segway квадроциклы снегоходы
eUwa2AyqRhNVVsJm,столы каменщиков ножницы,"Вид услуги Оборудование, производство","Строительные столы, подмости каменщика в аренду",Аренда столов каменщика,Аренда строительного оборудования,Пресс клещи для труб,Аренда рабочего стола на мебельном производстве
b46Ti0Y4RlPmTs3z,художественная лазерная резка металла,,Лазерная резка металла,"Лазерная резка металла, гибка металла",Лазерная резка листового металла толщиной до 40 мм,Лазерная резка металла до 60мм,Лазерная гравировка на металле
7JWuO18vkHPT8Uit,открыть расчетный счет,,"Регистрация рко, открытие расчетного счета ип/ооо",Рко и открытие р/с,Открытие ИП ООО под вашу деятельность,Грузоперевозки,Аренда минивэна VIP пмэф свободен
oxzimuUCklPjczkg,дрон в аренду,,Аренда квадрокоптера / Dji Mavic 3 Combo,Дрон-баскетбол с развлечение на мероприятие,Трехосевой подвес Gremsy H16 для камер,Аренда Insta360 X3,Аренда квадрокоптера + экшн камера
jqt9lVv74ocO4rZj,рилсмейкер выписка,Вид услуги Фото- и видеосъёмка,Рилсмейкер на выписку из роддома,Рилсмейкер свадебный,"Рилсмейкер, свадебный видеограф","Рилсмейкер, рилс, видеосъемка, видео, видео монтаж","Рилсмейкер на мероприятие (свадьба, выписка)"
ksaJRMW3YbCwoXEU,подкатной эвакуатор аренда,,"Аренда и услуги грузового эвакуатора, 4 т","Аренда Подкат-Эвакуатора,цена за сутки",Аренда и услуги легкового эвакуатора,"Аренда и услуги грузового эвакуатора, 30 т","Аренда и услуги легкового эвакуатора, 8 т"
vym13Ay6999MXzEw,приём стеклопакетов,,"Вывоз прием скупка стеклопакетов,стекла,алюминия","Вывоз,прием стеклопакетов,стекла,стеклобоя","Вывоз, прием стеклопакетов, стеклобоя, стекла, пвх",Полировка шлифовка стеклопакетов на дому с выездом,Стеклопакет без рамые изготовление
agSYFBNpWDGbxBm8,лесные декларации,,Подготовка и сдача лесной отчётности под ключ,"С гарантией. Декларация, справка 3НДФЛ, Вычет","Заполнение налоговой декларации 3 нлфл, вычеты",Заполнение декларации 3НДФЛ (возврат налога),"Декларация 3НДФЛ, УСН. Справка бк госслужащим"
OMhMgjBd8CNUrRSe,перевозка по городу донецк днр,,Комфортные поездки (Доставка продуктов),Эвакуатор донецк днр,Такси межгород Донецк ДНР. Минивен. Трансфер,Донецк крым Донецк.трансфер в любые города,Свой человек в Донецке ДНР
tYwyYIDlUFJVoOPA,подбор ключей к замку авто,,"Вскрытие замков,авто,замена,ремонт,врезка","Срочный ремонт автозамков, ремонт замков зажиагния","Вскрытие авто, открыть машину без повреждений",Вскрытие авто \ вскрытие замков авто,"Вскрытие авто без повреждений, приеду за 30 мин"
VclWPqofiC7fDz44,сборка домашней мебели,,Мастер/Муж на час/Сборка мебели- частник,"Мастер на час, домашний мастер, муж на час",Мастер на час / сантехник электрик сборщик мебели,Грузчики/разнорабочие,"Домашний мастер, сборщик мебели, ремонт мебели"
vlTL7mGPZyA5xp1L,хиджама услуги,,Обучение массажу хиджама,Хиджама прием обучение,Хиджама обучение Тверь,Хиджама обучение москва,Обучение хиджаме. Бесплатный мастер-класс
LW0CaWHVcW8kMws9,уроки по бенто,,"Бенто торт за три часа, мини торт на 1кг",Бенто торты сладкий подарок кондитер,"Бенто торт, моти, капкейки","Бенто торты, детские торты, свадебные на заказ",Торты и Бенто-торты на заказ в Краснодаре
cE33gEe2mdvQXm0X,сварщик варшав каширская частник,,Сварщик Услуги сварщика Сварочные работы,Вывоз мусора,"Ремонт электродвигателей,насосов,сварочного оборуд",Услуги сварщика / сварка пнд труб / сварщик,Сварщик на выезд.Сварка аргоном. Сварщик
tchjbSd9Vf24F6YC,база отдыха с теплыми бассейнами,,"Беседка, баня, бассейн",Бассейн,Баня отдых,Загородный отдых,Баня с комнатой отдыха и с чаном
sn4OD7XTVpQ02iJU,массаж томск каштак,,Косы с канекалоном,Массаж для двоих в Томске,Массажист. Fdm терапия в Томске и Северске,Массажист на дом томск,Бесплатный сеанс массажа Томск
iAr5NU7xlQdx9xLv,устройство закладки кабеля (узк),,Ультразвуковой контроль (узк) с выездом,Установка кондиционеров \ закладка трасс (частник),"Продажа кондиционеров, установка, закладка трасс","Прием кабеля в изоляции, сдать кабель провод",Электромонтажные работы под ключ любой сложности
Mo04spZBEVeE9S7q,налоговый вычет декларация 3 ндфл,"Вид услуги Деловые услуги Тип услуги Бухгалтерия, финансы",Декларация 3 НДФЛ налоговые вычеты возврат,Налоговые декларации 3-НДФЛ,Декларации на возврат. Налоговый вычет. 3-НДФЛ,Декларация 3-НДФЛ,Налоговая декларация 3 НДФЛ
DsDGh17ReBFj3AOX,грузоперевозки межгород,Вид услуги Грузоперевозки,Межгород грузоперевозки / Перевозки груза по РФ от 300 км,Грузоперевозки межгород,Грузоперевозки Межгород,Грузоперевозки межгород Попутный груз газель,Грузоперевозки межгород попутно 1-5 тонн
MzywvauTWVaI64fq,купить цветочную камеру,,"Ремонт кондиционеров, пивных, цветочных камер",Вязаные цветы,Монтаж холодильных и цветочных камер и витрины,Логотип готовый Цветочный магазин,Выездной мастер класс по Цветочной композиции
H1Ej9VVDXeF7IHeI,отделка саун под ключ,Кто оказывает услуги Частный исполнитель,Отделка бань и саун под ключ.вогонкой,Отделка бань. Саун. Парилок. Дачь.под ключ,Отделка бань и саун под ключ,"Отделка бань, саун. Внутренняя отделка",Отделка бань и саун под ключ
JbuPA4VvNn1AiboG,аренда лодки сямозеро,,"Аренда моторной лодки Сямозеро, с размещением","Рыбалка с паноптикс на Сямозеро. Грибы, ягоды",Рыбалка с гидом на Сямозере,Баня на берегу Сямозера без соседей чан,"Отдых в Карелии на озере ""Сямозеро"""
0mtMahErLgwnbCRg,отравление тараканов,Вид услуги,Уничтожение тараканов клопов блох муравьев мышей,Дезинфекция уничтожение тараканов клопов блох,"Уничтожение клопов, тараканов, муравьёв, блох",Уничтожение тараканов грызунов клопов Дезинсекция,"Уничтожение клопов, тараканов. Дезинфекция"
evPZKz4XajsQbivJ,для свадьбы,,Оформление свадьбы и фотозоны огромный выбор,"Ведущая - свадеб, мероприятий,юбилеев","Песня на заказ на юбилей, свадьбу, выпускной","Трансфер,свадьба,выписка с роддома","Аренда автомобиля с водителем (свадьбы,встречи )"
mdxDQHr5idf5qOqo,аренда фотостудии ссср,,Фотостудия квартира советская СССР аренда 4команты,"Аренда зала в фотостудии зала ""Бельэтаж""","Аренда зала "" Софи""","Зал для фотосессии ""Романов""",Фотостудия в аренду
anD0952JWrO69gXd,arduino,,Arduino / ESP32 — сделаю рабочий проект,Arduino Uno/Nano — скетчи под ключ,"Программирование Arduino, Lgt8, Esp32, 8266",Программирование Arduino и дисплеев dwin,"Программирование STM32, Arduino"
pcDoU0HH8vDucIID,дом с купелью,,Баня с теплой купелью,Аренда бани с теплой купелью,Афреймбаня на дровах с купелью,"Веранда,беседка, мангал, баня,веник,теплая купель",Аренда купели в куполе
owEZif4oS4Dkfyq5,изготовление светодиодных вывесок,,"Изготовление объемных букв, ремонт рек. вывесок","Ремонт наружной рекламы, вывески","Светодиодные неоновые таблички, наружная реклама","Объёмные буквы, таблички, вывески, резка металла","Вывески, объёмные световые буквы, наружная реклама"
VmbHi56R5oajmWCA,белый мишка на выезд,,"Белый Мишка, поздравит Вас",Медведь на день рождения,Поздравление белый мишка чебурашка аниматор Курган,Ростовая кукла Лабубу + Белый мишка,Поздравление белый мишка бурый розовый медведь
OoX5WafJbBN0GSwT,ремонт ленточного фундамента,Тип услуги Фундаментные и бетонные работы Участие в пилоте CPL Вид услуги Строительство,Строительство фундамента,Заливка фундамента и работы с бетоном,Фундаментные работы,"Фундамент, парковка, дорожка, под ключ",Литье фундамента
DVWIqU9tj0FBQnR4,массаж гимнастика малышам,,Спортивные занятия для малышей,Логопед,Детский массаж,"Детский Массаж, Взрослый, Оздоровительный массаж",Детский массаж без слёз. Выезд на дом
SQeDZQHUr75FN2la,малогабаритные  грузовые перевозки каблучок,,Малогабаритные грузоперевозки,Малогабаритные перевозки по городу,Грузовые перевозки,Грузовые перевозки по городу и области,"Грузоперевозки на пикапе,фургоне ларгус"
ygbYLQ6LgsL9I87M,предприниматели,,Во благо России. Очерки о предпринимателях и мецен,Бизнес-консультант/ Наставник для предпринимателей,Rutoken Lite чистый,Подключение к яндекс такси без самозанятости и ИП,Консультация (открытие кофейни)
DiksNJSpeJUGxCJG,установка межкомнатных дверец,Тип услуги Двери Вид услуги Ремонт и отделка,Установка межкомнатных дверей,Установка межкомнатных дверей,Установка межкомнатных дверей,Установка межкомнатных и входных дверей,Установка межкомнатных дверей
tWxCQThYFIGvMYtg,масажистка с выездом на дом раен шылова,"Тип услуги СПА-услуги, массаж Вид услуги Красота, здоровье",Антицеллюлитный массаж,"Баня, банный чан, бассейн",Массаж на дому,Модель на массаж,Массаж на дому
WCpXuuu6y1Xlk5bw,репетитор по английскому выборгский район,,Репетитор по английскому языку для учеников,"Репетитор по английскому, китайскому и русскому","Репетитор по английскому ОГЭ, ЕГЭ, ielts",Репетитор по английскому языку,Репетитор по русскому и английскому языкам
3gxpxqTNqrAsA2wJ,услуги по написанию бизнес плана,,Написание бизнес плана электрик соц контракт,Написание бизнес плана для соцконтракта,Бизнес-план для соц.контракта,Бизнес план для соцконтракта. Финансовая модель,Бизнес план для соцконтракта
lAyAKTRx9EGYtAkq,строительство крыши,Тип услуги Кровельные работы Вид услуги Строительство,Кровельные работы Ремонт кровли,Кровля кровельные работы ремонт крыш и гаражей,Кровельные работы/Монтаж и ремонт любой кровли,Кровельные работы / Монтаж и ремонт кровли,Кровельные работы Ремонт кровли
ILkogyPsrliAr2ET,установка дублирующих педалей,,Установка дублирующих педалей с Регистрацией,"Автоинструктор, инструктор по вождению (механика)",Ремонт и прошивка блока SRS/airbag U3000,Обучение езде на моноколесе,Колорист/Окрашивание волос/AirTouch/тонирование
cqkD81RbdEQWWmCn,аргон с выездом,,Сварка аргоном Выезд,"Сварка аргоном, TIG, MIG, MMA, есть выезд",Сварочные услуги с выездом,Сварка аргоном,Сварщик
Wt1lUurbttxNXEpR,мелкий ремонт квартир,,"Мастер на час, мелкий ремонт",Ремонт квартир,Мелкий ремонт,Ремонт и отделка квартир под ключ,Ремонт и отделка квартир в г. Видное
3Ck0jwB6hlydPX2V,студия для фотосессии,Вид услуги,"Весенняя фотосессия в студии, парке, цветение","Деловая фотосессия, бизнес-портрет, контент-съемка","Фотограф, фотосессия в Москве",Детская Фотосессия с утятами фотодень,"Детская фотосессия в студии на год, два, 6-9 мес"
kSRa126YggTNfny5,натяжные потолки под ключ за 1 день,Тип услуги Потолки Вид услуги Ремонт и отделка,Натяжные потолки под ключ без посредников,Натяжные потолки под ключ Без посредников Гарантия,Натяжные потолки под ключ за 1 день,Натяжные потолки под ключ.Частный мастер,Натяжные потолки Севастополь под ключ
yEk3KArPItLJw9ms,серитификация качества для маркетплейсов,,Отказное письмо вниис для маркетплейсов,Инфографика для маркетплейсов дизайн карточки,Нейросеть для маркетплейсов / Ии для маркетплейсов,"Химик-технолог, подбор оборудования","Менеджер маркетплейсов Озон, вб/Карточки вб, сео"
8LsOnGccvETl5Iga,написание диплома,,Реферат Курсовая Диплом Практика,Дипломные работы ВКР на заказ помощь в написании оформлении,"Дипломы, курсовые Психология Педагогика",Курсовая/Диплом/вкр Нефтегазовое дело,Репетитор по немецкому языку
cZy4smcHtZ2MvLcE,сварочные работы киржач и район,,Сварочные кузовные работы,Киржач - шлифмашинка Elitech в аренду,Сварочные работы,Сварочные работы,Сварочные работы
NlD4w9GeiAI63AwO,помощь на дороге,,Помощь на дороге. Прикурить авто. Выездной ремонт,Внедорожная эвакуация помощь на дороге и вне дорог,Прикурить авто 24/7 /Тамбов/ Сел аккумулятор,Услуги эвакуатора круглосуточно,"Эвакуатор круглосуточно, быстрая подача от 20 мин"
NLtzTv5oNpi3yG4Q,сбросить пароль с андроида,,Разблокировка iPhone после мошенников,Разблокировка iPhone после мошенников,Разблокировка iPhone после мошенников,Разблокировка iPhone после мошенников,Разблокировка apple
XsovdGTblkuUOL15,массаж спины,,Болит шея или спина Сниму напряжение,Массаж спины и всего тела. Снятие напряжения,Массаж (только женщины),Массаж,Массаж
jYCPoKHkU0eU7LKi,"инструктор по вождению, механика. калининский",,"Инструктор по вождению, механика. Калининский","Автоинструктор, инструктор по вождению (механика)",Инструктор по вождению Механика (МКПП),"Автоинструктор, инструктор по вождению, механика","Инструктор по вождению, женщина (механика)"
aOuSHvwL9G8qZQzv,клининг,Вид услуги Уборка,Клининг уборка квартир и домов,Клининг уборка квартир мытье окон,Уборка клининг,"Клининг/уборка квартир, офисов, мытьё окон",Клининг Уборка.Генеральная уборка.Мытье окон
erBzDNazxEaEYLWe,кинолог на полярной улице,Вид услуги Уход за животными,Кинолог/зоопсихолог/ноуз ворк Москва Медведково,Зоопсихолог / кинолог (гуманный подход),Кинолог выгул собак догситтер зооняня котоняня,Инструктор-кинолог (Дрессировка собак),"Дрессировка собак, кинолог, воспитание собак"
ypBVWGr6n6o84q5r,"обшивка,фасада дома",,"Обшивка домов сайдингом, фасадные работы",Обшивка домов сайдингом и панелями утепление,Обшивка домов сайдингом и панелями утепления,"Фасадные работы, сайдинг, обшивка стен дома","Монтаж, отделка дома сайдингом. Утепление фасада"
pCfV0c7o5uWHig5k,газификация частного дома,Тип услуги Газификация Вид услуги Строительство,Газификация частного дома,Газификация частного дома,Газификация частного дома,"Газификация частного дом, реконструкция г-да",Газификация частного дома
RcFO9btFXMOsIy33,омбре,,Маникюр,Окрашивание волос,"Маникюр,коррекция наращивания, наращивание ногтей",Наращивание натуральных и биопротеиновых волос,Маникюр в салоне
3KiR1zWJDv0sBejJ,монтаж сушильного шкафа,,"Установка/подключение техники: посуд,стир, вытяж","Ремонт стиральных, посудомоечных,сушильных машин",Ремонт бойлеров и сушильных машин,Ремонт стиральных машин и духовых шкафов,Ремонт стиральных машин и духовых шкафов
xFDdXZsxVp2LH4LY,репетитор по химии огэ,"Вид услуги Обучение, курсы",Репетитор химии онлайн. Услуги репетитора. ЕГЭ ОГЭ,Репетитор по химии,Репетитор по химии и биологии Подготовка к ОГЭ ЕГЭ,Репетитор по Химии,Репетитор химии биологии ОГЭ ЕГЭ в медвуз Москвы
95L0gpPjRoDUUwqf,продам место на кладбище,Вид услуги Другое,Оградки на кладбище,Крест на кладбище,Благоустройство могил. Установка памятников,Столик и лавочка на кладбище,Уборка могил на кладбище
zv3oTryxdmXYRZRX,массаж сходня,"Вид услуги Красота, здоровье",Массаж Сходня,Массаж Сходня,Северные ручные техники Сходня,Профессиональный массаж в Сходне,"Массаж. Мадейратерапия. (Тело, лицо). Массаж лица"
S1kndubWjm6J1lHP,домики на берегу озера,,Уютный домик на берегу озера,Жильё на озере Беле,Отдых на берегу озера с баней и чаном,Эллинг,Домик всем русская баня на дровах
Mr1BgVTAyPoq6b9g,обогрев крыши и водостоков,,"Монтаж кровли, водостока,карнизов, сайдинг,крыши",Крыша кровельные работы,Монтаж и ремонт водосточной системы,Кровельные работы (монтаж крыши),"Монтаж сайдинга, откосов, карниза, водостоки"
no5QcEFwHNu79q7v,стоматолог,Вид услуги,Стоматолог. Зубной врач,Профилактический осмотр у стоматолога,Стоматология. Стоматолог,Зубной врач. Стоматолог. Лечение без боли,Имплантация зубов Частный стоматолог
PDKgOm5rb6rtp5Oc,ремонт стиральных машин,,Ремонт стиральных машин и бытовой техники,Ремонт стиральных машин,Ремонт стиральных машин,Ремонт стиральных машин,Ремонт стиральных машин с гарантией
INxQSrxtqq1C6byw,резиновое покрытие,,"Резиновое покрытие, резиновая крошка на заказ",Покрытие из резиновой крошки,Бесшовное резиновое покрытие,Резиновое покрытие для уличных площадок,Резиновое покрытие / Укладка резинового покрытия
zRU2hwrWu6p56dU6,ванна под ключ академгородок,Тип услуги Ремонт квартир и домов под ключ Вид услуги Ремонт и отделка,Ремонт и отделка квартир,Ремонт квартира,"Ремонт ванны и мн,др",Ремонт и отделка квартир. ремонт под ключ,Ремонт и отделка квартир под ключ работа услуги
ZPco3GN4b7Kczm67,напечатать стикеры,,Печать наклеек стикеров Самоклеящиеся этикетки,Печать наклейки стикеры бэклит таблички уф,Печать объемных стикеров со смолой 3D,Печать наклеек и 3Д стикеров,Печать наклеек
644GavejS8z1x5ob,баня индивидуальное парение,,"Баня,индивидуальное парение, банщик","Баня, индивидуальное парение Пармастер Банщик",Индивидуальное парение в русской бане,Банщица женская баня пар-мастерица девичник в бане,Пармастер Баня с парением индивидуальная программа
pqnVupvqxNnoCppd,мусор,,Вывоз мусора,"Грузоперевозки вывоз мусора,дачный переезд",Вывоз мусора,Вывоз мусора,Вывоз мусора Спуск Погрузка Демонтаж
ERUBMWMNw5S6KkAe,аренда мерседес майбах,,Мерседес Майбах в аренду Иркутск Ангарск,"Вип трансфер. Аренда Mercedes майбах, Байкал",Аренда автомобиля мерседес геленваген с водителем,Аренда автомобиля Мерседес,"Аренда,Трансферы. Минивэн Мерседес Вито 447"
lBHj0r5l7k2VAWkI,ремонт газовых варочных,,"Установка и ремонт газовых плит,колонок","Ремонт,установка газ.колонок,плит,варочных панелей",Ремонт электрических плит и варочных панелей,Ремонт электрических плит и варочных панелей,Мастер по ремонту варочных панелей и духовок
FyEsvgRIXQLjnMN9,бьюти коворкинг мечто лля мастеров по волосам,,Бьюти Коворкинг. Место для мастеров по волосам,Аренда рабочего места бьюти мастера. Коворкинг,Аренда для мастеров,"Услуги колориста, окрашивание волос, ботокс",Аренда рабочего места колориста
sJdUeKNfHIta9x9H,ремонт рвд,,Ремонт и изготовление рвд,Ремонт и изготовление шлангов рвд,Ремонт рвд трубок высокого давления Гур / АКПП,Ремонт рвд автомоечных рукавов/шлангов,Изготовление и ремонт рвд 24/7
KJ70tdxKp9RkMafZ,простка канализации,,Копаем Проводим Канализацию.Водопровод,Прочистка канализации/Разморозка,Проект водопровода и канализации,Прочистка канализации/телеинспекция труб,"Копаем и проводим водопровод,канализацию"
J7QszCiSuGoHMSeu,массаж на дому пожилым,,Массаж на дому для детей и взрослых,Массаж.Электрофорез,Уход за пожилыми людьми на дому,Профилактика деменции для пожилых на дому,Уход за пожилыми людьми на дому и в стационаре
MwihntuNwLkGlNUi,визитки реклама,Вид услуги,Создание сайтов. Продвижение сайтов,Изготовление визиток,Монтаж наружней рекламы наклеек табличек,Настройка Яндекс.Директ (директолог),Изготовление и монтаж наружной рекламы
FYFPDfr59yNnTyMW,сайт пригоашение на день рождения,,"Пригласительное на свадьбу, день Рождения, сайт",Сайт приглашение на свадьбу/день рождения,Пригласительные на свадьбу/день рождения/торжество,Пригласительное на свадьбу онлайн,Сайт-пригласительное
aI8tBxMVKrhH4bEM,установка  двери,Тип услуги Двери Вид услуги Ремонт и отделка,Мастер на час / Электрик / Сантехник,Установка всех видов дверей,Установка входных и межкомнатных дверей,Надежная установка входных дверей: 10 лет опыта и,"Установка, продажа дверей"
kk5aRTSKw5rlmZJ4,догруз москва,,"Грузоперевозки город - межгород, переезды",Грузоперевозки Иркутск-Братск-Иркутск,"Грузоперевозки, город,меж город",Грузоперевозки,Грузоперевозки межгород
3mYZ9c93IwTFmKew,курьерская доставка,Вид услуги Грузоперевозки,Свой человек в Симферополе / Курьерские услуги,"Курьер, такси, ""трезвый водитель"", грузо, зоотакси",Курьерские услуги / Свой человек / Курьер на авто,Грузоперевозки по Крыму,"Перегон, Курьер на авто, Трезвый водитель"
eDmVfXxFBgOsqzcW,снятие жидких обоев,Вид услуги Ремонт и отделка,Поклейка Обоев,Снятие обоев\штукатурки\ удаляем старую отделку,Поклейка обоев,"Поклейка обоев, Ремонт квартир,молдинги,3Dпанели",Поклейка обоев Покраска стен Малярные работы
gsYSaM6ARbm1xPiH,ремонт фасадов многоквартирных домов,,"Фасадные работы, утепление, многоквартирный дом",Обшивка дома сайдингом,"Фасад ""под ключ""",Фасадные работы Утепление фасада Отделка,Фасады сфтк (мокрый фасад)
sNeRFDzhzUk7YcIf,ремонт фотоаппаратов canon,,"Ремонт фотоаппаратов Canon, Nikon, Sony",Аренда фотоаппарата canon eos 1100d,Аренда Canon G7x Mark iii Фотоаппарата,Руссификация фотоаппаратов Canon / Nikon / Sony,Ремонт фотоаппаратов/обективов
6cnMl0ZekUzEW01l,подготовка к поступлению в школу летово,"Вид услуги Обучение, курсы","Репетитор английского ЕГЭ, Лицей вшэ, Летово","Репетитор начальных,средних классов",Репетитор по русскому языку и литературе ОГЭ,"Репетитор по математике, физике олимпиады ЕГЭ",Репетитор по олимпиадной математике 3 4 5 класс
PRdYqlIgGlezbMCG,преподаватель по актерскому мастерству,,Педагог по актерскому мастерству и технике речи,"Актерское, ораторское мастерство, сценическая речь",Актерское мастерство от актера театра и кино,"Голос, речь, ораторское и актерское мастерство",Ораторское искусство-Речь-Публичные выступления
t6fnuxfVRCXJvTIE,вывоз старой мебели и мусора из квартиры с грузчиками,Вид услуги Вывоз мусора и вторсырья,Вывоз строительного мусора вывоз старой мебели,Вывоз старой мебели хлама из квартир с грузчиками,Вывоз мебели / Вывоз старой мебели,Вывоз мусора утилизация на полигон,Вывоз мусора и старой мебели газель
XPUnGQx8Zx2h3eFs,покраска волос ирина,"Тип услуги Услуги парикмахера Вид услуги Красота, здоровье",Все виды окрашивания,Парикмахер-стилист/Стрижка/Окрашивание,Парикмахер стилист,Наращивание волос,Окрашивание волос
KqphEt2A1O3Q4EJy,репетитор 7 класс,"Вид услуги Обучение, курсы",Репетитор по математике,"Репетитор начальных классов,подготовительные курсы",Репетитор начальных классов,Репетитор начальных классов,"Репетитор начальных классов, ВПР"
qxB1yqGr424phWdu,обналичка дверей,,Установка межкомнатных и входных дверей,"Установка межкомнатных и входных дверей, замер","Аварийное вскрытие замков, установка дверей",Профессиональная установка межкомнатных дверей,Установка и ремонт входных металлических дверей
oawxtX5wvS7j6seU,пранк услуги,"Вид услуги Охрана, безопасность",Личная охрана,Услуги Личной Охраны,Личная охрана решение проблем,Предоставление профессиональной охраны,"Личная Охрана, Решение конфликтов"
ngfajDZ86pgODPhj,ростехнадзор регистрация кму,,Регистрация манипуляторов опо в Ростехнадзоре,Регистрация крана в Ростехнадзоре /Регистрация опо,Регистрация крана в Ростехнадзоре /Регистрация опо,Регистрация крана в Ростехнадзоре /Регистрация опо,"Аренда и услуги манипулятора, стрела 8 т, 19 м, борт 6 м"
gK4esiqKdwvBoWgM,чертежи на заказ,,Чертежи на заказ,"Чертежи на заказ,3d-моделирование,пом.студентам","Чертежи на заказ, набор текста",Чертежи на заказ,Чертежи карандашом от руки
RqKyFCh5RdQpWmpm,master класс на день рождения,,Парфюмерный мастер класс,Аниматоры. Квесты. Шоу. Мастер классы. Челябинск,"Мастер-класс в школу, на день рождения",Аниматоры на день рождения,Котел газовый
WbpjeeGSFufJ6XKw,витапластика,,Омоложение лица и оздоровление тела Витапластика,"Естественное омоложение лица, Витапластика, бмс",Покраска древесины,Перманентный макияж,"Химчистка, покраска кожи и дублёнок. Озонирование"
w40Ad712zX9IhY0g,пилинг лица модель,,Модель на чистку лица / пилинг / инъекции,Пилинг кислотный,Косметолог / чистка лица / пилинг,Косметолог/чистка лица/биоревитализация,Карбоновый пилинг лица
8uhDkC57TwhUt0IW,наращивание ресниц александра,,Наращивание ресниц / LED-наращивание ресниц,Наращивание ресниц модель,Наращивание ресниц-LED наращивание,LED-Наращивание ресниц,Наращивание ресниц
l69kGM4w28csK4Yq,видеоограф,,Видеопродакшн/Полного цикла/ Видеоограф,"Ремонт наручных часов, замена стекла, батареек","Баннер на заказ, Пленка, Баннерная сетка, Печать","Лфк,массаж детям\взрослым- инсульт,дцп,травма",Бьюти-коворкинг почасовая аренда рабочего места
16QDT2aWuihnYshj,замена секции ворот алютех,,"Откатные ворота 4000х2000 мм, Prestige с установкой",Ремонт монтаж ворот дархан алютех,Комплект откатных ворот для самостоятельной сварки,"Рольворота, рольставни на гараж 3,7х2,5 м, Монтаж",Откатные ворота
pgiIHko2P8nOoh8v,герметизация оконных швов,Тип услуги Окна и балконы Вид услуги Ремонт и отделка,"Остекление и отделка балконов, окна пвх",Ремонт пластиковых окон москитные сетки,Ремонт окон,Ремонт пластиковых окон установка фурнитуры,"Ремонт окон в Пик, откидной механизм, моск.сетки"
PBOg2yR9dMbRpx4u,порошковая покраска высокая камера,,Порошковая покраска,Порошковая покраска,Порошковая покраска металлических изделий,Порошковая покраска металлических изделий,"Порошковая покраска, Красим всё"
70Fko3ReYF7pYAGN,аренда cadilac с водителем,Вид услуги Пассажирские перевозки,Аренда автобуса с Водителем,Заказ и аренда микроавтобуса с водителем Балашиха,Аренда авто с водителем водитель с автомобилем,"Пассажирские перевозки, аренда авто с водителем","Заказ, аренда автобуса, пассажирские перевозки"
xwOv8mDr6iGDTsel,модель на брови,"Тип услуги Ресницы, брови Вид услуги Красота, здоровье",Модель на брови и ресницы,Модель на брови,Модель брови ламинирование ресниц,"Модели на брови, наращивание ресниц, массаж",Модель на брови
nE3KEUpheD6M1mWo,аренда стола для мероприятия,,Столы и лавки для мероприятий в аренду,"Аренда столов / Стол в аренду, с гарантией",Аренда столов и стульев,"Аренда столов, аренда мебели для мероприятия",Коктейльные столы 110*80см в аренду прокат
8vfuZFbDYOmrFy2k,опилка деревьев,"Тип услуги Озеленение, уход за садом и огородом Вид услуги Сад, благоустройство",Опилка деревьев,"Помощь по саду,огороду",Расчистка участка / Удаление пней / Спил деревьев,"Измельчение, переработка веток, спил деревьев",Опиловка деревьев
oGxjylxDEEobPxCu,репетитор подготовка к егэ китайский язык,,Репетитор по английскому языку ОГЭ ЕГЭ,Репетитор китайского языка оффлайн/онлайн,Репетитор по китайскому языку,Репетитор-носитель китайского языка,Репетитор китайского языка онлайн
Hqho508GclFcO5iV,репетитор по английскому языку iielts,,Репетитор по английскому языку онлайн,Репетитор по английскому языку,Репетитор по английскому языку онлайн,Репетитор по английскому языку онлайн,Репетитор по английскому языку
3Ch8txPinohG9670,голые ногти,,"Маникюр, ""Голые ногти"", Наращивание, Педикюр",Маникюр с покрытием,Пилочный маникюр и покрытие пленками,Голый кот сфинкс,"Гель лак, наращивание ногтей, качественно"
aQNk1c8zB50AfXiH,укладка плитки тротуарной,"Вид услуги Сад, благоустройство",Укладка тротуарной плитки,"Укладка тротуарной плитки, Асфальтирование",Укладка Тротуарной плитки,"Укладка тротуарной плитки, брусчатки",Укладка тротуарной плитки
0EtYIZ26wGTSuK54,экстрим вокал,"Тип услуги Дизайн, рисование Вид услуги Обучение, курсы",Уроки эстрадного вокала / рок / экстрим вокала,"Уроки вокала, экстрим-вокал, рок-вокал",Преподаватель по вокалу онлайн. Экстрим вокал,Преподаватель по вокалу,Уроки вокала + экстрим-техники
CqCH6sKqaPbbNy7J,обклейка холодильника пленкой,,Оклейка пленкой любых поверхностей и холодильники,Оклейка винил. плёнкой - всего (почти всего),Обмотка предметов для художественной гимнастики,Оклейка авто защитной пленкой в Москве,Поклейка плёнки и реклама в Москве
XrGY6rlt8ueeO3TG,замена водосчетчика,,Сантехнические работы любой сложности,Поверка счётчиков воды Мончегорск,Услуги мастер на час,Услуги сантехника,Услуги сантехника г. Мончегорск
gBZFAmYqLaCaBgE7,оцифровка лекал,,Оцифровка и градация лекал. Зарисовка. Раскладка,Оцифровка лекал,Оцифровка и размножение лекал швейных изделий,Оцифровка и градация лекал. Экономичная раскладка,"Оцифровка, градация лекала"
jxkReAwZI3LzvmkS,специалист по настройкам окон пластиковых,,"Яндекс Директ, настройка рекламы",Ремонт окон. Ремонт пластиковых окон. Регулировка,Ремонт пластиковых окон Настройка Замена Утепление,Специалист по продвижению сайтов,Настройка и ремонт пластиковых окон
6MCvgB2JQXqKtYLF,репетитор по высшей математике для студентов,,Онлайн репетитор по высшей математике (студентам),"Репетитор по математике, информатике, иит челгу",Репетитор по математике,Репетитор по математике/информатике,Высшая математика. Онлайн-помощь студентам. Быстро
N56wCCSJzBaGwfwj,криполиз,"Онлайн-запись Вид услуги Красота, здоровье",Почасовая аренда места визажисту/бровисту,Плазмотерапия (PRP) лица и волос Субцизия рубцов,Аренда кабинета мастера маникюра и педикюра,Наращивание ногтей Маникюр Краснодар,Аренда кабинета косметолога
Z9z1Cp9HelFAnzND,заливка наливного пола,Тип услуги Полы и напольные покрытия Вид услуги Ремонт и отделка,Полы и напольные покрытия,"Наливные полимерные полы,промышленные полы","Заливка ровнителя,наливной пол,выравнивание полов","Заливка полов ровнителем, стяжка пола",Заливка пола финишным ровнителем. Выравнивание
4vgqinx5AXfZQGGB,копать траншею,,Копать траншеи копать яму дренаж вручную,"Копка траншей вручную,ямы,колодцы,под воду и газ",Услуги профессиональных землекопов,Услуги мини экскаватора,Копка траншей экскаватором
0xiWwHRveL4G7TLE,изготовление деревянных дверей под заказ,"Вид услуги Оборудование, производство",Деревянные наличники,"Деревянные и ящики из двп на заказ, с НДС",Перегородка раздвижная (двери-купе),Чпу фрезеровка,Обивка входных дверей / Замена мдф панели
HihlFPiAUqdRYfJX,инженер сметчик,Вид услуги Деловые услуги,"Сметчик, разработка ППР, ид, проект","Сметчик, составление смет, Разработка ППР, пто","Сметчик, разработка ППР, исполнительная, пто",Сметчик. Услуги сметчика. Разработка ППР,Сметчик. Смета. Услуги сметчика
V5AjC1z3YHHY9sr2,crypto card,Вид услуги,Эксперт по аппаратным девайсам,Иммиграционная виза в США EB-1,ВНЖ Венгрии под ключ,Иммиграционная виза в США,Оплата иностранной картой PayPal / Master Card
gNkBfSYefrXGvJDa,ростовые куклы собачка,"Вид услуги Праздники, мероприятия",Аниматор ростовая кукла,Ростовая кукла Жгучая мулатка,Ростовая кукла Винни Пух,"Ростовая кукла Стич,Лабуба,Единорожка",Ростовые куклы в аренду
QKx13kZxlxEtxCKH,демонтаж стен и пола,,"Демонтаж полов, стен, потолков и др","Демонтаж полов,квартир,снос стен и вывоз мусора",Демонтаж стен/обоев/штукатурки/пола/стяжки сегодня,"Демонтаж стен, полов,квартир, вывоз мусора","Демонтаж стен, полов, подготовка квартир под ремон"
0r2Eel7jUXZ1SZaR,аренда кабриолета с водителем,Тип услуги Авто под заказ Вид услуги Пассажирские перевозки,Аренда кабриолета BMW с водителем,Аренда кабриолета с водителем на свадьбу,Белый кабриолет Lexus прокат аренда с водителем,Белый кабриолет BMW прокат аренда с водителем,Аренда прокат кабриолета BMW
sdh86Y3GmA7FxcE9,авто с водителем день,,Водитель перегонщик Перегон авто Трезвый водитель,Авто с водителем,Аренда автомобиля без водителя,Трезвый водитель/Перегон авто,"Ford Transit, 2021"
nxd5Cf20Q1MoVZzx,прокол земли,"Тип услуги Скважины, септики, колодцы Вид услуги Сад, благоустройство",Прокладка водопровода проколом,ГНБ прокол под землей,Проколы ГНБ горизонтальное шнековое бурение,Прокладка / прокол методом ГНБ водопровода / газа,Строительство шамбо/септика
Lk40lsC8CTpT7zWz,репетитор математика физика,"Тип услуги Предметы школы и вуза Вид услуги Обучение, курсы","Репетитор 1-9 класс математика,физика,общество","Репетитор математика, физика, информатика","Репетитор математика, физика. Раменское, Жуковский",Репетитор по физике и математике,Репетитор по математике и физике/ЕГЭ/ОГЭ
9XvO3wY800LCdjTS,услуги психолога оторвать от алкоголя,Вид услуги,Мотопрогулка Казань,Психолог при алкогольной зависимости онлайн,Психолог,Психолог Радмила Радиковна онлайн Казань,Окрашивание волос
zK1Txjv8akWfmdOZ,электроэрозионная резка,"Вид услуги Оборудование, производство","Электроэрозионная резка,цементация,нитроцементация",Копировально-эрозионная обработка,Эрозионные работы (проволока),Электроэрозионная обработка высокой точности,Металлообработка фрезерные чпу
xUgsmci1Qe1udAv6,выкуп айфонов,,Скупка телефонов. Скупка Айфонов. Выкуп телефонов,"Выкуп iPhone, Macbook, PlayStation, ноутбуки",Скупка техники Apple iPhone Android,"Скупка техники Apple (MacBook, iPhone, iPad)",Ремонт iPhone с выездом Круглосуточно за 20 минут
TAAD8ellMGkGq9BC,организация спиливания деревьев,,"Спил деревьев, удаление деревьев",Обрезка спил удаление деревьев. Покос - посадка тр,Кронирование деревьев/Спил деревьев с вывозом,"Арборист,Уборка участка,Покос травы, Спил деревьев",Спил Обрезка Плодовых деревьев Уборка расчистка
ZmoGa9H1FPMgl3dy,мастер по швейным машинкам,"Тип услуги Швейные машины, оверлоки Кто оказывает услуги Частный исполнитель Вид услуги Ремонт и обслуживание техники",Ремонт реставрация старинных швейных машинок,Ремонт и настройка швейных машин,"Ремонт Настройка Швейных Машин,Оверлоки Опыт 45лет",Ремонт промышленного швейного оборудования,Ремонт швейных машин
tEqLvSmfvHxdZ7ai,трамбовка  шебня,,Услуги аренда 3 тонный каток виброкаток трамбовка,Аренда вибротрамбовки виброплиты. Трамбовка грунта,Трамбовка ручная деревянная,Аренда/ Услуги грунтового катка,"Трамбовка, уплотнение грунта"
MFHpS6DyNnUK5Wfa,установка межкомнатных дверей под ключ,,Межкомнатные двери под ключ с установкой по ГОСТ,Установка межкомнатных дверей,Установка межкомнатных дверей,Установка межкомнатных дверей всех типов,Установка межкомнатных и входных дверей
OKLwSNWFKgwW2G23,рабочие по ремонту квартир,,Помощь в приеме квартиры от застройщика,Отделка,Ремонт квартир,"Риэлтор, специалист по аренде жилой недвижимости","Ремонт Квартир, коттеджей, офисов"
jROoUiKNy6vCSNrw,лайзерная резка металла,"Вид услуги Оборудование, производство",Лазерная резка металла Услуги резки,Лазерная резка Резка по металлу,Лазерная резка металла Раскрой чпу,Лазерная резка металла в Иркутске,Лазерная резка металла Срок 1 день
XtRzVAFb9KLtR7LX,протыкать дом сруб,,Конопатка сруба,Шлифовка и покраска сруба,Шлифовка сруба домов и бань,Шлифовка и покраска сруба,"Шлифовка, покраска, герметизация сруба"
2Nt0WAE6BAn4CZ8u,почасовая аренда для мастера маникюра,,Аренда места мастера маникюра,Коворкинг Зефир в Новосибирске Аренда места,Сдам в аренду рабочее место мастера маникюра,Место мастера маникюра,Аренда места мастера маникюра
15E3Y5agYQS8PNMa,био наращивание волос 6 тыс руб,,Наращивание био и натуральных волос под ключ,Наращивание волос,Наращивание волос,"Наращивание волос, ногтей (реконструкция)",Наращивание волос
ujQDSd0cNAUT2r9a,стенд,Вид услуги,Изготовление стендов информационных,Информационная табличка,Баннер,"Вывеска, Баннер, Табличка, Стенд. Купить в Вологде","Вывески,наружная реклама, монтаж банера, ремонт"
iWdYKvTyTBquev1S,репетитор по английскому языку для взрослых,"Предмет или специальность Английский язык Тип услуги Иностранные языки Вид услуги Обучение, курсы",Репетитор английского языка,Репетитор по английскому языку для взрослых,Репетитор по английскому языку подготовка к ЕГЭ,Репетитор по английскому языку для взрослых,Репетитор по английскому языку (американский)
etWZGjUu8e8DmSE4,тортик на заказ бенто,Тип услуги Другое Вид услуги Доставка еды и продуктов,Бенто Торты Капкейки на заказ,Бенто-торты/торты на заказ/капкейки,"Бенто-торты, клубника в шоколаде на заказ",Торты и бенто Печатники на заказ,Торты и десерты на заказ
mWnVqsfw8Ml7DIJg,маникюр беговая,,"Маникюр педикюр на Савушкина, 5 мин Беговая",Маникюр м.Беговая,Маникюр и Педикюр на Беговой,"Маникюр, гель-лак, салон Лия, Беговая",Маникюр Беговая Комендантский Старая Деревня
NWgJAVECBtSuND6z,ремонт ламината без разбора пола,,"Реставрация, ремонт / замена ламината без разбора",Ремонт дефектов на ламинате без разбора,"Реставрация,ремонт / замена ламината без разбора",Укладка ламината,"Укладка ламината, кварцвинила, наливной пол"
1jbwVJycRyKMWKPT,изготовление рвд,,Ремонт и изготовление рвд,Ремонт и изготовление шлангов рвд,Изготовление и ремонт рвд 24/7,Ремонт и изготовление рвд,Ремонт изготовление рукавов рвд
DVC88oJck3A5H27O,снять сауну,,Баня сауна в аренду,Аренда Сауны с Чаном в Листвянке,"Сауна, баня с бассейном, гостиница",Сауна с бассейном,Семейная сауна с бассейном
GXOYJ1zN0ibvqMq5,групповая экскурсия,,Экскурсии Бурятия Байкал Улан-Удэ Гид-водитель Гид,Групповые экскурсии эко-ферма,Экскурсии по Абхазии,Экскурсии туры по Горному Алтаю,Экскурсия по центру Костромы
TYq86QUahPJCMG9S,копка огорода вручную,,"Землекопы, Абинск, септики, огороды, траншеи","Копка септиков, колодцев",Земляные работы копка в ручную,Вспашка огорода мотоблоком,Услуги экскаватора-погрузчика
aqCEOEAZwNyq7OEB,купить аккаунт телеграмм,Вид услуги Деловые услуги,Разблокировка и Восстановление аккаунта,Восстановление аккаунта телеграмм,Восстановление аккаунта телеграмм после взлома,Восстановление телеграмм аккаунта после взлома,"SMM специалист, продвижение, ведение соц сетей"
fUjGQdCZ0iDZlLNu,английский доя детей,"Предмет или специальность Английский язык Тип услуги Иностранные языки Вид услуги Обучение, курсы",Репетитор по английскому языку,Репетитор по Английскому языку онлайн,Репетитор по английскому языку онлайн для школьников,Репетитор по английскому языку,Репетитор-носитель английского языка
23pGZy30tReQyYTr,репитер математике и русскому языку,,Репетитор по русскому языку и математике,Репетитор по русскому и английскому языкам,Репетитор для начальных классов 1-4 только онлайн,"Репетитор начальных классов, подготовка к школе",Репетиторство по русскому языку
GyYi8ufpr06tbnkk,такси из черкесска,,Трансфер такси Архыз,"Трансфер, Такси Архыз, Романтик, Минводы",Трасфер.Такси межгород из Архыза 24/7,"Трансфер/Такси Архыз, Романтик,Минводы,аэропорт",Трансфер такси в Архыз Домбай Терскол Чегет
A8rlioO1wyu0i1eu,sony playstation 5 чистка,Тип услуги Игровые приставки Вид услуги Компьютерная помощь,Ремонт игровых приставок Xbox Nintendo Playstation,Ремонт игровых приставок и джойстиков,Настройка PlayStation (PS4 / PS5) / Подключение,Настройка Playstation 4/5,Ремонт игровых приставок
atN2opGb4JaKny3Q,лофт пространство с проектором,Вид услуги,"Аренда пространства, лофта, зала для праздника","Аренда лофта, аренда площадки под мероприятия","Аренда караоке лофта, зала, пространства",Аренда зала лофта помещения для мероприятия,Арт-пространство для мероприятия
gcB07XTz40XcYjcD,собрать бусы,,"Ремонт бус, браслетов, серёжек, плету через узелок","Ремонт и переделка бус, браслетов, сережек",Ремонт и создание украшений из камней и бижутерии,Делаю бижутерию из бисера на заказ,Ремонт бижутерии и создание новых украшений
3N3lswF93nqFPKu3,покраска пола,,Покраска стен и потолков безвоздушным способом,"Безвоздушная покраска, малярные работы",Покраска стен и потолков,Безвоздушная покраска/ Малярные работы Волгоград,Малярные работы
x2waffvgRQVBaqOT,аренда палатки,,Аренда палатки / прокат палаток / продажа палаток,Аренда палатки / прокат палаток / продажа палатки,Аренда Надувная палатка Дом,"Аренда торговой палатки, шатра, мебели","Аренда,печь для палатки, походной бани"
3msqke4bHyzypK7b,стрижки женская дербент,,Скупка волос сдать продать волосы Дербент,Женское такси дербент,Стилист Визажист Дербент,Парикмахер стилист колорист,Окрашивание волос
Pkv7GdQl9J1SHyHV,электрик павел,Тип услуги Электрика Вид услуги Ремонт и отделка,Электрик Услуги электрика Электромонтаж под ключ,Электрик. Услуги электрика. Замена проводки,Услуги Электрика \ Электрик,Электрик. Услуги электрика. Замена проводки,Электрик
JCh7LQIcfXN3Hb0y,заброска на марс,,"Заброски на Марс 1, Марс 2, Марс 3, Луна","Заброска Актру, Марс, Джангысколь, Талдуринский",Аренда судна на воздушной подушке Марс 700,"Актру заброски, автоэкскурсии",Пассажирские перевозки
EdFJISSez6joNW5v,обвалка мяса,,Технолог и изготовитель мясных п/ф,"Копчение утки, гуся,сундук подарок,никах,казылык","Продаю своё. Копчу мясо, рыбу",Домашние полуфабрикаты в наличии,Репетитор английского языка онлайн
0NM1zN0GFc1EMWmS,чпу изделия,,"Изготовление изделий на чпу, фрезеровка деталей","Пошив спецодежды по чертежам, тз, раскрой на чпу","Столярная мастерская, мебель и другое","Чпу фрезерование корпусов, металлообработка",Фрезеровка по дереву на станке с чпу
DSCXZcgaqZrZ3PD6,хоумстейджинг,Тип услуги Дизайн интерьеров Вид услуги Ремонт и отделка,Хоумстейджинг Дизайн Интерьер,Хоумстейджинг -Дизайн- Комплектация квартир,Хоумстейджинг (декорирование дизайн интерьера),Начинающий Хоумстейджер,"Хоумстейджинг, Дизайн квартир, Меблировка, Ремон"
iKLFlrnqgZfODUMd,регулировка окон и дверей,,Ремонт Пластиковых Окон Дверей Регулировка Обслуживание пвх Окон Дверей Замена резинок,"Замена стеклопакетов, регулировка и ремонт окон",Ремонт пластиковых и алюминиевых окон и дверей,Ремонт пластиковых окон и дверей с гарантией,Ремонт окон пвх / Регулировка и обслуживание
MJygQQZs2siyBR3p,ремонт стиральных машин частникам,,Ремонт стиральных машин на дому. Мастер стиральных машин. Установка стиральной машины,Ремонт стиральных машин на дому и посудомоечных,Ремонт стиральных машин Ремонт холодильников,Ремонт стиральной машины иглино,Ремонт Стиральной Машины
afgz2iHDDGFwbNJD,установка ключа в электросамокат,Тип услуги Другое Вид услуги Ремонт и обслуживание техники,"Ремонт электровелосипедов, электросамокатов",Ремонт электросамокатов. Ремонт электровелосипедов,Ремонт электросамокатов и электромотоциклов,Ремонт и сборка аккумулятора электросамоката,Сборка и ремонт акб электросамоката и шуруповерта
5R3MeEAe5c8sIrEE,перевозка пассажиров новый уренгой пангоды газель,,Такси посажириски перевозки,Услуги перевозки газель по городу Новый Уренгой,Оказание транспортных услуг в Новый Уренгой,Пассажирские перевозки по городу и региону,Такси Межгород трансфер
cggKR6ppziN7NBW5,выкуп ссср,,Оценка и выкуп Антиквариата,"Оценка и выкуп предметов старины, СССР",Утилизация автоматических выключателей СССР,Оценка антиквариата,Оценка и выкуп предметов старины и антиквариата
BFc2QCk3QPSbpoEJ,эндоскоп для двигателя аренда,"Вид услуги Оборудование, производство",Эндоскоп с артикуляцией в аренду,Эндоскоп поворотный аренда,Эндоскоп аренда,Эндоскоп,Аренда авто спец инструмента
kubw12r0993X4KJ9,светящаяся надпись,,"Неоновые вывески, дизайн",Торты на заказ,Неоновая вывеска под заказ,"Гелиевые шары с доставкой, фотозона в аренду",Вязание на заказ для детей
Nb4j9WI6r6e8NFY1,агенство по организации свадьбы,,Event агенство,Организация свадеб под ключ Ростов на Дону,Кремация,Экономная организация свадьбы в Ялте и по Крыму,Массовый подбор персонала/ HR агенство
ZzjBjhRCm6Toy1f6,покраска потолка в квартире,Тип услуги Поклейка обоев и малярные работы Вид услуги Ремонт и отделка,Косметический ремонт,Ремонт и отделка квартир,Поклейка обоев. Ремонт,"Малярные работы, поклейка обоев",Малярные работы
TdHKeVa3D1TeOGOH,технадзор каркасный тент,,Технадзор каркасных и брусовых домов,Технадзор Каркас / Клееный брус,Анализ проектов. Консультации. Технадзор,"Технадзор, строительный контроль","Технадзор, оценка качества работ,Строительство"
dwMv0FP4KZXmkBGs,мойка высокого давления в аренду,"Вид услуги Оборудование, производство",Аренда мойки высокого давления в Адлере,"Аренда Мойка высокого давления (бензинка), 200бар",Karcher мойка авд в аренду,Мощная мойка в аренду. Чистота под контролем,Аренда - аппарат высокого давления karcher HD 6/15
QbBKLl8V2LXHcCTg,услуги по уборке квартиры,,Уборка частного дома квартир,VIP клининг для VIP персон,Клининг / Уборка квартир,Генеральная уборка квартиры. Уборка квартир,"Уборка квартир,клининг помещений договорной прайс"
CFLHO9AnYH8cdGn1,белый мишка поздравление,"Вид услуги Праздники, мероприятия",Белый мишка поздравление,Поздравление белого мишки 3 метра,Белый Мишка,Белый мишка поздравление с днем рождения,Белый мишка поздравление Кокос
AmpfyXcfaDPNE24i,бронирование телефона,,Бронирование телефона,Бронирование смартфонов-часов-планшетов,Полировка и бронирование фар,Ремонт телефонов и компьютеров в Абакане,Ремонт телефонов
xhZsIie92uQS7I5Z,ремонт евроокон,Тип услуги Окна и балконы Вид услуги Ремонт и отделка,Артель «амур+ окно» Евроокна,"Реставрация Евроокон, покраска деревянных окон","Ремонт евроокон, замер, изготовление, установка","Ремонт евроокон,пвх,алюминий,утепление балкона","Остекление балконов и лоджий, установка окон пвх"
cuJFZA6atyBSFAC8,детская дискотека,"Вид услуги Праздники, мероприятия",Аниматоры,Пенная дискотека,Ведущий на Мероприятие Свадьбу Юбилей Вокал Диджей,Теплая беседка с мангалом аренда,Ведущий на свадьбу юбилей мероприятие
s7CACn7KaLNfEiFZ,мотопомпа в аренду,"Вид услуги Оборудование, производство","Аренда насосов и мотопомп. Откачка, водопонижение",Аренда дизельной мотопомпы,Аренда мотопомпы для откачки воды,Мотопомпа прокат аренда,Откачка и перекачка воды мощной мотопомпой
JCcY50CrCTfV5cFn,вуду,,"Свеча вольт, кукла Вуду",Таро. Ифа. Вуду. Работа с судьбой,Строительство каркасно-щитовых домов,Фрезеровка на чпу,Таро Приворот Чистка Ритуал Обучение
daOUT7SJDLhwP4eV,тимуровцы,Тип услуги Разнорабочие Вид услуги Строительство,Разнорабочий Тимуровцы Подсобники Грузчики,Тимуровцы разнорабочие,Тимуровцы Грузчики Рабочие Уборка Огород Сад Копка,"Разнорабочие, грузчики, подсобники, покос травы",Бригада разнорабочих
3TLyJY3GJVdYCapt,услуги парикмахера шитье седины,"Тип услуги Услуги парикмахера Вид услуги Красота, здоровье",Шитьё седины окрашивание,С нами перестанешь закрашивать седину,Парикмахер - колорист,"Шитье седины, аиртач, выход из черного",Аиртач/ шитье седины/сложное окрашивание
rLVcwuzUEePpGvmG,лицензия на отходы,,Оформление лицензии на вывоз отходов,Лицензия на отходы за 10 дней,Лицензия на отходы 1-4 класс опасности,"Лицензия на опасные отходы, лом цветной, чёрный",Лицензия на отходы
VR3kGfimmUmmWNN3,стреч закупает,,Закупаю мясо свиней быков коров,Прием и вывоз макулатуры,"Серебро, вк-тк, электронные платы",Закупаем лом черных и цветных металлов,"Закупаем пвд и стретч бу(пакеты, пленку) Самовывоз"
oq3fJUfX1kucWSIo,консультация психолога,Вид услуги,"Психолог\семейный психолог, онлайн",Психолог / Психолог онлайн,Психолог г. Ижевск,Психолог. Консультация психолога. Очно / онлайн,Детский психолог
NOmafmjWsYIBjZLQ,балерина,,"Аренда и услуги телескопической автовышки, 200 кг, 12 м",Аренда и услуги автовышки,"Аренда и услуги телескопической автовышки-вездехода, 200 кг, 16 м","Аренда и услуги телескопической автовышки, 250 кг, 22 м",Корпусная мебель на заказ
KIXzk1TED1TQUEEl,пригоню авто из белоруссия,,Пригоню авто из Белоруссии. Автоподбор,Пригоню авто из Европы и Белорусии. Элптс сгбтс,Пригоню авто за свои деньги из Европы и Белоруссии,Пригоню авто из Белоруссии автоподбор диагностика,Авто под заказ из Китая Европы Белоруссии Германии
kNk0MCCg5oB1ZkV2,гидроизоляция электросамоката,,Ремонт электросамокатов электровелосипедов,Ремонт электросамокатов и любого электротранспорта,"Ремонт электросамокатов, сервис, тюнинг",Ремонт Электросамокатов,Ремонт электросамокатов
tYC3caHTBSd5OB7r,вывоз покошеной травы,,Покос травы триммером,"Уход за могилами, уборка могил в Перми","Покос травы, скарификация, опрыскивание",Покос травы триммером и газонокосилкой,Покос травы
FeWTlZUgOVsCrcho,монтаж стеновых панелей в ванне пвх,Вид услуги Ремонт и отделка,Отделка ванных комнат пвх панелями,Мастер на час на всё руки,Поклейка Багета. Пвх панели,"Отделка, ремонт балконов и лоджей под ключ",Ванная под ключ
86EbpVfyg4JBN5ok,почистить дымоход,Вид услуги Ремонт и отделка,Монтаж дымоходов в многоквартирных домах,"Муж на час, мастер на час","Монтаж и ремонт дымоходов, каминов",Чистка дымоходов мангалов и вытяжек плит,Чистка дымоходов мангалов и вытяжек плит
78T8OX1E57PmCv9t,фотогиаф для фотопроектов,Вид услуги Фото- и видеосъёмка,Фотопроекты Фотограф,Фотосессия. Фотопроект,Услуги фотографа,"Фотосессия онлайн, нейросессия, реставрация","Фото на памятник, реставрация и восстановление"
V8oSuHxIM3DXa4FP,найти репетитора на дому по математике на гагарина,,Репетитор по математике 5-9 класс,Репетитор по математике 5-11 класс,Репетитор по математике. Пробное без оплаты,Репетитор по математике ОГЭ ЕГЭ с нуля,Репетитор по физике и математике
mkvvSSduzj50ko33,счастье для волос,"Тип услуги Услуги парикмахера Вид услуги Красота, здоровье",Кератин ботокс нанопластика счастье,Окрашивание волос airtouch сложное,Ручная полировка волос,"Ботокс/кератин (Константиновка, Светлая Долина)",Капсулирование / Снятие /Наращивание волос
XETiXKQgfTvXXyd4,подготовка к школе кузнецк фарадец,"Вид услуги Обучение, курсы",Подготовка к школе,Репетитор,Подготовка детей к школе,Репетитор ОГЭ ЕГЭ информатика в Кузнецке онлайн,Экспресс-подготовка детей к школе
cLEo318Z3t4yZOBI,печать подарочных сертификатов,Вид услуги,Печать подарочных сертификатов буклетов листовок,Фотограф,Bomond Records - студия звукозаписи,Шоколадные подарки,Фотосессия в студии автопортрета
2IDkMl8eG0f2Bhn4,москва батуми,,Трансфер в Грузию: Владикавказ - Тбилиси - Батуми,Трансфер из России в Грузию Владикавказ - Батуми,Поездки-Трансфер в Грузию Гудаури/Тбилиси/Батуми,Трансфер Владикавказ Тбилиси Батуми Минводы,Трансфер-такси-Владикавказ-Гудаури-Тбилиси-Батуми
uvXhsIs6YxI0r9vE,прокат бетономешалки,"Вид услуги Оборудование, производство",Бетономешалка прокат аренда,Прокат Бетономешалка Аренда бетономешалки. Миксер,Протат аренда рохля инструмента бетономешалка,Бетономешалка в аренду,Прокат мотобур
ZTzOdNoVdJfFP1xh,творческая студия для подростков,,Студия живописи и искусства,"Творческая мастерская, изо, дпи. Студия рисования","Фотомодель для маркетплейса, модель подросток, мод",Аренда студии для фотосессии (1 зал),Мастер-классы в арт-студии alma khora
XSC29ytJSycOmC1J,дубликат номера мот,,Дубликаты гос номеров официально,Дубликаты иностранных номеров,Дубликаты гос номеров на авто москва,Дубликаты авто номеров по госту,Дубликат гос номеров по госту
SKaCXtDJlonYzSkZ,спортивный зал в аренду,,Спортивный зал в аренду,Спортивный зал в аренду,Спортивный зал в аренду,Аренда спортивного зала для единоборств,Спортивный зал в аренду (танцы/йога/единоборства)
loZkhuDiWkgoPQwD,выкуп авто на разбор,,Выкуп Российских авто на разбор или металлолом,"Выкуп авто, выкуп автохлама, выкуп на разбор 25/7",Выкуп авто на разборку,Выкуп авто,Выкуп любых авто на разбор иномарки
Rjv1HXESs6bGTPhR,услуги штукатурка частные,Тип услуги Штукатурные работы Вид услуги Ремонт и отделка,Механизированная штукатурка стен Частный Мастер,Штукатурка стен Шпаклевка Частник,Штукатурные работы,Штукатурка стен по маякам ручная,Механизированная штукатурка стен
ravkgqFgQ0QzsIq8,падл теннис,,Тренер по падл теннису,Тренер по падл теннису,Партнер по падл теннису,Тренер по большому теннису и тренер по паделу,Партнёр по теннису / н.теннису (ЮЗАО / Таганка)
jMkJoQDigwRGAVvY,перевозки тула,Вид услуги Грузоперевозки,Грузоперевозки Тула межгород,Грузоперевозки переезды грузчики,Грузоперевозки межгород Фиат Дукато,Грузоперевозки и переезды межгород от 500 км,Грузоперевозки Газель до 2 тн без посредников
gOF1ZQw1cXc6cyBK,обучение сварка,,"Курсы сварки, обучение сварщиков с практикой",Обучение сварки - практика,"Курсы сварки,обучение на сварщика",Аргонщик Сварка аргоном Выезд Сварка алюминия,"Сварка аргоном, аргоновая сварка, алюминия"
5t670mkkmx9XUp12,грузоперевозки переезды газель,Вид услуги Грузоперевозки,Грузоперевозки Грузчики Переезды Газель,Грузоперевозки межгород попутно / газель переезды,"Грузчики и переезды с газелью, грузоперевозки",Грузоперевозки переезды газель с грузчиками,Грузоперевозки Газель Переезды Доставка Перевозка
RQCddbIs0q840JOh,иркутск септик ремонт,,Установка септиков под ключ в Иркутске,Септик из жби колец под ключ. Иркутск,Септики. Канализация. Кессоны Иркутск,"Выгребные ямы, септик, кессоны, под ключ","Септик ""под ключ"" от производителя за один день"
d7NoT4bFmqUz0boE,услуги мини экскаватора выравнивание земли сафонтьево истринский район,,Аренда мини экскаватора,Экскаватор погрузчик. Ямобур. Гидромолот,Аренда экскаватора погрузчика jcb,Аренда экскаватора погрузчика,Аренда экскаватора погрузчика
g1rRx6axOH4WxeF8,подравнивание волос,"Вид услуги Красота, здоровье",Полировка волос. Подравнивание кончиков,"Подравнивание,каре женские стрижки","Кератиновое выпрямление,ботокс,реконструкция волос",Полировка секущихся волос + подравнивание,Холодное восстановление волос биопластика
uc2vz7EKCesNRB3E,забор из габиона под ключ,"Тип услуги Ограждения, навесы, рольставни Вид услуги Сад, благоустройство",Заборы из габионов под ключ,Забор из евроштакетника без предоплаты под ключ,Забор из сетки рабица под ключ,Забор из профлиста/профнастила под ключ,"Забор из 3Д сетки Гиттер, сетки Рабица"
OQ0AAFtZNeGwNnj9,ремонт домов,Вид услуги Ремонт и отделка,Ремонт и отделка квартир под ключ,Ремонт квартир и домов частная бригада,Ремонт квартир,Ремонт квартир помещений,Ремонт и отделка квартир
K9s0IQeRgoU69Fl8,гтд на двигатель,,Документация на Двигатель (гтд),Восстановление утраченных гтд,Таможенное оформление двигателя гтд,Документы на двигатель/покупка двигателя,Оформление гтд на мини-эксковатор лодочный мотор
Jqr9BlNZD31PHE6B,эвакуатор молоково,,Услуги эвакуатора. Услуги манипулятора. Эвакуатор,Ремонт Додж Крайслер автосервис юао Кондиционеры,Аренда строительных лесов для фасадных работ,Мастер на час,Кран гаражный гусь в аренду
y6pFbgwMkwggHfoT,бурение выгребной ямы,,Ручная чистка выгребных ям от ила,Канализация под ключ Септики Выгребные ямы,Бурение под жби кольца Казань. Выгребная яма до 6м,Реанимация выгребных ям и септиков,Услуги Аренда илосос 22 куба
ajOVqIxKrv3BaKBY,пошив сумок,,Пошив чехлов и сумок на заказ,"Лаконика, пошив обуви,ремонт обуви и сумок",Пошив сумок,"Пошив чехлов, тентов, сумок",Меховое ателье ремонт любого вида одежды
sjFtaJqpJrQXjVXT,программист iphone,,Наставник программист 1С,Программист 1С / 1С Альфа-Авто 6,Программист 1С. Настройка. Обновление,Программист 1С. Настройка. Обновление,Программист 1С. Настройка. Обновление
mE7xd8Vy0h7RmMOP,ремонт дверей машины,,Вскрытие замков дверей и автомобилей,Вскрытие замков Дверей Автомобилей ремонт,"Вскрытие замков, авто, поможем открыть дверь",Ремонт замка зажигания автомобиля,Ремонт стиральных машин холодильников
tD1lIGF8uIoM6UrM,арт вечеринка,"Вид услуги Праздники, мероприятия","Арт вечеринка, мастер-класс",Арт пикник,Студия для мастер-классов и арт вечеринок цао,"Арт-вечеринка, мастер-класс Луна",Арт пикник с метафорическими картами и рисованием
KfQxsN87wU2luYq0,переводчик с английского последовательный,,Переводчик китайского языка,Переводчик английского/испанского,Переводчик английского и итальянского,Переводчик с английского языка,Переводчик английского языка
zR4soEVRlWakwi2J,цена работы землиде для газона,,Благоустройство под ключ Безупречный Газон,Выравнивание площадки под газон,Озеленение участка- безупречные газоны с гарантией,Обслуживание участков,Выравнивание площадки под газон
0REMYoSgs4ezzA2g,сборщик мебели варшавское,Тип услуги Сборка и ремонт мебели Вид услуги Ремонт и отделка,Сборщик мебели.Сборка мебели,"Сборщик мебели.Сборка мебели,разборка.Опыт",Мастер на час,Сборка мебели Сборщик мебели Сборка кухни,Сборка мебели
mccNfoW1SeL5pdak,бьюти коворкинг кератин,"Онлайн-запись Вид услуги Красота, здоровье","Кератин, Ботокс аренда рабочего места",Визажное место в аренду/ бьюти-коворкинг,Бьюти-коворкинг / Аренда кабинета косметолога,Бьюти коворкинг для лэшмейкера,Аренда кресла для кератина
3sDPVe7KXSSP5y4Q,разработка меню для кофейни,,Создание меню кофейни,Разработка авторского и сезонного меню для кофейни,Разработка напитков,"Трендовые напитки: Бабл ти, Лимонады, Чаи, Кофе","Меню для ресторанов, кафе, шаурмечных"
YNQ4Hkd8APCHNNMy,обработка от клещей харлуши,,"Уничтожение клопов, тараканов, клещей и комаров","Обработка от клещей, комаров",Обработка от Комаров Клещей Короеда Муравьёв Мух,Уничтожение клещей клопов тараканов муравьёв блох,Обработка от клещей клопов тараканов запах
a1fHQpn4b5YRWqyO,на высоте балкоры,Тип услуги Окна и балконы Вид услуги Ремонт и отделка,"Монтаж окон, отделка лоджий и балконов под ключ",Отделка балконов под ключ,Остекление Отделка Утепление балкона и лоджий,Остекление и отделка балконов,Отделка и остекление балконов за 2 дня
MQzQh3sInflbUhri,шпаклевка под обои,Тип услуги Поклейка обоев и малярные работы Вид услуги Ремонт и отделка,"Поклейка обоев, шпаклевка, штукатурка",Шпаклёвка стен под обои и поклейка,"Штукатурно-малярные работы, поклейка обоев",Штукатурно-малярные работы,Молярные работы
VroL4mATvDcjnvxf,мастер по натяжным потолкам,Вид услуги Ремонт и отделка,Натяжные потолки частный мастер,Натяжные потолки,Натяжные потолки для дома,Ремонт натяжных потолков и слив воды,Натяжные потолки
tdJbt5FDpTkA2J0m,фотосьемка,Вид услуги Фото- и видеосъёмка,Фотограф.Фотосьёмка интерьера,Фотограф,Классные фото без студии+живые фото,Аэросъемка с квадрокоптера,Ии фотосессия ai фото видео/генерация изображений
fiQP36pEKgdWjCD9,вибро нога в аренду,"Вид услуги Оборудование, производство",Вибро нога аренда,Аренда/прокат инструмента,Сдам в аренду виброплиту,"Аренда вибро плита,вибро нога,бензобур",Аренда вибро-плиты 70-80-90-160-250 кг
NWLRZzMN0FcpErxu,установка кронштейна,,Мастер на час,Установка телевизора,Установка телевизора,Установка телевизора на стену,Установка спутникового телевидения
HZxHStQMus2KRACl,оградка,,Оградки,Благоустройство мест захоронений,"Изготовление оградок, ритуальных столов, лавочек",Заборы ограждения оградки ворота,Изделия из металла
4KF64NuDLGrbdLfZ,гарантия уничтожение грибка плесени и,,Уничтожение плесени и грибка. Гарантия,Уничтожение плесени и грибка,"Удаление плесени, грибка и запаха /озонирование",Удаление плесени Гарантия Частный мастер,Удаление запахов плесени озонация Дезинфекция
BLi5g4zFAwbzZXuM,пермь массаж на дому раслабляющий,"Тип услуги СПА-услуги, массаж Вид услуги Красота, здоровье",Массаж в г. Пермь,"Парильщик, банщик, пармастер. Парение, спа,массаж",Массаж тела и уход за лицом,Массаж закамск,Массаж тела и лица
G94hAlTb5WArO6ze,ремонт телевизионных антенн,,Антенны - 20 каналов. Триколор. Нтв-Плюс. МТС,"Продажа Монтаж Спутниковых Антенн, Видеонаблюдение","Установка,настройка антенн Триколор,нтв+,мтс",Ремонт телевизоров с гарантией. Краснодар,Выездной мастер по ремонту и настройки пк и тв
2jQuhrbiX901yHlh,мастер на час покраска,,Мастер на час,Мастер-муж на час,Мастер на час,Мастер на час,Мастер на час мелкий бытовой ремонт
rNhe7mja1wXK9MHl,декоратор,"Вид услуги Праздники, мероприятия",Свадебный декоратор прзиюдум фотозна,Свадебное оформление,"Свадебное оформление под ключ, свадебный декор",Аниматор для Вашего праздника,Гелиевые шары доставка шаров оформление шарами
iMVyT7f1AH7Bmytq,мойщик оконаренда,"Вид услуги Оборудование, производство",Робот мойщик окон,Аренда робота мойщика окон,Аренда робот мойщик окон,Аренда робот мойщик окон,Аренда робота мойщика окон
PN8IyHp34LavhNVI,бензопила в аренду,"Вид услуги Оборудование, производство",Прокат строительного инструмента в Сселках,Мозаично-шлифовальная машина в аренду,Монтажный пистолет Toua GSN50E в аренду,Компрессор Ergus DV 370 в аренду,Аренда опалубки стен
7hZgkMA3qItfwLhD,пломбирование счетчиков воды,,Поверка счётчиков горячей и холодной воды,Замена счетчиков воды. Установка,Замена счетчиков воды и газа с опломбировкой.Цены,Поверка счетчиков воды г. Нижний Новгород,Поверка счетчиков воды Автозавод
ZwB1wrQIZRmK3UIx,боль в пояснице,,Помогаю людям при болях в спине и пояснице,Массаж при болях в спине,Мануалка-Массаж,Массаж (TGO),Массаж
lFgn0161UoAYtsRe,ремонт и отделка балконов,,Отделка и утепление балконов и лоджий под ключ,"Балкон под ключ: остекление, утепление, отделка",Остекление балконов и лоджий под ключ,Остекление и отделка балконов,Остекление балконов / утепление / отделка
87tEm8xtyzvH6bRX,эвакуатор для спецтехники,Вид услуги Услуги эвакуатора,Эвакуатор.Услуги эвакуатора,Эвакуатор перевозка спецтехники,"Услуги спецтехники,воровайка,эвакуатор",Услуги эвакуатора,Услуги эвакуатора круглосуточно
IjrzlEzxVhWvPNib,выкуп комплектующих пк,Вид услуги,Выкуп комплектующих пк,Выкуплю ваш ноутбук и технику,"Скупка видеокарт, комплектующих и пк",Скупка / трейд ин комплектующих пк,"Выкуп видеокарт, компьютеров,ноутбуков"
VrbL5mTEqdx7bm4y,бенто торт срочный заказ,,"Бенто торт,торты от 1кг,капкейки, свадебные торты","Торты, бенто торт на заказ, детские торты","Бенто торты, капкейки на заказ","Торт, Бенто торт,свадебные торты,капкейки,чизкейк","Бенто торты, трайфлы и капкейки на заказ"
8cSlDeGJWwarGd8m,сантехник чехов,,Сантехник. Ремонт сантехники с гарантией,Слесарь сантехник,Сантехник. Электрик. Мастер на час,Муж на час мастер сантехник электрик,"Мастер на час, Муж на час, Сантехник, Электрик"
qzKDlPrzRb2bn63u,дрова нижний услон,,"Вывоз мусора бункер, контейнер",Спустим поднимем катер лодку перевезем,Плотники строители,Дрова,Дрова + доставка
THx87M6XDyXcsQbA,дизайн макетов рекламы на авто,,Вывески.Баннеры.Реклама на авто,"Реклама на авто, макеты, брендирование","Изготовление наклеек, реклама на авто, печать","Полиграфия, реклама, дизайн-макеты","Реклама на прицепах и газелях, реклама на авто"
ncq0zvzditmts32g,противогрибкового обработка стен,,Удаление плесени и грибка.Обработка стен,"Очистка фасада дома из шамотной плитки, камня",Пескоструйная обработка/очистка с выездом,Пескоструйная обработка с выездом,Аренда шлифовальной машины для стен (жираф)
JTjmna4OWlv1I6cA,бьюти пространство,,Аренда рабочего места бьюти-мастеру,Стильная крошка-органайзер,Аренда для мастера маникюра на Взлетке,Аренда кабинета (кушетки) почасово,Предложение услуг
itPJ8oRR8FkK5LIE,установка домофона в частном доме,,"Установка домофона и видео в частном доме, офисах","Установка систем безопасности домофона, видеонаб","Умный дом: свет, шторы и безопасность","Установка видеодомофонов, замена, диагностика",Установка видеонаблюдения для бизнеса
7NrCt1B3240tOXHz,электрик по мопеду,,"Ремонт Питбайков, Скутеров, Мопедов, Квадроциклов",Ремонт скутеров мопедов,Ремонт Скутеров Мопедов Мото Обслуживание Выезд,Скутер мопеды Honda Canopy Gyro Up X Ремонт Сервис,Ремонт мото техники
ZG1GYVNHv5AePpbx,восстановление удаленных фотографий,,Реставрация старых фотографий,Ретушь фото на памятник.Восстановление и улучшение,Фотошоп / Восстановление фото / Обработка фото,"Реставрация фотографий, ретушь фото на памятник",Реставрация фотографий / Видеоролик / Видеофильм
T9nG0cGu8ym0KtR7,аренда скутера электровелосипеда,Вид услуги Другое,Скутер-мопед для работы курьером,Электровелосипед аренда,Аренда скутера Yamaha Gear,Электровелосипеды в Адлере аренда,Аренда скутера для курьера без залога
ROsA39pA6FyM7xUS,ремонт водоснабжения в доме,,Отопление водоснабжение.Теп.пол Электрика,Сантехник/Водоснабжение/Отопление,Монтаж и Обслуживание систем водоочистки,Ремонт холодильников. Мастер по холодильникам,Ремонт полов в частном доме Замена лаг и утепление
boBgQc9l9cbvwVId,изготовление памятников красноармейский район,,Памятники,Изготовление и установка памятников,Портрет на памятник (фотокерамика),Изготовление и установка памятников,"Изготовление памятников, облицовка"
wkNMsXvCgyVFzaYL,столб электрический,,Бетонные столбы электрические,Электрический копер для забива столбов аренда,"Ямобур.Доставка,Установка Столбов,Опор Лэп","Ямобур.Доставка,Установка Столбов,Опор Лэп Св95","Ямобур.Доставка,Установка Столбов,Опор Св-95"
sOSj2vuNesOJIS2q,установка диодных лент в потолок,,Натяжные потолки,"Баня, домик дачный, беседки",Натяжные потолки \ Слив воды \ Любой ремонт,Натяжные потолки.Слив воды.Ремонт потолков,Натяжные потолки любой сложности
roEFf7RdoqXWv4HF,кондитеры,Тип услуги Другое Вид услуги Доставка еды и продуктов,"Готовая еда на неделю, доставка обедов","Бенто торты, капкейки, трайфлы, пирожные","Торты на заказ,корпусные десерты,свадебные торты",Торты и бенто Печатники на заказ,Торты на заказ
ml76hWH1g7S5Cdvy,ведущий диджей,"Вид услуги Праздники, мероприятия",Ведущий и поющий диджей на мероприятия,Ведущая Тамада певица + диджей,Диджей звук ведущий,"Ведущий / Диджей / Колонки, караоке, звук","Ведущий. Тамада на свадьбу, юбилей + DJ"
dn5E3ukGJWIaxHDV,актерские курсы для взрослых,,Курс актерского мастерства для взрослых,Актерское мастерство сжм,"Театральная студия для детей,актёрское мастерство",Мастер по ораторскому и актерскому мастерству,"Педагог по технике речи, актерскому, ораторскому"
hHPhp3uBbG6bQCel,автоинструктор по вождению механика бутово,,Автоинструктор.Инструктор по вождению МКПП Бутово,Инструктор по вождению Северное Бутово Маршрут Гаи,Инструктор по вождению Варшавское шоссе 170 Бутово,"Автоинструктор, Автомат/Механика","Автоинструктор АКПП, МКПП Бутово"
toDbuqiuWbVALTUe,проект и распил мебели,,"Распил лдсп, мдф, изготовление мебели базис",Распил и кромление лдсп,Распил лдсп + кромление,Базис проектирование Готовая мебель,Распил лдсп. Кромление. Присадка на чпу
3oAouYXBmv43gGrK,сахарная печать на торт,,Печать на сахарной и вафельной бумаге (съедобная),"Имбирные пряники,печать на сахарной бумаге",Печать на плотной сахарной бумаге (съедобная),Пищевая печать на торт,Свадебный торт на заказ
AoYwrJPaEymuBosz,окрашивание волос с выездом на дом,,Женский парикмахер (выезд на дом),Парикмахера,"Мелирование,окраска,стрижки,объем выезд на дом",Окрашивание волос любой сложности),Парикмахер выезд на дом
jTTdBQxUqtk6aGzB,рефрижератор с водителем,Вид услуги Грузоперевозки,Грузоперевозки Рефрижератор Газель,Грузоперевозки рефрижератор,Грузоперевозки рефрижератором,"Грузоперевозки,рефрижератор,гидроборт,3,5,10тонн","Попутный груз Санкт Петербург, грузоперевозки"
a5HgSP9snmuCTm41,прописка airbag,,Airbag чиптюнинг евро2 иммобилайзеры Спидометры,Восстановление Ремонт системы безопасности Airbag,"Аренда автомобиля для такси, АВТОМАТ",Ремонт блоков AirBag SRS,Программирование авто ключей+нарезка лезвия
fFY0JEDFFSNksvwd,репетитор по математике центр сормово,,Репетитор по математике 7мкрн Сормова,Репетитор по математике,Репетитор по математике,Репетитор по математике,Репетитор по математике ОГЭ ВПР
HYMNQ84Yv9vGWv1b,сварочные работы выезд,,Сварочные работы. Аргон. Полуавтомат.Выезд,Сварочные работы с выездом,Сварочные работы. Сварка полуавтоматом. Выезд,"Услуги сварщика,Сварочные работы","Услуги сварщика, сварочные работы"
5Mce7lP4nBdxG0H2,кудепста,,Эвакуатор Адлер Сочи Красная Поляна,Изготовление коллекторов для систем отопления,Трансфер по Сочи,"Грузчики, Разнорабочие, Переезды, Вывоз мусора. грузоперевозки",Грузчики на час Разнорабочие. Вывоз мусора. грузоперевозки
5UDYP8oTlQVH2RDs,ремонт наушников airpods 4,,"Ремонт AirPods Pro. Треск, хрипят, шипят",Ремонт наушников airpods max и airpods max 2,Замена аккумуляторов Airpods. Ремонт AirPods,"Ремонт наушников Airpods, jbl, samsung, sony",Airpods замена аккумулятора
TXhryd2tySVFNbBF,рестоврация ворот,"Вид услуги Оборудование, производство",Пескоструйный работы,Изготовление кованных изделий,Покраска ворот,Ворота перила навес двери козырьёки,"Пескоструй,чистка,обработка,покраска с выездом"
MRCBvbmvybdWGpMD,отделка ванной пластиком,Вид услуги Ремонт и отделка,Отделка квартир,"Отделка Панелями Пвх ванной комнаты, туалета",Ремонт ванной.Санузел. Плиточник. Фартук на кухне,Отделка балконов и других помещений,"Отделка балкона под ключ,Окна"
5WIVKrY3t28ewqZ9,кейтеринг гастробоксы закуски,,"Кейтеринг,закуски,фуршет,гастробоксы",Кейтеринг Фуршет Гастробоксы Закуски Екатеринбург,Кейтеринг/Фуршеты/Гастробоксы/Закуски на праздник,Фуршет Кейтеринг,Кейтеринг фуршет банкет
jVCLsFuwrygOrZNV,покраска крыш,Тип услуги Кровельные работы Вид услуги Строительство,Покраска крыши,"Кровельные работы, ремонт крыши",Кровельные работы. Крыша. Монтаж кровли,"Крыша кровельные работы, перекрытие старых крыш",Кровельные работы
vri0MxSsM58W7tvu,собрать велосипед новый,Вид услуги,Спицовка/сборка колес велосипеда,Сборка велосипедов из коробки,Ремонт и обслуживание велосипедов на Парашютной 52,Профессиональный ремонт велосипедов,Ремонт велосипедов
FAwgklgEQp5uSKNu,подшипник на стиральную машину,,Ремонт стиральных машин на Дому,Ремонт Стиральных и Посудомоечных машин,Ремонт стиральных машин с выездом на дом,Ремонт стиральных и посудомоечных машин,Ремонт стиральных машин. Ремонт стиральной машины
zTpss1jbSmZENeLG,облицовка цоколя,,Облицовка исскуственным и природным камнем,Облицовка дагестанским камнем,"Отделка цоколя и крыльца Премиум ""под ключ""","Отделка,Монтаж,Укладка искусственного камня цоколя",Облицовка и укладка натурального камня
3KbtxDURYlp8nKcC,вычесывание кошек,Вид услуги Уход за животными,Стрижка собак и кошек /Груминг,Стрижка собак и кошек,Услуги грумера,"Стрижка кошек и собак, вычес. Услуги грумера",Стрижка собак и кошек
i1ylf0PscFzSdEAK,виза шенген,Вид услуги,Виза в Шенген. Виза в Индию. Под ключ,Итальянский Шенген. Полная подготовка на визу,Виза во Францию. Французский шенген,"Шенгенская виза, Европа, Шенген",Виза в Испанию. Шенген в Испанию под ключ
JIfW2kNhLI8pN0iO,печать рекламных магнитов,,Печать на магнитах. Рекламные магниты,Печать магнитов. Рекламные магниты на холодильник,Печать рекламных магнитов на заказ,Магнитные визитки. Печать рекламных магнитов,Виниловые магниты под заказ. Печать и упаковка
DY2WnXu6KfW4irYP,трансфер челны казань аэраплрт,,Трансфер Набережные Челны Казань Уфа,Такси Казань -Челны-Казань,Трансфер такси межгород РФ,Такси межгород Челны Казань трансфер,"Такси Межгород Набережные Челны,Алабуга,Казань"
SvZO24nb2aHbLxyW,аренда грузовика без водителя,,Аренда грузового авто,Водитель с грузовиком 2 т,Аренда грузового автомобили без водителя,Услуги самосвала и бортового грузовика доставка,"Услуги самосвала, грузовики"
35IRmV9hWdV13DrC,травля крыс,Вид услуги,Дератизация уничтожение крыс мышей Гарантия,Уничтожение крыс и мышей,Уничтожение тараканов клопов блох Дезинфекция,Уничтожение тараканов клопов блох Дезинфекция,Уничтожение тараканов клопов блох Дезинфекция
NMBQI8wOhP1f2pLY,ремонт водонагревателей ремонт бойлеров на дому,,Ремонт водонагревателей ремонт бойлеров,Ремонт электрических водонагревателей (бойлера),Ремонт водонагревателей,Ремонт водонагревателей Wolf и робот-пылесосов,"Ремонт газовых котлов, колонок, панелей, плит"
RMoMVu50WYZE3pcy,ремонт газовых баллонов,,Доставка газовых(газа) баллонов пропан на обмен,Установка дополнительных газовых баллонов на полуп,Газовый резак в аренду,Сдам в аренду,Газовое оборудование
uLHI1QyyLzZZnUFl,газель 6 метров грузоперевозки межгород,,Грузоперевозки газель открытая бортовая,"Грузоперевозки межгород Газель 1,5 2 2,5 3 5 тонн",Грузоперевозки газель межгород,Грузоперевозки газель фура межгород Грузчики,Грузоперевозки попутно межгород газель 2 3 5 тонн
CSlsyeOG2BGFX0LV,тату спина,"Тип услуги Тату, пирсинг Вид услуги Красота, здоровье",Тату Master /Тату Чикано/Тату Реализм/Тату Рукав,"Татуировки, мастер татуировки, мини тату",Аренда рабочего места тату мастера,Лазерное удаление тату,"Тату мастер, твоя идеальная тату"
0hSN651avx2MF37v,поморить тараканов,Вид услуги,"Уничтожение клопов, травить тараканов. Дезинфекция",Уничтожение тараканов,Уничтожение тараканов,"Уничтожение насекомых, клещей, комаров, тараканов","Уничтожение тараканов, Дезинфекция, Дезинсекция"
RuJlpp6oywM8Qec3,вывоз строительного мусора с погрузкой,Вид услуги Вывоз мусора и вторсырья,Вывоз строительного мусора,Вывоз строительного мусора,Вывоз мусора / Вывоз строительного мусора,Вывоз. Мусора. Вывоз строительного мусора,Вывоз строительного мусора на Газели с грузчиками
1QdbOqIPQlDerFr3,ремонт любой техники,,Ремонт холодильников и стиральных машин,Ремонт варочных панелей Духового шкафа Электроплит,Ремонт телефонов,Ремонт Стартеров и Генераторов в Подольске,Ремонт Холодильников Стиральных Машин Посудомоек
WXhPG3vzjAgYnjXx,авто ключ,,Изготовление авто ключей,"Ремонт Авто Сигнализаций, Брелков, Ключей",Изготовление ключей для автомобиля,Вскрытие авто любых марок без повреждений,"Вскрытие авто без повреждений, приеду за 30 мин"
BFbPylvsSsim9Pqt,алтай master ремонт телефонов,,Такси в Горный Алтай - Трансфер в аэропорт,"Заброска туристов в Горный Алтай, автотуры","Трансфер Толмачёво,Горный Алтай,Ая,Манжерок,Катунь","Трансфер минивен, такси по городу","Трансфер, Такси, Микроавтобус, межгород"
epGXdScrEzIKDbuB,шугаринг женский кайеркан,"Вид услуги Красота, здоровье",Лазерная эпиляция Кайеркан,Маникюр Кайеркан,Прическа и макияж,Шугаринг,Электрик Кайеркан
TPRBW1xwiw6o5tJ3,блокнот на заказ,,Блокнот любая надпись на заказ,Блокнот на заказ,Блокнот Tiffany&Co,Блокнот чародейки witch,Кожаный блокнот в стиле Louise Carmen
fc1EQ5J3ZzQ618Hf,замена динамика на айфоне,Вид услуги Ремонт и обслуживание техники,Ремонт и замена аккумулятора крышки дисплей iPhone,"Левша"" - ремонт телефонов, планшетов, ноутбуков",Скупка техники Apple,Ремонт iPhone,Замена батареи iPhone 11/12/13/14/15/16/17 Pro Max
Pn0LCfwlI5Wz3VmG,готовый бизнес свадебный декор,,Готовый бизнес свадебный декор,Студия свадебного декора,Декор.фотозоны.цветы,"Свадебный декор, оформление / Свадебная фотозона",Оформление свадебной машины
NWgkNOZiKn7qhsTv,сарапул маникюр,,Маникюр Сарапул,Маникюр сарапул окошки на ближайшие дни,Маникюр,Маникюр и наращивание ногтей Сарапул,Модель на маникюр
lipB3hIrTd3EQIL9,английский язык разговорный,"Предмет или специальность Английский язык Тип услуги Иностранные языки Вид услуги Обучение, курсы",Репетитор по английскому языку онлайн и оффлайн,Репетитор по английскому языку,Курсы английского языка онлайн,Английский язык,Репетитор по английскому языку
S3ISgD90idBiyzW1,эвакуатор пятигорска,Вид услуги Услуги эвакуатора,Эвакуатор Пятигорск круглосуточно,Эвакуатор. Услуги эвакуатора Пятигорск,Услуги эвакуатора Пятигорск,Услуги эвакуатора 24/7,Эвакуатор
3GFGIfqYlUTHHumm,учитель по скрипке,,Учитель скрипки,"Учитель, репетитор по скрипке","Учитель скрипки, студия ""Экология Искусства""","Преподаватель по скрипке, Репетитор по скрипке",Репетитор по скрипке и сольфеджио
Ckin0n2fTUhZJip7,анимировать фото,,Мультик ии,Художник-иллюстратор-Аниматор-Дизайнер,2D Pixel art artist—художник/анимация: пиксель арт,"Оцифровка видеокассет, фотоплёнок, бобин",Фотограф Крутая фотосессия
TbsulD9IjxYx2KqW,монтаж оборудования детской игровой площадки,,"Монтаж/сборка/детских игровых площадок, мафов","Установка монтаж маф,детских площадок","Монтаж, сборка, установка и изготовление мафов","Монтаж, сборка, установка детских площадок, мафов",Монтаж детских площадок и мафов
uc6pEmChzM7pRezh,печать на футболку,,Печать на футболках / одежде / DTF,Печать на футболках / Печать на одежде,Печать на футболках с гарантией 12 мес,"Печать фото на Футболках, кепках, сублимация","Печать на футболках, худи и одежде оптом СПб"
xDHLIpLZ1xoGNMuq,ремонт балконного остекления,,Ремонт окон и балконных дверей,Ремонт пластиковых окон и дверей,Ремонт пластиковых окон и дверей,Остекление балконов и лоджий под ключ,Монтажник окон пвх
R0NZiybIrYLCzw0T,ремонт электропил,,Ремонт бензотехники,Ремонт электроинструментов,"Ремонт Электроники, Плат, Блоков управления","Ремонт квартир и домов под ключ, коммерций",Ремонт обуви сумок чемоданов палаток
FktP777riVmmRm7n,удаленная помощь пк,,Компьютерная помощь,"Компьютерная помощь, ремонт пк,ноутбуков,гаджетов",Сборка и подбор пк,Проверка объявлений по комплектующим и сборка пк,Помощь с пк / сборка пк / подбор комплектующих
a3mFBB6RZcGZzgNp,гнб бурение,,"Бурение,прокол под воду,гнб,гнп(мини ГНБ)",Горизонтальное бурение (ГНБ) Уфа,"ГНБ, горизонтально направленное бурение","ГНБ бурение, управляемый прокол",Проколы ГНБ горизонтальное шнековое бурение
Ne4GKz5OeF5PYxHv,снять домик с джакузи,,Архыз домики с бассейном,Отдых на софийской поляне,Сдача домиков,Бассейн +35 домики сауна чан в Архызе,Снять жилье
pU5ZTX26UKVEQG4U,укразение зала на свадьбу аренда,,Фотозона на свадьбу,Банкетный зал,"Свет на свадьбу, аренда света",Фотозона в аренду. Фотозона на день рождения,Фотозона (пресс вол) на брусе в аренду. Оперативно
JaYpFQMtsWBk90Aj,аниме ногти,,"Накладные ногти на заказ (аниме, новеллы)",Аниме-маникюр/наращивание ногтей,Аниме кукла 1/4 Sanrio Pom pom purin,Аниме-фигурка Бао Хэнкок One Piece,"Маникюр с укреплением,наращивание ногтей,крейзи"
0tLhmZh41uf5IAwG,наращивание волос биоленты,,Наращивание волос,Наращивание волос,Наращивание волос,Наращивание волос,Наращивание волос
HU8rKSNjfNVrClFE,ремонт разъемов,,Apple iPhone Ремонт Замена Дисплея Батареи и т.д,"Ремонт ноутбуков, сотовых телефонов, планшетов",Ремонт геймпадов/обслуживание игровых приставок,Ремонт телефонов компьютеров портативной техники,Ремонт телефонов
HLtsJh2NgvNPEusC,снять базу отдыха,,База отдыха,"Баня, банный чан A-frame Глемпинг База отдыха",Панорамная баня с домиком в 10 мин от Кирова,Домик в лесу с купелью 10 мин от Порошино/8,Аренда домика с чаном и баня на дровах/3
r1cWjMMXy3NWFQvC,торты на заказ свадебные,Вид услуги Доставка еды и продуктов,"Торты на заказ, свадебные торты, детские торты","Торты на заказ, свадебные торты, детские торты",Свадебный торт на заказ,Торты на заказ,Свадебные торты
Oku8z6nRkHjOzz3S,сверление бетона,Тип услуги Алмазное сверление и резка Вид услуги Строительство,"Алмазное бурение, сверление отверстий",Алмазное сверление и резка,Резка бетона-бурение Отверстий,Алмазное бурение сверление отверстий,Алмазное бурение (сверление)алмазная резка
TAqHKNZ14Z6srN9Y,ремонт стиральных машин bosch,"Тип услуги Стиральные, сушильные машины Вид услуги Ремонт и обслуживание техники",Ремонт стиральных машин Bosch HZK6V9E1,Ремонт Стиральных и Посудомоечных машин,"Ремонт стиральных машин, ремонт сушильных машин","Ремонт стиральных машин, ремонт сушильных машин","Ремонт стиральных, сушильных машин"
ZdfAeTmDimqk1P7n,дом из пеноблоков,Тип услуги Строительство домов под ключ Вид услуги Строительство,Строительство домов под ключ,Дом 100 кв.м. под ключ,Бригада строителей каменщики,Строительство домов,Строительные услуги
N7GkYD29CEBBrCYv,провести газ,Тип услуги Газификация Вид услуги Строительство,Газификация под ключ — без беготни и нервов,Водопровод под ключ / Канализация / Газификация,Газификация частного дома,Расчет максимального расхода газа Барнаул,Газификация частного дома
LO6awz4R1WvKoTB9,дымоходная труба,,Монтаж винтиляции и дымохода,Акт обследования дымовых и вентиляционных каналов,"Колпак на трубу, дымник. Облицовка труб, вентшахт",Жестяные изделия,Дымники колпаки
ZhidysoEMf4rdZpH,подогнать пиджак по фигуре,Вид услуги Бытовые услуги,Ремонт одежды на дому,"Ремонт одежды, меховых и кожаных изделий, дублёнок",Ремонт одежды,"Ателье по ремонту одежды, пошиву одежды",Ателье по пошиву И ремонту одежды
9jxPorotqZIsfcJq,моделей увеличение губ,,Ищу модель на увеличение губ,Увеличение губ. Без миграции филлера. Модели,Модель на увеличения губ. Контурная пластика губ,Ищу Модель на увелечение губ/ плоский бант,Набор моделей Увеличение губ
pAmGyvdhLm0vlEVr,обслуживание газового котла всеволожск,,"Ремонт и обслуживание, подключение газовых котлов",Ремонт и обслуживание газовых котлов ремонт платы,Ремонт газовых котлов всех марок,"Ремонт котлов. Обслуживание, установка, замена",Ремонт котлов
o3P3sfl8jy8aO1oD,44фз,,Ремонт квартир под ключ,"Баня с чаном (русская баня, горячий чан на дровах)",Свой человек в Калининграде,Логопед,Товары из Польши
zap0VAqidYESt73Y,прически энгельс,,Прически,"Причёски, макияж",Причёски/Образ в 4 руки,Визажист Саратов Энгельс Макияж и прическа,Визажист Энгельс причёски макияж
YbCvtRCK5o8ncKjC,заливка фундамента под забор,Вид услуги Строительство,Заливка фундамента\ бетонные работы\забор\армопояс,Фундамент под ключ Заливка фундамента,Заливка фундамента под ключ / Монолитные работы,Заливка фундамента бетонные работы Отмостка,Заборы из профлиста
eEmh4Fb45vlhvNma,ремонт камина металлического,,"Ремонт каминов, саун, хамам, каменок, каминов","Печник, кладка печей и каминов",Реставрация изразцовых каминов печей,Монтаж/установка дымохода/камина/банной печи,Мастер печник Кладка Ремонт печей / каминов
DzUYG67zn0H4Wlso,мастер сборка мебели,Тип услуги Сборка и ремонт мебели Вид услуги Ремонт и отделка,Сборка мебели для юридических лиц,"Мастер на час, сборка мебели, мелкий ремонт","Сборка, Разборка, Ремонт мебели. Замеры проект","Сборка мебели,сборка кухни",Сборка и разборка мебели
3Fr6I1zhpVFIonDr,ремонт стиральных машин с выездом,"Тип услуги Стиральные, сушильные машины Вид услуги Ремонт и обслуживание техники",Ремонт стиральных машин на дому,Ремонт стиральных и посудомоечных машин на дому,"Ремонт стиральных машин, посудомоек, холодильников",Ремонт стиральных машин на дому частный мастер,Ремонт Стиральных машин - на Дому
1S8l1xNVTQYuvpOS,плиточник укладка тротуарной плитки,"Тип услуги Дорожное строительство Вид услуги Сад, благоустройство",Мастера тротуарной плитки,Укладка тротуарной плитки,Укладка брусчатки под ключ,"Памятники, Благоустройство, укладка брусчатки",Укладка тротуарной плитки брусчатки
iPBIyawxZqjnQqUF,ремонт газовой плиты,Вид услуги Ремонт и обслуживание техники,"Ремонт газовых колонок, плит и духовок","Ремонт и установка газовых котлов, колонок и плит",Установка/ ремонт газовых плит и духовок,Ремонт и установка газовых колонок и плит,Ремонт газовых колонок
AqVaj5drnrrB257A,настройка mesh wifi,,"Настройка интернета, роутера, wifi","Настройка wifi роутера, устранение неисправностей","Не работает интернет/WiFi, выезд сегодня",Настройка контекстной рекламы в Яндекс Директ,Настройка Эцп и электронных площадок
PvmayRRXVTFQMb13,аренда рабочего места бровиста-ламимейкера энгельс,,Рабочее место в аренду,Субаренда мастер маникюра и бровист,Аренда рабочего места бровист/визажист/лешмейкер,"Аренда визажисту, мастеру по прическам, бровисту",Аренда. Месяц. 24/7
TopIMjDbCpwx7bUi,прокат велосипедов для прогулок,Вид услуги Другое,Прокат Велосипедов,Аренда велосипеда Воронеж,Аренда / прокат велосипедов,"Аренда сапбордов, Sup прогулки, прокат сапов",Продажа Аренда Выкуп Рассрочка Работа Доставка
NFZatsPZj0p0bUs2,рефконтейнер 40 футов в аренду,,Аренда рефконтейнера 40 футов,Аренда рефконтейнера 40 футов,Рефконтейнер 40 футов в аренду,Рефконтейнер 40 фут-овый (+25 - 25 С),Аренда рефконтейнер 40 футов
VECHJHEfnSTDIOhS,эклеры,Тип услуги Другое Вид услуги Доставка еды и продуктов,Продукты питания,Клубника в шоколаде на 8 марта,Торты на заказ,Финики в шоколаде,Пирожные Для Кофейни
BMuZy3nJSxNAOENt,парикмахерская мужская,"Вид услуги Красота, здоровье",Все виды парикмахерских услуг с выездом на дом,"Все виды парикмахерских услуг, мужские, женские","Стрижки женские, мужские и детские, окрашивание",Все виды парикмахерских услуг,Ищем моделей на мужскую стрижку
pHI2WilenhE99aUR,информационный стенд,Вид услуги,"Информационный стенд, Таблички",Информационные стенды и таблички,"Офисные таблички, стенды и внутренняя навигация",Информационный стенд. уголок потребителя,"Таблички, вывески, указатели, инфостенды"
vz5Ov6TN5uUVnoPA,аренда кабинета краснодар любимово,,Почасовая аренда кабинета в центре Краснодара,Мастер ногтевого сервиса резюме,Сдам стоматологический кабинет,"Аренда кабинета (почасовая) возле ""Галереи""",Аренда кабинета для косметолога или массажиста
pd71GDWLcSZQ0is9,копка земли в ручную,"Тип услуги Земляные работы Вид услуги Сад, благоустройство",Ручная копка земли и благоустройство территории,Ручная копка земли,Ручная копка земли,Ручная копка земли,Земляные работы копка в ручную
EGf6MgN4B60MPngU,реконструкция забора,,Мастер по реконструкции волос,Забор,Строительство заборов под ключ,"Заборы, ворота, калитки",Забор под ключ
2K0GQgFdd2YibTBi,ремон генераторов,,Дизельный генератор 100-600 квт,Дизельный генератор 50 кВт для производства и цеха,Дизельный генератор 60 кВт,Аренда дизельного генератора 50 кВт,Аренда дизельных генераторов 10-510 кВт
xvn31ooUzzha9rXY,занятия футболом,,Тренер по футболу,Индивидуальный тренер по футболу,Набор в детскую академию футбола,Индивудуальный тренер по футболу и ОФП,Индивидуальные тренировки по футболу
aHcerxAgFCv1GCZU,купить пескоструя и компрессора,"Вид услуги Оборудование, производство",Аренда компрессора для пескоструя,Аренда компрессора с отбойными молотками,Аренда компрессора airman PDS 175S в г. Ногинск,Аренда дизельного компрессора,Аренда дизельного компрессора
Cq5SF9QruYurWoOY,репетитор по математике для олимпиады,"Тип услуги Предметы школы и вуза Вид услуги Обучение, курсы",Репетитор по олимпиадной математике,Репетитор по математике ЕГЭ ОГЭ олимпиады,"Репетитор по математике ОГЭ, ЕГЭ, олимпиады","Репетитор по математике лето онлайн. ЕГЭ база,ОГЭ",Репетитор по математике
bDAnsTViwY3NdOck,обучение у топ мастера,,Обучение бровист с 0 у топ мастера,"Обучение по перманентному макияжу, брови губы веки",Обучение брови + татуаж,"Обучение перманентному макияжу, татуажу с дипломом",Обучение бровист + ламинирование ресниц с нуля
0vUBwey1ZLtPlCnQ,грузоперевозки-город волжский.,,Грузоперевозки газель открытая 6.2 метра,Грузоперевозки,Грузовое такси газель грузоперевозки,Грузоперевозки,Грузоперевозки/газель/грузчики/переезды/доставка
vJEvIFdhYlSw2hUp,обогрев кровли,,Обогрев кровли от наледи под ключ,Обогрев кровли и водостоков. Смета в подарок,Монтаж обогрева кровли греющим кабелем под ключ,Монтаж греющего кабеля для кровли,Кабельный обогрев кровли и водостоков монтаж
tOBwdYmMz2Nu0mLm,рассрочка без банка,,LADA priora в рассрочку без банка,Двери межкомнатные в РАССРОЧКУ без банка,Машины в рассрочку без банка,Рассрочка без банка телефоны,"Исламская рассрочка- авто, мото, электронику"
zOmEocrQVT68wdfR,фигурки из мастики на заказ,Вид услуги Доставка еды и продуктов,Фигурки из мастики на заказ,Фигурки на торт из мастики,Фигурки из сахарной мастики на заказ,Фигурки на торт из мастики,"Торты на заказ, фигурки из мастики"
8E1YlWFh2iIuOKvw,колеровка краски tikkurila,,Колеровка краски,"Колеровка краски Tikkurila,Teknos,Flugger,Jotun,лю","Колеровка краски, Подбор цвета",Профессиональная колеровка красок,Компьютерная колеровка интерьерной краски
zQkEcFw36iWHF1Ss,прокат сапов,,Аренда сапов Sup-борд Сап-доски прокат,Сапборд аренда/прокат SUP,Сап борд аренда прокат,Сапборд аренда прокат,Прокат инвалидной коляски
4tPpAiYiTiPOWnEo,аренда кабинета косметолога парадайс,,Аренда кабинета Парадайс,"Аренда кабинета косметолога Парадайс, Москва Сити",Аренда кабинета косметолога,Аренда кабинета косметолога,Аренда кабинета №1 для косметологов/массажистов
Z6IIpepJDkKf8ZY5,перекрыть крышу гаража,,"Мягкая кровля, навес, козырёк для гаража","Кровля крыш, гаражей, складов, домов, ангаров",Кровля крыш гаражей,"Кровля крыш,кровля гаражей,ремонт мягкой кровли","Кровля крыши гаражей,Русские кровельщики"
UxkJeWCuRauRAYhj,протезирование ногтей,,"Подология, титановая нить, грибок",Подолог,Наращивание ногтей/маникюр /педикюр/ брови,Парамедицинский педикюр маникюр (выезд),Вросщий ноготь/установка титановой нити
0LomaIFLTgO5AAX9,тг бот,Вид услуги Деловые услуги Тип услуги,"Создание сложных ботов MAX, тг, мини-приложений",Обход белого списка,"AI-боты, Telegram-боты, автоматизация бизнеса",Телеграмм бот,Чат-бот для бизнеса — заявки 24/7 без менеджера
VQAGESSzr7fo7ofu,художник рисунок на стене,,Роспись стен / художник,Роспись стен барельеф,Рисунки и портреты на заказ,Граффити художник мастер роспись стен,"Художник, Роспись стен, картины"
MevBTntNgYhUyJrM,мастер по электронике,,"Ремонт Электроники, Плат, Блоков управления",Ремонт электроники,Ремонт микроволновок /электроплит /бытовой техники,Мастерстерская по ремонту Электровелосипедов,Юрист / Адвокат по защите прав потребителей
8qkYsruI9IPO91co,разбор сборка и перевозка мебели,Вид услуги Грузоперевозки,"Газель, грузоперевозки, грузчики, перевозки,вывоз",Грузоперевозки. перeезды. грузчики. Заказ Газели,Грузоперевозки Газель Грузчики Переезды,Грузоперевозки Заказать газель с грузчиками,Грузоперевозки/Заказ Газели/Перевозка мотоциклов
DEN9BwdC5KQ2xaMR,переварка батареи,,Услуги по переносу газовой трубы,Переварка петель,Переварка авто,Сантехнические работы.Сантехник сварщик,"Переварка авто, переварка кузова, порогов. Надежно"
ZRAEGmi0KFMcQUnk,занятия по бачате,,Уроки по сальсе и бачате,"Тренер по бачате, бальным танцам, сальсе","Индивидуальные занятия танцами Бачата, Сальса",Преподаватель танцев. Бачата для девушек. С нуля,Бачата с нуля
iJ3Z3bm4oqXbQ6Sf,dj,"Вид услуги Праздники, мероприятия",DJ / ведущий на мероприятие,"Dj на мероприятие, диджей (звук, свет)",DJ на мероприятие,"Диджей на свадьбу, юбилей, корпоратив (dj)","Ведущая + DJ на свадьбу, юбилей, корпоратив"
1dt2G16Km9ZsfwKe,английский детям носитель,,Репетитор по английскому языку с носителем,Репетитор по английскому языку с носителем,Репетитор по английскому языку с носителем,Английский для детей и подростков с носителем,Репетитор по английскому языку / носитель
IwtCQ8AzVVD6BejC,автоподбор tesla,,Автоподбор Tesla,Автоподборщик Land Rover /Range Rover автоподбор о,Автоподбор/Выездная диагностика,Автоподбор в Омске / Проверка авто при покупке,Автоподбор грузовых авто Howo T7H
dr8cPH31lANtWj4W,хранение шин,,"Сезонное хранение автомобильных шин, колес, дисков",Ответственное хранение шин и колес Москва,"Сезонное хранение шин, колес. Гибкий подход",Сезонное хранение шин,Сезонное хранение шин дисков колес
pH0VioHYn8fMkoNL,байер во франции,,Ваш Личный Байер из Франции в Европе Доставка в РФ,Ваш личный байер из Франции,Байер Франция и другие страны Европы,Услуги байера / баер в Италии Испании Германии США,Байер выкуп в Европе США Японии Корее
kucpFGacSwyJka00,гпзу,,"Документы бти,гпзу росреестр","Юрист - недвижимость, земля, строительство",Бьюти-коворкинг почасовая аренда рабочего места,Репетитор по математике 2-8 класс,Аренда лошадей/Конный спорт/Верховая езда
xGsvCRfuPUxhS4EH,отделка фасада сайдингом,Тип услуги Фасадные работы Вид услуги Строительство,Отделка сайдингом. Монтаж фасадов,Отделка домов сайдингом,Обшивка домов сайдингом и панелями,"Фасадные работы, облицовка кирпичом, сайдингом",Отделка фасадов домов
xIeN3YM1cGX2rAPx,отрезать плинтус,,"Скупка волос Кострома, продать волосы, сдать волос","Скупка волос Тольятти, продать волосы, сдать волос","Скупка волос Набережные Челны, продать сдать волос","Муж на час, домашний мастер","Резка на лпс Трубы, Прутки, Уголки, Швеллера"
euOZxMbRpJRB4ywU,украсить на выписку,"Вид услуги Праздники, мероприятия","Шары на девичник, выписку, гендерпати",Гелиевые шары на выписку из роддома,Гелиевые шары на выписку из роддома,"Воздушные шары, гелиевые шары, шары на выписку",Гелиевые шары Воздушные шары на выписку из роддома
sYvaPnFl4Vyrw0VF,ремонт колонки jbl,Вид услуги Ремонт и обслуживание техники,Ремонт портативных колонок JBL,Ремонт Колонки Алиса JBL Ремонт робот пылесосов,Ремонт техники JBL (кроме наушников),Ремонт /чистка наушников /колонок Airpods /JBL,Ремонт портативных колонок JBL\Sony\Harman Kardon
mGrfhotPLscYYYKW,загущение волос,"Тип услуги Услуги парикмахера Вид услуги Красота, здоровье",Наращивание натуральных волос/Загущение волос,Наращивание волос,Наращивание волос,Наращивание биопротеиновых волос,Наращивание волос натуральные/биопротеиновые
VDQwEygeOTfUYPaM,грузоперевозки газель с грузчиками по городу,,"Грузоперевозки, переезды, заказать Газель",Грузоперевозки газель переезд доставка грузчики 24,Грузоперевозки Газель,Грузоперевозки газель,Грузоперевозки Газель Грузчики Переезды
2mfSnaJ30wtmRK1f,караоке зал,,Аренда vip караоке зала,Лофт караоке с залами аренда. Кинозалы,Аренда лофта с караоке VIP зал,"Аренда лофта для мероприятий, караоке","Аренда Лофта. Караоке, др, Свидания, Корпоративы"
91RyjbWPJEvUmqHB,мастер класс по шитью,,"Мастер-класс по шитью юбки, свитшота, или брюк",Мастер-класс по шитью,Курсы и мастер-классы по шитью для начинающих,Мастер-классы и курсы по шитью и вязанию для всех,Курсы кройки и шитья
lnKZrBHkpXgyjb1U,выездное шоу игра для взрослых,,Выездные игры для взрослых,Выездные Игры с ведущим для корпоратива,"Выездная игра,как в тв-шоу на праздник, интерактив",Выездное шоу/Квиз/Ведущий на мероприятие,Лазертаг Выездные игры Реутов Балашиха
lo5bLU5N4uTA3Oc6,прокол кротом,,"Бестраншейная Прокладка водопровода,Прокол,врезки",Без траншей прокладка водопровода т.д Кротом ГНБ,Прокол под дорогой ГНБ сварка пнд труб канализация,"Водопровод зимний, прокол",Прокол под дорогой
7OCwiemOiBxYr7wF,уборка посуточных квартир,Тип услуги Простая уборка Вид услуги Уборка,Уборка квартир,"Уборка посуточных квартир, квартир после ремонта",Уборка посуточных квартир,Уборка посуточных квартир / апартаментов,Уборка квартир в посуточной аренде
wUGyfP2RDKdjziSq,права тракториста машиниста,"Вид услуги Обучение, курсы",Обучение на права тракториста,Тракторист обучение на права,Обучение на трактористов всех категорий,Обучение на тракториста машиниста,Обучение на тракториста-машиниста. Все разряды
ElWFp0HjkKZY86hC,установка процессора на пк,,Установка Виндовс. ос и программы. Драйвера. Антик,"Сборка компьютера под ключ, Сборщик пк, игровой пк","Активация и настройка шлемов Quest 2,3,3s - Pico 168",Компьютерный мастер. Сборка и настройка пк,"Ремонт, установка драйверов, программ, windows 11"
m9uxvlPokhIwfJkv,бенто тортик готовый,Тип услуги Другое Вид услуги Доставка еды и продуктов,Торты/Бенто-торты/Капкейки/пирожное картошка,Бенто торты и трайфлы на заказ,"Бенто торты, торты на заказ, торты к 8 марта","Бенто торты, пряники на заказ, торты на заказ","Торты, пирожные, капкейки и др. десерты на заказ"
eGymPiWXWZVCehPX,монтаж аудио колонок,,Апгрейд Harman/Kardon Go+Play,Настройка аудио и видео техники,"Монтаж аудио для подкаста, обработка звука",Установка автозвука,Подключение и настройка аудио техники
i2uDIGGPtaTFJHwx,косим траву,"Тип услуги Озеленение, уход за садом и огородом Вид услуги Сад, благоустройство",Покос 22,Покос Травы Косильшик Косим Траву,Покос травы,Покос травы триммером/мотокосой,Прополка травы уборка участка
UKoWQb4Up9cqkkcN,смм специалист продвижение аккаунтов,,Смм-Специалист/SMM Продвижение/ смм менеджер,"Смм специалист, смм продвижение, консультации смм",Смм специалист. Продвижение. Сммщик,Смм специалист / продвижение / маркетолог,Смм специалист / продвижение / маркетолог
siZUzdVaJK37TvZN,отделка дверного проёма,,"Отделка оконных и дверных проемов, установка",Отделка дверных проемов,Облагораживание дверного проема,Установка межкомнатных дверей,Установка межкомнатных дверей
oEGIpK4sOKslghXD,uv dtf наклейки,Вид услуги,Уф дтф печать. Наклейки uv dtf,Объемные наклейки для брендирования продукции,Наклейки уф дтф (UV DTF) и стикеры с логотипом,"Печать наклеек и стикеров, этикеток UV/DTF шт",Наклейки UV DTF и печать на предметах
Ra9ePqyz9kImlQ7F,псков заказать грузовой эвакуатор 10 т,Вид услуги Услуги эвакуатора,Междугородний эвакуатор в Пскове,Услуги эвакуатора. Эвакуатор Псков. Эвакуатор,"Аренда, услуги грузового эвакуатора до 6т",Эвакуатор трал до 14 тонн,Эвакуатор в Пскове и Псковской области
npRjwcY7kCGS2eDu,оценю автомобиль,,Выкуп автомобилей,"Эндоскопия двс,выезд.Замер компрессии.Диагностика",Перегон автомобиля из любой точки России,Оценка авто и любого имущества. Оценщик с выездом,Оценка автомобиля для нотариуса / Наследство
zOPJL7s1xe33rmLV,уколы косметологические,,Услуги косметолога уколы красоты,Услуги косметолога уколы красоты,Липолитики для лица и тела / Уменьшение жира,Электрик Кайеркан,Зооняня
1wHqbMM2aZUkdeup,воспитание собак,Вид услуги Уход за животными,Кинолог. Дрессировка и воспитание собак и щенков,"Дрессировка и воспитание собак, кинолог","Дрессировка собак, кинолог",Консультант по содержанию и уходу за животными,Выгул собак
WBjrlSXOnfHnnlg7,ремонт натяжного потолка цены,Тип услуги Потолки Вид услуги Ремонт и отделка,Натяжные потолки Саратов и Энгельс,Натяжные потолки /Слив воды/Ремонт полотна,Слив воды с натяжного потолка,Слив воды и ремонт натяжных потолков,"Натяжные потолки, монтаж, ремонт, слив воды"
oYqWCh99JgkR7j6Q,шпаклевка под покраску,Тип услуги Поклейка обоев и малярные работы Вид услуги Ремонт и отделка,Ремонт квартир- домов. Малярные работы. %прорабам,"Малярные работы:шпатлевка, поклейка обоев,покраска","Поклейка обоев,шпаклёвка стен","Поклейка обоев, шпатлёвка, ламинат, плитка",Малярные работы шпаклевка безвоздушная покраска
t2P75DbiAOVULnpg,создание чат ботов в telegram,,Создание чат-бота для бизнеса — Telegram и другие,Приложения и чат-боты в Телеграм (Mini Apps ),Разработка Telegram / чат бот / Telegram Mini App,Чат-бот для бизнеса под ключ,Помощь excel / excel специалист / чат бот
gIDhhlrkP97R4NGd,тренер по силовым тренировкам,,Тренер по бегу и силовым,"Аренда спорт зала, фитнес коворкинг",Тренер по фитнесу,Персональный фитнес тренер,Тренер по фитнесу
kiqkzuqIqcHy3KAd,вентиляция частного дома,Тип услуги Вентиляция Вид услуги Ремонт и отделка,Вентиляция Дымоход Монтаж + Акт вдпо,Монтаж систем вентиляции,Монтаж вентиляции и дымоходов,Монтаж и продажа - вентиляции и кондиционеров,"Паспортизация вентиляции, акты обследования"
QWkjfAL3j467LIvR,ремонт замков на входной двери,,Ремонт входных дверей.Ремонт замков и замена,"Установка замков, ручек, мастер по дому","Ремонт замка, установка и замена замков дверей","Установка, замена дверных замков и ручек и мн. др",Установка межкомнатных и входных дверей Оренбург
3Wp4ypP0W8vYTqFT,психолог по зависимостям,,"Психолог по зависимости, депрессии, утрате себя",Психолог по зависимостям,Психолог. Лечение зависимости,"Уход за инвалидами, раннеными",Зависимости. Психолог. Он-лайн
9kUhG0qGnutMKTXK,кровельщики пвх мембрана,Тип услуги Кровельные работы Вид услуги Строительство,Кровельные работы / Кровельщик с гарантией,Кровельные работы кровельщик с опытом,Все виды кровельных работ,Кровельные работы: ремонт крыши,Монтаж кровли кровельные работы ремонт крыш
5wtcaZlCiicymsIy,уроки электрогитары,"Вид услуги Обучение, курсы","Преподаватель, уроки электрогитары",Уроки игры на акустической гитаре и электрогитаре,Уроки электрогитары взрослым и детям,"Уроки по игре на электрогитаре, акустической гитар",Уроки гитары/Обучение электрогитаре/Преподаватель
mikHI6CNWMPU8RGN,медецынское образование,"Вид услуги Обучение, курсы",Обучение курсы массажа,Курсы депиляции 3в1 с нуля VIP с правом обучения,Курсы косметолога с государственным дипломом,Обучение косметологиии с нуля без мед образования,Косметолог обучение без мед образования онлайн
i7sqap5TM0TBVqxE,оператор монтажер,Вид услуги Фото- и видеосъёмка,Видеосъемка в Сочи. Видеограф. Видеооператор,Монтажер видео / оживление фотографий / cлайд-шоу,"Рилсмейкер удаленно, монтажер коротких видео",Монтаж видео / Видео монтажер / Видеомонтажер,"Монтажер, видеомонтажер, рилсмейкер"
N6gkzIlmBwUayynj,акт освидетельствования скрытых работ,,Акт скрытых работ на нанесение гидроизоляции,Акты освидетельствования скрытых работ,Акты освидетельствования скрытых работ,Акт освидетельствования скрытых работ,Исполнительная документация услуги пто
vplsc8aHsinLSrLT,алмазное бурение шали,,Алмазная резка и бурение,Алмазное бурение и резка без пыли и грязи,Алмазное бурение,Алмазное бурение и резка любой сложности,Алмазное бурение и Алмазная Резка
ne9bJeMH7KL5EYZQ,покос травы мвльчиром,,"Покос травы мульчером, триммером, покос борщевика","Покос травы,спил деревьев, расчистка участков",Покос травы тримером,"Покос травы тримером, газонокосилкой, уборка травы",Покос травы/стрижка газона
0PC1PTQe6YNgE2D1,организатор праздников,,Организатор мероприятий,Координатор Организатор,Свадебный организатор,Организатор мероприятий свадебный организатор,Организатор / декоратор детских праздников
UJCjctucYAMIoIOm,расслабляющий массаж выезд,,Расслабляющий и оздоровительный массаж,Расслабляющий тантрический массаж,Массаж с выездом на дом,Классический и расслабляющий массаж,Массаж
cgfNyvIsBMIacdNY,фотограф кемер,,"Свадебный фотограф, фотограф на свадьбу",Фотограф,Фотограф Мобильный фотограф рилсмейкер,"Фотограф на свадьбу, крещение, детский",Фотограф на свадьбу/ Свадебный фотограф
EkKSDx2gsPlzYJIT,наращивание ногтей кировский район,,Маникюр и наращивание ногтей Кировский район,"Маникюр, наращивание ногтей",Наращивание ногтей на дому,Мастер маникюра и наращивание ногти,"Мастер маникюра, наращивание ногтей"
spFcq5EpL5ypXo0L,маникюр солнечный город,"Тип услуги Маникюр, педикюр Вид услуги Красота, здоровье",Маникюр педикюр ЖК Солнечный город,"Маникюр, Педикюр, Наращивание, Солнечный город","Маникюр, педикюр, наращивание ЖК ""Солнечный город""",Маникюр & Педикюр ЖК Солнечный город,Маникюр Солнечный город
uw9mUXMeZlgdrl30,уроки скрипки для взрослых,,Обучение на скрипке/уроки скрипки,Уроки скрипки,Репетитор по скрипке и фортепиано,Репетитор по специальности скрипка,"Скрипка, квартет, оркестр,музыканты на праздник"
xg955otugvREiyq4,молель на маникюр,"Тип услуги Маникюр, педикюр Вид услуги Красота, здоровье",Маникюр/Педикюр,Маникюр и педикюр,"Маникюр, гель лак, наращивание, педикюр",Мастер маникюра и педикюра,Мастер маникюра
IFv666u7u74Eei8c,услуги перфоратор мастер на час,Вид услуги Ремонт и отделка,Услуги мастер на час,Услуги мастер на час,Мастер на час,Мастер на час,"Мастер на час, Муж на час, ремонт по дому, сборка"
NxovQfz9EftSaA0h,лэд наращивание,,Лэд Наращивание ресниц,LED (лэд) Наращивание ресниц,Наращивание ресниц. Обучение,Наращивание ресниц / LED-наращивание ресниц,Наращивание ресниц-LED наращивание
hpDTQJ0pcxIAqhm2,мастерская ремонт одежды кнопок адреса,,"Установка кнопок, обтяжка пуговиц и пряжек","Швейная мастерская ""Атрия""",Ремонт молний(замена бегунов).Установка кнопок,Ателье пошив и ремонт одежды,Ремонт одежды. Не Ателье
Rt7wIpjiicV55NnO,мастер по ремонту телевизоров вакансии,Тип услуги Телевизоры Вид услуги Ремонт и обслуживание техники,Ремонт телевизоров Телемастер Мастер по ремонту те,Ремонт ЖК телевизоров I Мастер по телевизорам I Ремонт телевизоров на дому I ремонт тв,Мастер по ремонту антенн. Антенщик,Профессиональный ремонт телевизоров,Ремонт телевизоров
JhxGwxjRzWEmmKkZ,тонары,,Услуги тонара,"Перевозки тонарами, самосвалами",Самосвал. Тонар,Грузоперевозки тонарами,"Аренда Тонара, Ломовоза"
D06SAOKJZjyaT35B,шары связка,,Воздушные шары Гелиевые шары Шары с гелием,Воздушные шары с гелием доставка шаров,Гелиевые шары на выписку из роддома с доставкой,Гелиевые воздушные шары,Воздушные шары / Гелиевые шары / Доставка шаров
uh54nL5tVTkmuAtA,самые дешевые наливные полы,Тип услуги Полы и напольные покрытия Вид услуги Ремонт и отделка,Наливные полы / Эпоксидные / Микробетонные,Монтажник теплого пола,Отопительные системы теплые полы электропленка,Полы. Ламинат. Линолеум.Панели.Вагонка.Кварц Винил,Заливка теплого пола полистиролбетоном
fAo73b0ugvLTAGTF,репетитор по англ языку,Кто оказывает услуги Частный исполнитель,Репетитор по английскому языку онлайн,Репетитор по английскому языку для детей,Репетитор по английскому языку,Репетитор по английскому онлайн,Репетитор по английскому языку (носитель языка)
26JtM9CEKoLDtV2U,ремонт радиодеталей,Вид услуги Ремонт и обслуживание техники,Ремонт и техническое обслуживание генератора,Ремонт плат бытовой и промышленной техники,Ремонт холодильников и стиралок-быстро и надёжно,Ремонт котлов Electrolux и пр.марок. Установка,"Ремонт сварочных аппаратов, силовой электроники"
NYm9LK3i6jMrXbOb,уборка квартир парнас,Вид услуги Уборка,"Клининг уборка квартир, домов коттеджей","Клининг, уборка квартир, генеральная уборка",Уборка квартир,Уборка квартиры/ дома/ коттеджа,"Уборка квартир,домов,помещений"
MIGdbiRr66XWb7ug,услуги кадастрового инженера,Вид услуги Деловые услуги Тип услуги,Кадастровый инженер геодезист,Кадастровый инженер,Кадастровый инженер геодезист,Кадастровый инженер межевание техплан,Кадастровый инженер геодезист межевание участков
le4lPwcChKFenDhf,субаренда кабинета косметолог,,"Субаренда помещения, аренда рабочего места",Аренда кабинета,Сдам кабинет,Аренда кабинета,Аренда кабинета косметолога
qQyJvoWZLqErG8r2,сфера массаж,,Аппаратный массаж,"Антицеллюлитный массаж Sketch оригинал, похудение",Массаж,Антицеллюлитный массаж,LPG массаж
WlunyuwV2wNDDePP,трансфер из владимира в аэропорт внуково,,Трансфер до москвы аэропорт Из Москвы во Владимир,Трансфер в аэропорт Москвы,Трансфер Владимир Москва Аэропорт межгород,Надежный трансфер из Владимира в аэропорты Москвы,"Трансфер в аэропорт,пассажирские перевозки,минивэн"
XzGbrogZXMIKINme,шугаринг березовка,,"Шугаринг, Воск. Опыт работы более 7 лет",Шугаринг,Шугаринг/Восковая депиляция Северный,"Шугаринг, паста, воск, центр","Красота, депиляция"
WIAbQ0m5KDDJnYkz,аркнда электровелосипеда под выкуп,,Выкуп электровелосипедов,Электровелосипед для курьеров,Аренда электровелосипедов для курьеров,Аренда электровелосипеда,Аренда авто под выкуп
1kCRk2RxLj7bMKi7,китайский язык с носителем,"Предмет или специальность Китайский язык Тип услуги Иностранные языки Вид услуги Обучение, курсы",Репетитор по китайскому языку с носителем,Репетитор по китайскому языку носитель,Китайский и английский для детей,Репетитор по китайскому языку онлайн,Репетитор по китайскому языку Носитель из Пекина
6ecHmlReo6CGBgeU,мастер ключ авто,,Восстановление ключей на авто/ вскрытие авто,"Вскрытие авто, открыть машину без повреждений","Вскрытие авто, открыть машину без повреждений","Вскрытие авто, открыть машину без повреждений","Изготовление ключей для квартир, авто, офисов, чип"
dfpfFPjdlzRExw4g,танец на свадьбу,,Эффект Золушки на свадьбу,Восточные танцы на праздник и обучение,Ведущий на свадьбу юбилей,Танцы/шоу/ корпоратив/ праздник/ юбилей,Тяжелый дым на свадьбу
TgqQIWsrg010q0cX,изготовление мебельных фасадов мдф,,"Покраска, изготовление мебели мдф кухонных фасадов",Фасады мебельные из мдф в эмали,Фрезеровка и покраска мебельных фасадов,Изготовление мебельных фасадов,Изготовление и покраска мебельных фасадов
vVsNRyPU9Jus2tEX,бригада по ремонту домов,,Ремонт и строительство домов/ Бригада строителей,Монтаж дымоходов в многоквартирных домах,Ремонт старых домов под ключ,"Замена венцов, подъем дома",Ремонт деревянных Домов
ZKPACQJwmNP93Ry4,печник кладка,Тип услуги Кладочные работы Вид услуги Строительство,"Печник, услуги печника, ремонт и кладка печей","Печник, услуги печника, ремонт и кладка печей","Услуги печника. Кладка печей, мангалов",Печник кладка печей,Печник/Услуги Печника/Кладка печей СПб и ло
PGNUNY4znFjHkfPi,афрокудри на трессах,,"Афроволны, Афрокудри на трессе, замещение волос",Афрокудри /Наращивание / \ Трессы на каркас,"Афропричёска. 24/7. Афрокосы, Афрокудри и т.д","Афрокудри, прямые волосы на каркас","Афрокудри, афролоконы"
U4ZHsNuuQuQJnDyI,ремонт ванной и туалета под ключ,,Ремонт ванной и туалета,Ремонт ванной и туалета под ключ,Ремонт ванной комнаты под ключ,Вана туалет сантехника электрик,Ремонт в ванной и в туалете. Ремонт санузла
I6XRGlq4u5NW9BO9,оконный рай,Тип услуги Окна и балконы Вид услуги Ремонт и отделка,Отделка балконов и лоджий,Пластиковые окна Изготовление и ремонт,Производство и установка окон,"Остекление, утепление и отделка балконов и лоджий","Ремонт,остекления отделка Окон и балконов"
ObBuwP4PDwOaAn6R,фотопечать polaroid,,Полиграфия. Печать фото.Сувениры,Вскрытие замков 24/7 Вскрытие Авто Замена замков,Поклейка обоев,Услуги риэлтора во Владимире,Скрипка на праздник
mSXLbxWIz9k3k4C4,детский костюм на новый год медведь,"Вид услуги Праздники, мероприятия",Медведь на день рождения,Аренда костюма динозавра,Ведущий/аниматор на праздник,"Мишка,праздник,аниматор,ростовые куклы",Аниматоры Белый мишка кукла лол ростовые куклы
uUZfRH6jVGfxu1dL,резка резины,,Лазерная резка,"Изготовление прокладок по чертежу из резины, резка",Плоттерная резка резины и рулонных материалов,Лазерная резка,Резка материалов и гравировка
9DPoPFSapcXqCPlZ,ремонт мягкой кровли крыши гаража,Тип услуги Кровельные работы Вид услуги Строительство,"Кровля гаражей, мягкая кровля, ремонт крыш",Мягкая кровля гаражей,Ремонт кровли и крыши частного дома,Мягкая кровля гаражей,Кровельные работы
sTQ6lEyvFSROX4Zg,дизайн проект квартиры,Тип услуги Дизайн интерьеров Вид услуги Ремонт и отделка,Дизайн проект интерьера квартиры,Дизайнер интерьера. Дизайн проекты квартиры,Дизайнер интерьера / Дизайн проект,Дизайнер интерьера,Технический дизайн-проект интерьера
lgmcWzbdXACQ1wiL,сиделка с проживанием,,"Сиделка с проживанием, приходящая- любой район",Сиделка с проживанием,"Сиделка с проживанием вахтой, приходящая",Сиделка с проживанием,Сиделка с проживанием
xzXgyOmwfBe50eMF,строительные работы сливная яма,,Строительные кровельные фасадные бетонные работы Строительная бригада,Поднять угол дома / Подъем дома / Монтаж фундамент,Фундаментная плита под ключ,Вывоз мусора,Вывоз мусора
mq4dtblb9FGI7BPd,замена фасадов,,Замена фасадов кухни. Экономия больше 70%,"Реставрация фасада кухни, столешницы",Замена фасадов и столешниц. Переделка гарнитура,"Замена фасадов, столешниц, мебель на заказ","Замена Фасадов, Столешниц и Фурнитуры"
0l46OAtC0wFHsKGu,ремонт матрицы мониторов,,"Ремонт ЖК экранов, матриц телевизоров",Первый сервисный по ремонту матриц в Краснодаре,Замена экрана/тачскрина — навигация и мониторы,"Астролог. Прогноз 26-27г. Натальная карта, матрица","Таролог, расклады таро, обучение, матрица судьбы"
mNIysbHfCpQtcDIL,сшить брюки,,Укоротить джинсы/брюки,Прокат инструмента для PEX труб сшитого полиэтилен,"Пошив штор, укорачивание брюк",Ремонт одежды. Швея на дому. Уралмаш,"Джинсы, брюки, юбки. Подошью, ушью, заштопаю"
bC5d6bEPbhTRz2Pg,прием ппу,,"Утепление пенополиуретаном ППУ емкостей, цистерн","Утепление ППУ ангара, склада, цеха",Прием радиодеталей прием разъемов,Вывоз металлолома / Прием металлома / Демонтаж,Прием отходов пнд труб. Прием пластиковых труб
7Rtxa0n8zTEnKhP6,услуги печати на 3d принтере,"Вид услуги Оборудование, производство","Печать на 3Д принтере, реверс-инжиниринг",Печать на 3D принтере,Многоцветная Печать на 3D принтере,3D печать на современном FDM принтере,3D печать на современном FDM принтере
0A2x7ulC3KohJSRe,"демонтаж акриловой ванны, монтаж новой",,"Сантехнические работы,замена водопровода ремонт",Монтаж отопления водопровода теплого пола,Пайка полипропиленовых труб,Монтаж кровли.Фасадные работы.Зимой цены снижены,"Отопление, замена котлов, теплый пол, дымоход"
0tfITNkPYkuidNrB,ремонт встраиваемой техники,,Ремонт встраиваемых микроволновок Kuppersbusch,Ремонт встраиваемых микроволновых печей Wolf выезд,Ремонт встраиваемых микроволновых печей Bork выезд,"Ремонт холодильников, замена испарителя",Ремонт стиральных и посудомоечных машин
sNAwxtdT2ckFsCsR,скупка книг дорого,,Скупка книг на дому Москва,"Оценка скупка книг, выкуп книг,вывоз книг",Скупка и вывоз книг в Москве,"Скупка посуды,книг,антиквариата,икон,мебели,вещей",Оценка и скупка старинных книг
tBcop5RLOZJAJhaS,написание текстов для песен,Вид услуги Искусство,"Сгенерирую качественную песню о вас, под запрос","Запись песни, аранжировка на текст. Минусовки",Песня на заказ в Абакане,"Стихи на заказ, Песня в подарок, Текст песни",Подарок на праздник - Песня на заказ
uCLGHTfEronptuWn,замена аккумулятора на телефоне,Тип услуги Мобильные устройства Вид услуги Ремонт и обслуживание техники,Замена аккумулятора iPhone и Android,Ремонт телефонов,Ремонт телефонов,Ремонт телефонов iPhone.samsung.xiaomi,Замена аккумулятора iPhone без ошибки и 100%
A9GVY6Q2wbhnquns,шарик учителю,,"Ваза учителю, подарок учителю",Шарики с гелием шары воздушные,"Воздушные шарики на выписку, на годик",Шары с гелием 100+цена шарика Доставка150,Гелиевые шарики на выписку
CgDfzEbRtAHi2Rkg,ремонт тротуарной плитки,,Укладка тротуарной плитки и асфальтирование,Укладка тротуарной плитки,Укладка тротуарной плитки,Укладка тротуарной плитки брусчатки,Укладка тротуарной плитки
TfdlJ1kjjbJfoqNp,изготовление стендов,Вид услуги,"Изготовление вывесок, печать баннеров, стенды",Адресные таблички.Режимки.Стенды.Штендеры,Изготовление стендов роллап (RollUp) в Красноярске,"Печать баннеров, наклеек, стенды, Roll-Up","Календари, визитки, листовки, баннера, стенды"
YPurhq4ZHyrhKCoM,ремонт подъемных ворот,"Тип услуги Ограждения, навесы, рольставни Вид услуги Сад, благоустройство",Заборы Навесы из профнастила поликарбоната Вальеры,"Забор под ключ,откатные ворота","Изготовим:Навес,забор,Откатные ворота","Заборы, навесы и откатные ворота","Построим: Навесы, забор, ворота, сварочные работы"
9x7OIKR6lvfPvVSt,снять а фрейм,,Аренда А-фрейм дома с бассейном и чаном у леса,А-фрейм с Чаном и Баней на Озере для мероприятий,А-Фрейм для проведения мероприятий,"Дом А-фрейм ""шалаш"" под ключ. Реальная цена",Строительство каркасных Дом.А-Фрейм. Барнхаус
tdFuRBjnf1g6eMjB,бти,Вид услуги Деловые услуги,"Поэтажный план и экспликация, Техпаспорт бти","Справки, мфц, бти и росреестр",Бти егрн авдк,"Поэтажный план и экспликация бти, техпаспорт бти",Бти Техпаспорт
PvwnPTgtWbYsm8pD,утепление межпанельных швов,,Ремонт швов.Покраска.Крыши.Уборка снега,"Ремонт межпанельных швов, высотные работы",Ремонт швов. Утепление квартир. Высотные работы,"Промышленный альпинист, ремонт межпанельных швов","Промышленный альпинист(мойка окон,утепление)"
00WuFMaXSFZBxSzT,сантехник щербинка,Тип услуги Сантехника Вид услуги Ремонт и отделка,Услуги сантехника.Сантехник,Ремонт телевизоров в Подольске и Щербинке,Услуги сантехника,Прочистка канализации устранение засоров Сантехник,Сантехник/засоры/установка сантехники/смесители
d6xp4rWLKf36f5oP,чертежи в solidworks,,Чертежи в SolidWorks,"Чертежи в SolidWorks, Autocad, Tekla, 3D модель","3D моделирование SolidWorks, разработка чертежей","Чертежи в Автокад, моделирование в Solidworks","Чертежи, 3D-модели, расчеты SolidWorks Simulation"
besFIySNVdr6fsgD,телефон грузоперевозки в спб и по россии,,"Перевозки малогабаритных грузов,переезд,СПб,ло",Грузоперевозки по СПБ и Лен области,Газель Грузоперевозки Переезды,Грузоперевозки по СПБ и Ло,"Грузоперевозки каблук, Ларгус по СПб и России"
BvoOcrTAEqxMVdjf,вывоз газовую плиту,,"Утилизация, вывоз газовых колонок, котлов","Ремонт газовых колонок Bosh,Junkers и плит","Вывоз, утилизация бытовой техники. Платно",Скупка-вывоз старой бытовой техники на лом,"Ремонт газовых колонок, плит и духовок"
VmBWSG1HVtICyicq,вытяжка позвоночника,,"Вытяжка позвоночника,грыжи Реабилитолог Костоправ",Китайский массаж,Лечение грыжи позвоночника,Массаж и Мануальная коррекция,Проблемы с позвоночником
oT6W61xokB5t5okz,услуга пошива париии,,"Пошив штор, покрывал, ремонт","Швейный цех, пошив оптом и на заказ",Швейный цех в Костроме,Швейный салон -Ателье,Пошив одежды на заказ
RvcX00lPI1lJWvV0,специалист по закупкам по 44 фз,,"Бухгалтер, экономист, специалист по закупкам 44-фз",Специалист по закупкам 44 фз и 223 фз,Специалист по закупкам. Менджер по тендерам,Тендерное сопровождение 44 и 223 фз,"Специалист по закупкам/тендерам (44-фз, 223-фз)"
XEOetubUnDRm59O2,массаж в,"Тип услуги СПА-услуги, массаж Вид услуги Красота, здоровье",Массаж,Массаж женщинам,Детский массаж,Массажистка,Массаж на дому
Asb3JieRX6CpIzzM,сварка выезд,,"Сварка аргоном, аргон, выезд, аргонная сварка","Сварка алюминия, нержавейки. Сварщик аргонщик",Сварщик Сантехник Выезд,"Сварка, сварочные работы, Электросварщик накс",Пайка сварка пнд труб
pf1JrX4OC1OLEByn,репетитор по литературе   1-4 класса,"Вид услуги Обучение, курсы",Репетитор по русскому языку и литературе 5-11,Репетитор по русскому языку и литературе онлайн,Репетитор по русскому языку 4-8 класс (онлайн),Репетитор начальных классов,Репетитор по русскому языку
wRoXmiiUNs5HxbTt,плетение кос с выездом на дом,,Плетение кос,Брейды / косички с канекалоном / плетение кос,"Афрокосы,зизи,де-косы, се-косы, афропрически",Курсы по брейдингу (плетение кос),"Брейды, афро плетение"
LlS7JPQkYFBg5Zny,сборщик комода,Тип услуги Сборка и ремонт мебели Вид услуги Ремонт и отделка,Сборщик мебели,Сборщик мебели,Сборка разборка мебели,"Сборщик мебели.Сборка мебели,разборка.Опыт",Сборщик мебели
Paz3bgAbd3jjXt3I,настройка openwrt,Вид услуги Компьютерная помощь,Прошивка wifi роутера / openwrt / безопасная сеть,Прошивка и настройка роутеров,Прошивка роутеров и настройка openwrt удаленно,Openwrt,"Настройка роутера, личного сервера"
lEk3U4pkOAyVMqKi,шпаклевка стен офис,,Шпаклевка покраска стен безвоздушная покраска,"Шпаклевка,обои,покраска","Ровные и гладкие стены под отделку. Штукатурка, шпаклёвка, финишная отделка и декоративные покрытия",Поклейка стен обоями. Шпаклёвка.Покраска,"Штукатурка,шпаклевка,поклейка обоев"
dvVm0JcH17cB2oUj,прием мяса,,Приглашаем на охоту,Забой крс,Прием цветного металла,Прием меди / латуни / алюминия / рзм,"Прием рзм, Быстрорезов и Твердосплавов в Тюмени"
9QMLkdHmHT3Gw6Gz,социализация собак,Вид услуги Уход за животными,Передержка собак в частном доме,Кинолог/зоопсихолог - помощь собакам и их хозяевам,Профессиональной кинолог,Передержка собак в домашних условиях,Передержка собак
OctYj8QT2JFG0LOY,животное по фото,,Козлёнок олененок бемби животные аренда фото/празд,Портрет питомца по фото,Портрет по фото на заказ карандашом,3D фигурка любимца по фото идеальный подарок,Портрет по фото карандаши/уголь. Ручная работа
Q0Xmt80EoEtDhue2,реставрация керамической раковины,,"Улучшу вашу ванну, реставрация ванн и раковин",Реставрация сколов и трещин на ваннах и раковинах,"Реставрация ванн,раковин, поддонов, душевых кабин","Реставрация керамогранита, керамической плитки",Реставрация изделий литьевого мрамора
6zAUc5zhUpXBgV3o,помощь в оформлении визы в испанию,,"Визы: Италия, Испания, Франция, Венгрия (шенген)","Сша,Шенген,Испания,Франция,Великобритания визы","Шенгенская виза, виза шенген, оформление визы","Шенген(Ита, Исп, Фра, Гре, Бол, Вен), ВНЖ Испании","Визы Шенген.Италия,Венгрия,Кипр,Греция и др"
w3uhpsQ4LAyH0var,рубка леса,,"Проект освоения лесов (рубка, рекреация, линейные",Изготовление срубов домов из бревна ручной рубки,Сруб ручной рубки из Сибирского кедра,"Ручная рубка качественно: дома, бани",Изготовление срубы ручной рубки деревянные дома
6va7PZ1Q07jdBIGv,репетитор итальянского языка,"Предмет или специальность Итальянский язык Тип услуги Иностранные языки Вид услуги Обучение, курсы",Репетитор по итальянскому языку (носитель),Репетитор по Итальянскому языку с нуля,Репетитор по итальянскому языку онлайн,"Итальянский язык репетитор, переводы",Итальянский язык онлайн. Репетитор
IASoqsDKQ7YLil8q,скупка роботов пылесосов,Вид услуги,"Ремонт роботов пылесосов, робота пылесосоа",Ремонт роботов пылесосов xiaomi,Ремонт роботов пылесосов с гарантией,Ремонт роботов пылесосов,Ремонт Роботов Пылесосов Xiaomi Миасс
cQxgV5BSTKXghhN0,электрик столб,Тип услуги Электрика Вид услуги Ремонт и отделка,Установка опор лэп/ Монтаж сип/ Электрик под ключ,"Ямобур.Доставка,Установка Столбов,Опор Лэп Св95",Электрик Все виды работ,Электрик,Электрик Услуги Электрика Электромонтаж под ключ
kLyou7nFpdqE2Xy8,монтаж зеркал,,Зеркало Стекло Установка,"Изготовление,монтаж стекл(зеркал) любой сложности",Изготовление Зеркал и Стёкол,Стекольщик зеркала фартуки триплекс душевые двери,Мастер на час/ муж на час
3papqUK2pmOgD7uO,съемка для бинеса,,"Видеосъёмка, Монтаж видео","Мобильная съемка- фото,видео, рилс мейкер","Видеограф, контент креатор","Предметная, интерьерная, фуд фотосъемка","Видеосъемка Улан-Удэ, монтаж видео, фотограф"
BPSeLyD40XD4mbUU,пеноизол,Тип услуги Изоляция и утепление Вид услуги Ремонт и отделка,Пеноизол - утепление,Утепление частных домов пеной за кирпич в пустоты,Утепление крыш эковатой Утепление эковатой,Утепление дома эковатой Утепление крыш,Утепление дома эковатой Утепление крыш
YMZJCA01toxRV8zD,фотосессия прогулочная,Вид услуги Фото- и видеосъёмка,Фотограф,"Фотосессия лав-стори, семейная, прогулочная",Прогулочная фотосессия/разводные мосты,Фотосессия TFP,Фотограф в Спб / Прогулочная фотосессия
s5AKQKsaJxr3dm0b,утилизация повербанк,,Утилизация радиолома,Утилизация транспортых средств,"Утилизация сжигание просрочки, складских остатков",Скупка Разъемов Утилизация Радиодеталей и Серебра,Утилизация радиодеталей
OdFczkGLBcfj0exz,эвакуатор киров,,Эвакуатор Киров (Выгодный Межгород),"Аренда и услуги грузового эвакуатора, 4 т","Услуги эвакуатора. Киров, область, межгород",Эвакуатор Киров Область РФ 24/7,Эвакуатор Киров. Услуги эвакуатора 24/7
kMbsvgr4PHToYXzT,порошковая покраска дисков авто,"Вид услуги Оборудование, производство",Порошковая покраска металла,Порошковая покраска дисков. Пескоструй,Покраска дисков порошковая с подготовкой диска,Порошковая покраска литых дисков R17 - R18,Порошковая покраска
nEhCqVueeCqQ0bAw,покупка виброплита,,Аренда виброплит 60 - 300 кг,Аренда виброплит 50-300 кг,Аренда виброплиты,Аренда виброплиты / трамбовки,Аренда виброплиты / трамбовки
dYx9rCpGoJCKAkgd,мотобур аренда,"Вид услуги Оборудование, производство",Аренда мотобура Stihl,Аренда мотобура,Аренда мотобура/бензобура/ямобура/бурение лунок,Аренда мотобура,Аренда мотобура (бензобур) ADA Ground
gs4f9uvvSdwdDUpZ,окраска волос краской keune санкт-петурбург,,Окрашивание волос и стрижка Топ стилиста,Модель на сложное окрашивание волос,Покраска любых комплектующих,Наращивание волос В СПБ,Порошковая окраска
TRgNNPG3ysgQsR3o,манипулятор воровайка,,"Услуги спецтехники,воровайка,эвакуатор",Манипулятор воровайка,Воровайка кму Грузовик с краном Манипулятор,Аренда воровайки 10/3 манипулятор,"Эвакуатор. Воровайка, Манипулятор"
l4VYk6idoA6FMweO,мастер-классы в самаре для школьников,,Выпускные альбомы в Самаре,"Мастер-классы в Самаре, творческие",Тафтинговый ковер мастер-класс Самара,Мастер классы по эпоксидной смоле,Репетитор
R4R5IL8Z0LRjJQX6,изготовление вывесок,,"Изготовление вывесок, Ремонт вывесок, ""Ваш Бренд""","Изготовление рекламных вывесок, световые вывески",Изготовление неоновых вывесок,"Вывески, реклама, изготовление",Вывески. Световые буквы. Таблички. Баннер
PN98CNiYh3XWw04U,независимая оценка ущерба по каско,Вид услуги Деловые услуги Тип услуги Юридические услуги,Независимая оценка ущерба после дтп,"Независимая экспертиза дтп, оценка для нотариуса",Юридическая помощь при дтп,"Оценка ущерба после залива квартиры быстро, честно",Услуги оценки
n2n12vKO5B92iPlZ,"master по ремонту дверных замков омская область, с. красноярска",Вид услуги Ремонт и отделка,Замена замков личинок ручек ремонт замков,Установка дверных замков,"Вскрытие замков, замена личинки, ремонт двери","Замена дверных замков, установка и ремонт замков",Установка/ Замена/ Ремонт дверных замков
qxR2qCjsSCHtbijt,ремонт динамика,,Ремонт динамиков и акустики,"Ремонт наушников Airpods, jbl, samsung, sony",Ремонт iPhone - Замена дисплея с выездом мастера,"Ремонт усилителей, активных сабвуферов",Ремонт наушников. Премиум модели. Профессионально
nBqjJh0lgdFrbEvT,монтажник газовых котлов лемакс,,Ремонт теплообменника чугунных газовых котлов,Ремонт газовых электро котлов колонок бойлеров,Ремонт газовых котлов и колонок Wolf,Ремонт Установка Обслуживание газовых котлов в мо,Ремонт обслуживание газовых котлов viessmann
JFQlMEuwwyBztRez,ветеринар в троицке,Вид услуги Уход за животными,Ветеринар с выездом на дом. 24\7 Круглосуточно,Частный ветеринар,Вакцинация собак кошек на дому. Ветеринарный врач,"Зоотакси,зоняня,догситтер,вет услуги на дому",Ветеринар на дом
dJM7bddwEpfGkvJV,французский язык с носителем,,Репетитор-носитель французского языка,Французский язык с носителем,Репетитор-носитель французского языка из Парижа,Французский с носителем языка,Французский язык с носителем онлайн
PTjYxpTGcWUGm2Nr,вывоз земли,,Услуги перевозки ЗИЛ камаз доставка,Песок щебень а/б крошка торф земля,"Доставка,песок, грави, земля, торф, щебень,и т.д","Выравнивание участка, посев газона, вспашка земли",Вывоз мусора
4fkE2Eaon7Zl8OYJ,номер на авто,"Вид услуги Оборудование, производство",Изготовление дубликатов гос номеров жирным шрифтом,Дубликаты гос номеров на авто,Сувенирные госномера на авто,Изготовление дубликатов номеров жирным шрифтом Тул,Дубликаты гос номеров жирные без флага все виды
e39rTDFJQUv7P30C,репетитоп по физике,,Репетитор по математике и физике,Репетитор по физике. Подготовка к ОГЭ,Репетитор по физике. Подготовка к ОГЭ,Репетитор по физике. Подготовка к ОГЭ,Репетитор по физике
kcJxjdnNGydHCrCL,регистрация контрактного двигателя,,Маркетолог. Авитолог,Регистрация изменений переоборудования автомобиля,Мыло под вашим брендом / Мыло под стм / Контрактное производство косметики,Регистрация судна в гимс / Морском регистре,Срочная настройка эцп. криптопро. Копия эцп
1lBj1bnCVuHBiqJM,дом кирпич,,Бой кирпича,Облицовочный кирпич Старый Оскол Солома,Строительство дома Газобетон Кирпич,"Дом 484,8 м² на участке 9,99 га",Дача 69 м² на участке 4 сот.
C2cS7CnhRTF5XnHK,декларация,Вид услуги Деловые услуги,"Декларации 3-НДФЛ, вычеты",Декларации вычет,Декларации 3-НДФЛ,Декларация 3НДФЛ,"Заполняю декларации 3-НДФЛ, енвд, УСН"
yDDQ0xPr3i1xXXbp,одинцово брови,,Архитектура бровей/ламинирование,"Коррекция бровей, Маникюр,педикюр",Нано-напыление бровей эффект хны,Бровист /ламимейкер Одинцово с кальяном,"Оформление бровей, ламинирование ресниц"
Jm1iOUEsg9v6IBku,сборщик стеллажей,Тип услуги Сборка и ремонт мебели Вид услуги Ремонт и отделка,"Сборщик мебели. Сборка мебели, разборка, ремонт","Сборщик мебели / собрать, разобрать мебель",Сборка мебели / Сборщик мебели,Сборщик мебели/сборка разборка мебели/сборка кухни,"Сборка мебели, сборщик мебели, сборка кухонь"
BZMn4k2YRVgLbFao,моющий пылесос karcher в аренду,,Аренда моющего пылесоса Karcher puzzi + Фен(беспл),Аренда моющего пылесоса Karcher Puzzi 10/1,Моющий пылесос Karcher puzzi8 аренда доставка,Моющий пылесос karcher в аренду,Аренда моющего пылесоса karcher
BDBWJS68e40SdM8k,укладка резиновой крошки,,Укладка Резиновых покрытий. Резиновая крошка,Укладка резиновой крошки. Спортивное покрытие,"Искусственная трава, Резиновое покрытие",Покрытие из резиновой крошки,Ремонт покрытий из резиновой крошки
D7XZwOQKmTIpnbLw,няня для животных,Вид услуги Уход за животными,Догситтер. Передержка. Няня для животных. Зооняня,Сиделка,"Передержка животных, зооняня, выгул собак",Перевозка доставка животных по РФ. Зоотакси,Передержка животных
RgofqTNDcSH9Oast,аренда помещения на свадьбу,,"Аренда авто, заказ автобуса, минивена на свадьбу",Аренда помещения для мероприятия,"Аренда авто на свадьбу, трансфер, прокат, аренда","Аренда помещения, лофта под мероприятия",Аренда автомобилей на свадьбу
fsBz52hNQ7LvzN3O,проверка физического лица,,Разблокировка счета по 115 и 161 фз,Списание задолженностей через мфц \ суд,Ремонт автoподъёмников,"Подбор, диагностика, проверка авто / Автоподбор",Техосмотр/Диагностическая Карта
EfJvRrYlbA3ld4IS,поездка в тбилиси,,Трансфер. в Грузию Владикавказ-Тбилиси-Владикавказ,Трансфер -тбилиси-батуми-владикавказ,"Трансфер В Грузию :поездки Тбилиси Кутаиси,Гудаури",Поездки-Трансфер в Грузию Гудаури/Тбилиси/Батуми,"Трансфер в Тбилиси,Гудаури,поездки в Грузию"
q73GsFFmwjC34JNp,ремонт диванов механизм аккордеон,,Ремонт диванов на дому с гарантией до 3 лет,Ремонт диванов и кроватей,Замена механизма в диване,Ремонт диванов на дому,Ремонт диванов на дому
lQUov1qvKPSDKTOq,натяжные потолки от профи,,Натяжные потолки Санкт-Петербург. Замер сегодня,Натяжные потолки от частного мастера,Натяжные потолки от частного мастера. Слив воды,Натяжные потолки от Мастера,Натяжные потолки
iR5hAHdMtBz82OA4,перекладка канализационных труб,,"Прочистка,монтаж канализационных и дренажных труб","Аварийные работы, пробивка засоров",Вечерний сантехник,Мастер На Час.Электрик (Сантехник ),"Замена батарей, труб на воду, отопление, канализа"
hL8dLkdwOrktTY1E,поздравление от кадышевой,"Вид услуги Праздники, мероприятия","Поздравления от ростовых кукол. Позитивно, оригина",Видео поздравление от звезд и Путина новости,Ростовая кукла Мулатка поздравление,Видео поздравление от звезд Путина,"Видеопоздравление от знаменитости, Путина, звезд"
X5Q2CSKjJcKHiP3O,стрижка йорков,Кто оказывает услуги Частный исполнитель,"Стрижка собак и кошек, грумер(без выезда)",Стрижка собак,Груминг Стрижка собак и кошек Экспресс-линька,Грумер стрижка собак и кошек,Стрижка Вычес Кошек и Собак
YOtCZ91wdNgjMyjd,когти монтерские,,Когти лазы монтерские,Сдам в аренду Лазы когти монтерские универсальные,Когти лазы монтерские альпинизма артикул 66347,"Лазы монтерские, пояс, Стол малярный, Стремянка",Когти монтерские и интрументы в аренду
97KeBKVCfEN5cVZt,аниматор шоу мыльных пузырей,"Вид услуги Праздники, мероприятия","Аниматоры, Пенное шоу, Мыльные пузыри","Аниматоры, Шоу мыльных пузырей, Крио, Азотное",Мыльное / бумажное шоу на ваш праздник,"Аниматор, шоу мыльных пузырей, пенная дискотека","Аниматор на детский праздник, шоу мыльных пузырей"
dzAUx8jlyvBXlnmz,замена стекла в окне подольск,,"Ремонт iPhone 15/14/13, телефонов Замена крышки","Стекло,зеркало в размер",Ремонт окон. пвх алюминий и дерево,Ремонт пластиковых окон. Частный мастер,Ремонт окон пвх. Утепление окон. Замена стеклопаке
gKLDLr8J1M9TLGLq,кровельные работы в,,Монтаж и ремонт кровли / кровля / устройство крыши,Кровля. Сайдинг. Вагонка. Бани. Утепление,Кровельные и фасадные работы,Кровельные работы фасадные,Кровельные работы / Ремонт кровли. Ремонт крыш
MzV0dNq9UwId2Qcd,настройка пластиковых дверей,Тип услуги Окна и балконы Вид услуги Ремонт и отделка,"Монтаж пластиковых окон, балконов и лоджий",Ремонт пластиковых окон и дверей,Пластиковые окна,Ремонт Алюминевых пластиковых деревянных окон,Изготовление и монтаж всех видов окон и дверей пвх
CNYdwVMIh4gcZf0p,сварка труб отопления,,"Замена батарей отопления, сварка",Сантехника-сварка тёплый пол,Сварка полиэтиленовых труб,"Вальцовка листового металла, гибка труб, сварка","Сварка металлоконстр., сантехника, теплотехника"
IFVTGNU80l5zNDt3,фотограф усть курдюм,,Организация сплава по реке Волга,Забор под дерево стиль и надёжность,Начинающий фотограф,Фотограф / видеограф,Свадебный фотограф
TaOJrHAlvmjbUKTq,учитель онлайн для ребенка,"Преподаватель Женщина Рабочие дни Понедельник Рабочие дни Вторник Рабочие дни Среда Рабочие дни Четверг Рабочие дни Пятница Рабочие дни Суббота Рабочие дни Воскресенье Занятия Индивидуальные Вид услуги Обучение, курсы",Репетитор начальных классов,Репетитор начальных классов,Развитие детей,Логопед онлайн,Скорочтение для детей онлайн
mOkMqUw89DSTS0Oo,заливка парковки  бетоном,,Отмостки. Заливка бетона,Фундамент Отмостка Парковка Площадка из бетона,"Отмостка, бетонные дорожки, площадка под машину",Монолитная плита фундамент отмостка заезд,Фундаментные работы под ключ. Заливка фундамента
uaMQUckhYqpHuiww,категория a3 обучение,"Вид услуги Обучение, курсы",Обучение на категорию а3,Обучение на водителя вездехода категории «А3»,"Обучение, профессиональная подготовка, аттестация","Мотошкола. Категория ""А"". За 1,5 мес",Обучение на трактористов всех категорий
PJZjiP5g7BhDkz3V,мелкий ремонт одежды,,"Ремонт и пошив одежды, мелкий опт",Подшив штор ремонт одежды,Ремонт одежды,"Шью и ремонтирую, от купальника до пальто",Швея по ремонту одежды на дому
YQ9XkuuQVHLQAMa2,баня  на калесах,,Частная семейная баня на дровах,Русская Баня на дровах с бассейном,Баня на колесах аренда,Баня на дровах,Баня на колёсах аренда
awZZNOGsoAphXkwT,укладка керамогранита 600 1200,,Услуги плиточника,"Плиточник отделочник, ремонт любой сложности",Плиточник укладка плитки,"Укладка резка керамогранита, плитки",Услуги плиточника
6fuwYvcI4737D9Ff,3d печать и моделирование на заказ,"Вид услуги Оборудование, производство Тип услуги Производство, обработка",3D печать и 3D моделирование,"3D Печать, Моделирование",3D моделирование и печать на заказ,"3D сканирование, моделирование и печать",3D печать и 3D моделирование на заказ
6m85PIs8tdBp5885,эпиляция зоны бикини,,Лазерная эпиляция бикини и подмышек,Лазерная эпиляция. Александритовый лазер,Лазерная эпиляция александритовым лазером,Лазерная эпиляция: тот. бикини подмышки голени,Лазерная эпиляция. Комплексы и зоны
ul7KvRlIF0PH3zke,чистеп лица обучение,,Массаж лица обучение,Онлайн курс по лимфодренажному массажу лица,"Массажист обучение, массажный стол в подарок",Диплом аппаратного косметолога. Курсы и трудоустройство,Косметолог / чистка лица
8aa16laEQJKnRhfC,выезд на рыбалку,,Рыбалка на хариуса на Алтай,Рыбалка с гидом на овх(организация рыбалки),Тур на Кольский из Перми Рыбалка Дайвинг,Рыбалка с гидом. Организация рыбалки,Рыбалка с лодки на Красноярском водохранилище
O4GrtgLk4nfNNutY,ведущая геленджик,,Заказать трансфер Новороссийск-Геленджик-Сочи,Трансфер Новороссийск -Геленджик минивен,Трансфер 6 мест минивен,"Трансфер,встреча на ж/д Новороссийск - Геленджик",Трансфер Геленджик/Новороссийск/Адлер/Анапа
lmc2r5M9u1ZrUSIt,лазерная резка стекла,,"Лазерная резка, гравировка, фанера, акрил, картон","Лазерная резка и гравировка фанера, кожа, пластик",Гидроабразивная резка Резка плитки металла камня,"Лазерная резка, Фрезерная резка, Гравировка",Лазерная резка гравировка
dHObOnK4HGX5oP17,лечение лошадей,,"Болезни лошадей, их предупреждение и лечение 1940г",Ветеринарный врач выезд на дом круглосуточно,"Ветеринарный врач на выезде, Москва, Мос. область",Перевозка лошадей конеперевозки,"Лошади и кареты. На праздник, свадьбу и кино"
VqiRl96UpqgcYQ1v,гравировка по металлу,,"Лазерная гравировка на заказ, сувениры из металла",Лазерная гравировка по металлу/дереву/коже/стеклу,Лазерная гравировка и шелкография по металлу,Лазерная резка и гравировка металла,Лазерная резка металла/ Сварочные работы
lPTt4oUhgVgapJLV,иврит репетитор,,Репетитор по ивриту,Репетитор по ивриту,Репетитор по ивриту (носитель),"Репетитор по ивриту, переводы",Репетитор по ивриту
ktLlYb62TykRbmLu,баня на сейму,,Аренда бани на берегу реки Сейм,Аренда русской бани с выходом в реку Сейм,Баня на берегу реки Сейм,"Баня на дровах, Беседка на берегу реки",Баня с комнатой отдыха под ключ
uaBi26SwAGtsNsEn,манипулятор длинномер,Вид услуги Грузоперевозки,Услуги крана манипулятора,"Услуги, аренда Манипулятор - длинномер-вышка-кран","Аренда трала, грузоперевозки, негабарит, длинномер",Транспортные услуги длинномера,Грузоперевозки/Услуги фуры и длинномера
Hbdgvb5IAi0zu9Qe,ремонт квартир вторичка,Вид услуги Ремонт и отделка,Ремонт квартиры под ключ,Ремонт и отделка Корейцы/ Русские,"Ремонт квартир, помещений под ключ корейцы",Ремонт квартир,Ремонт и отделка квартир
rtBHbANRRoSv7v6Q,установка нагревателя,,Мастер на час. Помощник по дому на день,Монтаж систем вентиляции,Установка программ. Компьютерная помощь онлайн,"Узаконение переоборудования автомобиля (гбо,тсу.)",Установка любых программ и игр на MacOS и Windows
5iZxSF0gYO2n0Pqh,модели на женскую стрижку,,Модель на женскую стрижку,Модель на мужские и женские стрижки,Модель на удлиненную,Окрашивание и стрижки,Стрижки женские
sCqQJUPSFXuHFsgG,решение проблем с соседями,,Охрана объектов-заведений,Решение сложных конфликтов и проблем Ярославль,Качественная юридическая помощь. Юрист. Ярославль,Решение заданий по черчению/сопромату/математике,Кинолог (зоопсихолог)
onHX881LLdWLOU83,бассейн по часам,,Сауна с теплым бассейном и бильярдом,Сауна с бассейном,"Баня на дровах, бассейн",Сауна Баня Mystery караоке теплый бассейн,Баня на дровах с бассейном
DvTjkkLA8ems95c4,подшить пальто,,Швея (ремонт одежды и пошив штор),"Ателье по ремонту одежды, пошиву одежды",Пальто демисезонное ручная работа,"Ремонт курток, ремонт пуховиков, ремонт пальто","Подшить брюки, джинсы"
AC7ZdvjWmpjq8C1U,гадалка ясновидящая на будущее,"Тип услуги Другое Вид услуги Обучение, курсы",Ясновидящая Таролог Гадание Приворот Расклад Магия,Гадание на таро / Гадалка / Приворот / Расклад,Гадалка Ясновидящая Таролог Карты Таро Приворот,Экстрасенс ясновидящая гадалка снятие порчи,Экстрасенс Ясновидящая Гадалка таролог 24/7
9d2dzGrayW2Rrw61,наращивание обучение,,"Обучение, курсы наращивания волос, рассрочка",Обучение наращиванию волос,Обучение лэд наращивание ресниц,Обучение наращиванию ресниц,Обучение наращиванию ресниц
bhLAKzpNR2oDfix0,репетитор по флейте онлайн,,"Репетитор по флейте, сольфеджио онлайн",Репетитор по флейте,Онлайн репетитор по флейте/флейте dizi,Репетитор по флейте и сольфеджио,Репетитор по флейте онлайн
2rDAaQgRVzpvVfz0,грузоперевозка москва ереван,,Автовоз Москва Ереван Тбилиси Россия Армения,Автовозы Ереван-Тбилиси-Владикавказ-Москва-Минск,Грузоперевозки сборных грузов Москва — Ереван,Автоперевозка Ереван-Москва-Ереван-Тбилиси,Грузоперевозки в Армению от 1кг
vx7HFHwTiknnIRky,официальная разблокировка загрузчика xiaom,,Официальная разблокировка загрузчика Xiaomi unlock,Разблокировка загрузчика xiaomi poco redmi Hyper,Разблокировка загрузчика Xiaomi 17,Разблокировка загрузчика/обновление,Разблокировка телефонов
MIvesokZQ4P3OPKT,ремонт сухих гидрокостюмов,,Ремонт сухих и мокрых гидрокостюмов,Сухая стяжка Knauf супер пол,"Обучение массажу, мануальной терапии, сухим иглам",Дрель для сухого алмазного сверления в аренду,Аренда алмазных коронок для сухого бурения M22
Bz4KRYZoV0WQMaox,мастер на час полки и ножки для кресла установить,,"Сантехник, мастер на час","Мастер на час, Частный Мастер",Сборка мебели мастер на час,Мастер на час/выезд в область,Муж на час. Мастер на час
5NzMhh1iXRXVlXVr,фоторедактор,Вид услуги Фото- и видеосъёмка,"Фото на памятник, реставрация и восстановление",Услуги Фотошопа,Оживление фото / Трогательное семейное видео,Фотошоп / Фотомонтаж / Услуги фотошопа,Мультики по вашим фото
ySnFs9D36CtvXJU1,ремонт лодочных моторов sea pro,,Ремонт Лодочных моторов и лодок пвх,Ремонт и обслуживание Лодочных Моторов,Ремонт 2 и 4 тактных лодочных моторов,"Т.О., Ремонт, Лодочные Моторы, Квадроциклы",Аренда лодочного электромотора
r5GoXq7CjXHn3Oqv,иммиграционный юрист,,Иммиграционный юрист,Иммиграционная виза в США EB-1,Иммиграционная виза в США,Иммиграционная виза в США EB1,США / Легализация / Иммиграция
GSCnnymn6nZc2ayp,провести провод интернет мастер,,Интернет частный дом Безлимитный интернет дачу,Интернет на дачу Беспроводной интернет в частный дом,Подключить WiFi интернет 4G,"Интернет на дачу, в дом. Усиление сотовой связи",Интернет в дом: Скорость до 100 Мбит/с (Wi-Fi)
TRUYoYvCwv5lBOi3,сделать печать для ип,Вид услуги,"Ксерокопия, Печать фото, Фото на документы",Изготовление печатей и штампов,Изготовление печатей и штампов без выходных,"Печать флагов, Изготовление флагов на заказ",Изготовление печатей и штампов
ihfxZanKON7L2qg2,еда на заказ,,Фуршет кейтеринг праздник еда на дом,Домашняя еда на заказ,"Закуски, фуршет, кейтеринг, еда на дом, банкет",Готовая домашняя еда,Домашние полуфабрикаты на заказ Ковров
faJMP41ly0ExjaKz,инструмент в аренду домкрат гедравлика,"Вид услуги Оборудование, производство",Прокат строительного инструмента в Ангарске,Аренда виброрейки,Аренда инструмента Без залога,Аренда стоек для опалубки,Аренда прокат инструмента
S81KPzQ3PG0KFW33,мото сто,,Перевозка мото техники буксировка прицепов,Подбор авто и мото,Мотошиномонтаж.Балансировка.Правка мото дисков,"Мото Картины, мото бар,мото подарки",Сто Франц Мобиль
2AtXhgVWSjToCLnw,пескоструй в аренду,,Пескоструй,Пескоструйная обработка. Пескоструй. Чистка днища,Выездной пескоструй чистка срубов,Пескоструйная обработка мелких деталей,Парикмахер на проценты или сдам в аренду место
cUOY5yyJ57hWf8oP,прямоуголнве торты,,"Торты, бенто-торт, медовик, 3D-торт","Торты на заказ, свадебный торт, бенто торт",Торты на заказ,Пп торты. И домашние торты на заказ,"Свадебный торт, Торт на юбилей, Бенто торт"
wqp1s9yBtNlCkgcZ,прически обучение,,"Прически, макияж.Обучение по прическам.Курсы",Обучение по прическам,Визажист Макияж Локоны Прически Брови Обучение,Курс прически для себя,"Курс ""прически для себя"""
1gr6ztNgLe5ct4W7,продленка для ребенка,,Каникулы и продленка Радищева 33 с 7.30 до 19.00,Педагог на продленку в образовательный центр,"Детский сад, продленка 1-2 класс, летний лагер","Продленка для учащихся 1 кл 167, 138, 128, 95 школ",Педагог-воспитатель на продленку
lCKFXnOLXBTnzrZQ,ремонт межкомнатных дверей со стеклом,Вид услуги Ремонт и отделка,Замена стекла в межкомнатных дверях,Ремонт межкомнатных дверей,Установка межкомнатных и входных дверей,Установка межкомнатных дверей,Установка межкомнатных дверей
pmHW1a5lt9e3wAcg,куплю радиодетали,Вид услуги Вывоз мусора и вторсырья,"Прием Плат,Радиодеталей,Электронного лома,Кабеля",Прием радиодеталей скупка радиодеталей,Скупка технического серебра Нижний Новгород,"Скупка Лома,Плат,Эл. Лома,радиодеталей,кабеля",Скупка радиодеталей Нижний Новгород
pTydODWTJcQctlh6,спарринг партнер по большому теннису,,Спарринг партнер по большому теннису,Спарринг партнер по теннису,Спарринг партнер по большому теннису,Спарринг партнер большой теннис,Тренер или спарринг-партнёр по большому теннису
QJrQLZtg7v1ktnQ6,установить рольшторы,,Рулонные шторы для пвх,Установка жалюзи,"Откосы,подоконники, жалюзи, рольшторы","Жалюзи, рольставни, рулонные шторы, ролеты, плиссе",Установка программ Офис Ворд Ексель Автокад Эцп
2KheyMFjI7Ly7GHT,замена ручек пластиковых окон,,"Ремонт пластиковых окон — аварийный выезд, обслуживание окон с гарантией",Ремонт пластиковых пвх окон и дверей,"Ремонт, регулировка пластиковых окон",Ремонт пластиковых окон замена стеклопакетов,Ремонт пластиковых окон
jxvRfqmkgvUfcl2M,польский язык для карты поляка,,Карта Поляка готовлю /Репетитор польского языка,Репетитор по польскому языку и Карте Поляка,"Репетитор по польскому языку, Карта Поляка",Репетитор по польскому языку/ переводчик,Репетитор польского языка Teams Zoom Карта Полякa
22qrGhXai8nYFFXH,помощь в саду огороде,"Вид услуги Сад, благоустройство","Помощь по саду,огороду,разнорабочие",Дача сад благоустройство поможем во всем,Услуги садовника и уборка територии,Уборка огородов,"Спил деревьев, кустарников. Автовышка"
E1J0lZDdvsdAAl9M,поздравление ростовая кукла,,Чебурашка Мишка Зайка Ростовая кукла/Аниматор,Ростовые куклы Белый Мишка Бурый Мишка М,"Ростовые куклы, премиум поздравление","Поздравление ростовой куклой Кошечка,Зайка, Мишка","Ростовая кукла Белый Мишка,Тедди, Зайка, Панда"
HB9ulbE4FHtPpeLE,вывоз мусора после ремонта,,Вывоз мусора,"Вывоз мусора, утилизация",Вывоз мусора газель Грузчики Газель,"Вывоз, вынос строй. хлама, мусора.Грузчики",Вывоз мусора с грузчиками под ключ 24/7
27rpeWViEpJ6FqFW,машина на свадьбу аренда мерседес,,Аренда автомобиля с водителем на свадьбу BMW,Аренда автомобиля на свадьбу,Аренда микроавтобуса на свадьбу,Аренда авто на свадьбу,Автоперевозки пассажиров.Газель 8 мест
Gw04fpNzQ1xeO0gJ,развод мостов на катере,Вид услуги,"Аренда катера, Прогулка на катере, Развод мостов","Прогулки на катере, аренда катера, развод мостов",Аренда катера на развод мостов,"Аренда катера, прогулка на катере, развод мостов",Аренда катера с капитаном/ Развод мостов
Jp3OfRAY6CmP9H0s,аренда авто свадьба,,"Аренда авто, заказ автобуса, минивена на свадьбу",Аренда авто для свадьбы,Аренда авто с водителем свадьба Mercedes W223,"Аренда авто с водителем свадьба,межгород",Аренда автомобиля на свадьбу
7Xjc4EWpRX1JnyPk,авто на фотосессию,,Аренда авто на свадьбу и фотосессию,"Авто на свадьбу, Кабриолет, Микроавтобус, украш",BMW кабриолет в аренду с водителем,Фотосессия на годик Детский фотограф,Аренда ретро автомобиля из США для фотосессии
5gBTf7m4UePRMm9m,массаж кедровой бочке,,Спа программа,Вибро/Паук/Вакум/Прес/кавитация/кедровая бочка,Ручная липопластика,Спа свидание и спа девичники,Аппаратный массаж LPG
XyLJCaPgVU2wdljm,массаж в красногвардейском,,Модель на массаж,Воздушные шары с Леди Баг с доставкой,Воздушные шары Три кота с доставкой,"Сдаю в аренду,продам - вейдинг или Арендую 1кв.м",Массаж тела и лица 2 часа. Стоун терапия
kTjkg1wW9Jc7tnVH,проверка очистка дымоходов и вентиляции для горгаза,,Акт вдпо. Акт проверки дымоходов и вентиляции,"Акты Ф15. Поверка вентиляции, дымоходов",Акты Ф15. Проверка вентиляции и дымоходов,Чистка вентиляции дымоходов,Обследование дымоходов и вентканалов. Форма 20
s9kKaAzOs2B7l4qP,селигерская работа,,Уроки вождения (МКПП) автоиструктор селигерская,"Оцифровка, градация лекала",Маникюр гель лак,Изготовление и монтаж стекла и зеркал на заказ,"Оцифровка видеокассет, аудиокассет, фотопленок"
WrQjIDx4BJzMq7zR,стяжка штукатурка,,Механизированная стяжка пола и штукатурка стен,"Штукатурка, шпаклевка, потолки, откосы, стяжка",Штукатурка.стяжка,Строительная бригада заливке.стяжка,Бетонная работа стяжки
HDHUe9txt7L9bWue,нужны разнорабочие,Тип услуги Снос и демонтаж Вид услуги Строительство,Вывоз мусора/демонтаж/ грузоперевозки,Демонтаж и вывоз мусора,Демонтаж и демонтажные работы,Демонтаж Сантехкабины Штукатурки Бетона Кирпича,Демонтаж.Снос.Вывоз мусора
zOOJK8TBS9Plex1p,пилочный маникюр  бесплатно,"Тип услуги Маникюр, педикюр Вид услуги Красота, здоровье","Маникюр, педикюр, пилочный маникюр",Пилочный маникюр,Модель на маникюр,Пилочный маникюр /Натуральная красота,Пилочный маникюр без боли Бульвар Рокоссовского
QpobYBC9GXslcnfi,полимочевина,Тип услуги Изоляция и утепление Вид услуги Ремонт и отделка,Утепление пеной и гидроизоляция/ Утепление ППУ,Гидроизоляция кровли полимочевиной,"Утепление пенополиуретаном ангара,склада,дома",Утепление пенополиуретаном,"Гидроизоляция полимочевиной, устранение протечек"
z6JMbW6CtOSZ9mId,ремонт iphone замена стекла,Тип услуги Мобильные устройства Вид услуги Ремонт и обслуживание техники,"Ремонт Сотовых телефонов, iPhone, samsung","Переклейка (замена только стекла) Samsung, iPhone",Увеличение/замена flash памяти iPhone/iPad/Macbook,"Ремонт мобильных телефонов, iPhone, планшетов",Выкуп телефонов iPhone
liA3Jp0S93Vp3wgB,пирамида для перевозки стекла,,Пирамида для стекла / Пирамида для перевозки,"Газель пирамида. Перевозка окон, стекла, зеркал",Пирамида для перевозки стекла/зеркал/мдф/лдсп,Перевозка окон стекол Газель с пирамидой,Пирамида для перевозки стекла. 3 размера. Аренда
3KBd4K6qGIJPM2tI,монтаж насоса,,Услуги Сварщика отопления котлы насосы полипропил,Монтаж отопления водопровода теплого пола,Пайка полипропиленовых труб,Бурение до 250м,Сварочно-монтажные работы
Kz0l9NMKxylD2XXd,плиточник услуга,,Услуги плиточника,Опытный частный мастер-плиточник. Ванная и санузел,Плиточник укладка плитки,"Плиточник. Ремонт квартир, сан узлов, офисов",Плиточник
AuB9PUAp4iTuZcCY,трудоустройство яндекс такси,,"Трудовой договор с Яндекс такси, без смз и ИП",Яндекс Такси без ИП и смз,Подключение к Яндекс Такси на своем авто,Оформим в Яндекс Такси без смз и ИП,Подключение к Яндекс такси
oeZDoKCFj9ss328g,конкурсы из тик тока,,18+ Cpoчнo монетизация Тик-ток монетизация,Видеомонтажер рилс/ютуб/тик ток/шортс,"Накрутка подписчиков, тг вк, тик ток","SMM-специалист, монтаж видео и редактирование фото",Аниматор на ваш праздник. Тик-ток вечеринка
uo6GqMIeiEPd8Gdg,компаньон мужчина без проживания,"Вид услуги Няни, сиделки",Индивидуальная сиделка без проживания,Сиделка-компаньонка на час,Сиделка без проживания,Сиделка/помощница по хозяйству с проживанием и без,Сиделка с проживанием без посредников
j12ZKKC49zHqbY0v,кранн манипулятор   5тонн,,Манипулятор до 5тонн,Грузоперевозки газель реф,"Аренда и услуги манипулятора, стрела 2.9 т, 10 м, борт 4 т, 5 м",Аренда и услуги манипулятора,"Аренда и услуги манипулятора, стрела 7 т, 18 м, борт 15 т, 8 м"
COXWiIGYIUQk3I2H,аренда зала для фотосессии,,"Зал для фотосессии ""Романов""","Аренда зала в фотостудии зала ""Бельэтаж""","Просторный зал 28 м² в аренду, СПб, Васильевский о","Аренда зала для фотосессии ""Майами""","Аренда зала для фотосессии ""Амбер"""
PO86X0gMB6vygZwQ,обучение,,"Обучение “Дизайн интерьера""",Обучение пирсингу / обучение с 0 пирсеров в Москве,Обучение криолиполизу -супер быстрое похудение,Обучение сапр Grafis/Графис,"Курсы швеи обучение \ обучение швеи, курсы на швею"
zSNkitAHBfK6BSxn,обработка стен от плесени,Вид услуги,Уничтожение плесени и грибка. Гарантия,Удаление плесени Гарантия Частный мастер,Уничтожение плесени и грибка,Удаление запахов плесени озонация Дезинфекция,Обработка от плесени и грибка
uCDqsCOBC3gQACCf,аниматоры анна и эльза,,Аниматор Эльза/Аниматор на день рождения дома,"Аниматоры, квесты, мастер классы","Аниматоры на день рождения, детский праздник",Аниматор Руми /Мира Охотницы Huntrix/Хантрикс,Аниматор на день рождения
UcNP06obgZfbDVXP,подсобные рабочие,,Подсобные рабочие,Услуги подсобных рабочих СПБ и ло,Услуги разнорабочих.Подсобные рабочие.Разнорабочие,"Разнорабочие / Подсобные рабочие, Монтажники",Разнорабочий / Подсобный рабочий
dV1iEOJgWxInAExL,электровелосипед в аренду под выкуп,,Электровелосипед jetson monster,Электровелосипед,Аренда аккумулятора для электровелосипеда,Прокат электровелосипеда под выкуп,"Аренда, прокат электровелосипедов для курьеров"
SCWzfoJpjsOoFVzs,фитнес тренер пионерская,,Фитнес тренер,Фитнес тренер в зале/ офлайн м.Пионерская,Персональный фитнес тренер Пионерская,Персональный фитнес тренер,"Аренда спорт зала, фитнес коворкинг"
aQWjSXzyXKT8eL5I,помощь в саду,"Вид услуги Сад, благоустройство",Дача сад благоустройство поможем во всем,"Помощь по саду,огороду,разнорабочие",Услуги садовника и уборка територии,"Спил деревьев, кустарников. Автовышка",Спил и утилизация деревьев
OUgc56eu4V8OkaqW,кладка шлакоблока,Вид услуги Строительство,"Каменщики, облицовка/забутовка",Кладка кирпича каменщики,Каменщики,Каменщики.Строительство домов под ключ,Строительство колон
fJlqRtbp6GrjNiwL,паркетно шлифовальная машина аренда,"Вид услуги Оборудование, производство",Аренда паркетно-шлифовальной машины 220вт,Аренда паркетно-шлифовальной машины,Аренда паркетошлифовальной машины для дерева,Аренда паркетно-шлифовального оборудования Lagler,Мозаично-шлифовальная машина в аренду
88lfpXWGKF2UdBNh,стрижка каре,,Точные стрижки в английских техниках,Мужские стрижки,Стрижки мужские и женские,"Парикмахер,Стрижка, Окрашивание волос",Точная геометрическая стрижка
UbMW2iPhmLaFr3Qj,обучение свадебному танцу,,Постановка свадебного танца (аренда вкл. в стоим.),Постановка свадебного танца,Свадебный танец,"Тренер по растяжке, свадебный танец",Постановка свадебного танца
Lgj2CCEQ11OVs3to,подписки сериалы на smart tv,,Настройка телевизора SMART tv,Безлимит халява без подписок на Смарт тв настройка,Онлайн кинотеатр на SMART Tv без подписок навсегда,Настройка SMART tv,Кинотеатр без подписок на SMART
aOHwkTOw33eylpw8,наращивание ногтей на дому благоева,,"Маникюр, педикюр, титановая нить. Благоева",Маникюр услуги маникюра наращивание,Наращивание ногтей на дому модель,Наращивание ногтей,Наращивание ногтей на дому
FfczgBnxPiI0YGag,услуги чпу по дереву,"Вид услуги Оборудование, производство","Фрезеровка чпу Дерево, пластик, композит","Фрезеровка чпу по дереву, фрезеровка фасадов мдф",Фрезерная резка на чпу,Фрезеровка на станках чпу,Фрезеровка на чпу
DDTQ21nEmt6V5Riw,утилизация вывоз диванов,Кто оказывает услуги Частный исполнитель,Вывоз утилизация мусора грузчики,Вывоз утилизация мусора грузчики,Вывоз старой мебели на мусор,Вывоз утилизация мусора грузчики,Вывоз и утилизация мусора старой мебели и хлама
1kmaIvaJqb9HYhAz,орск такси,Вид услуги Пассажирские перевозки,Такси орск-оренбург-орск,Такси Орск-Оренбург-Орск,Такси Орск Казань,Такси Орск Актобе,"Междугороднее такси, международные перевозки"
yUm4zaT4nZ8FjHfK,индивидуальные занятия танцами,"Тип услуги Дизайн, рисование Вид услуги Обучение, курсы",Индивидуальные занятия по танцам,"Танцы high heels, индивидуальные занятия",Тренер по бальным танцам,Современные танцы,Педагог-хореограф. Танцор/исполнитель
h1ijqMczH05uRllT,владивосток свой человек,,"Услуги курьера,свой человек в г.Владивосток",Свой человек во Владивостоке помощник/отправка,Свой человек/Владивосток/Представитель/Курьер,"Свой человек во Владивостоке, Хабаровске",Свой человек во Владивостоке
srUtADqxC06SK80V,кератиновое выпрямление волос район сеймский,"Тип услуги Услуги парикмахера Вид услуги Красота, здоровье",Кератиновое выпрямление и ботокс для волос,"Кератин, ботокс",Кератиновое выпрямление волос,Кератиновое выпрямление волос,"Кератиновое выпрямление волос, ботокс, нанопласт"
ZIP13Ye5O74J8F8C,пресс волл изготовление,,Пресс волл джокер/ аренда/ продажа,Типография все виды печати. Пресс-волл,Пресс волл/Каркас для баннера/Фотозона,Каркас для баннера/Пресс волл/Press wall,Фотозона. Пресс волл из бруса. Кашэ экрана
H7XNV49IHQwgmbci,ремонт водонагревателя на дому,,Ремонт Водонагревателей / Бойлеров на Дому,Ремонт Бойлеров - Водонагревателей,Ремонт Бойлеров Водонагревателей на дому,Ремонт Водонагревателей Бойлеров,Ремонт Водонагревателей Бойлеров чистка накипи
8gUXhcp5gtbjWxqi,елабуга брови,,Тур выходного дня 7.03.2026г. Свияжск Раифа,"Монтаж гирлянд,установка гирлянды, гибкий неон",Оформление бровей / окрашивание / ламинирование,Брови/Окрашивание хной и краской/Халяль Брови,"Окрашивание бровей, укладка бровей, брови"
4cw0NTYfETFZQlVc,прокат трамбовки,"Вид услуги Оборудование, производство","Аренда виброплиты (трамбовки, виброноги, напрокат)",Услуги аренда 3 тонный каток виброкаток трамбовка,Прокат/Аренда инструмента/ Ремонт инструмента,Прокат строительного оборудования и инструмента,"Прокат инструмента, аренда инструмента"
vq3SALViJVOaVpeR,аренда установки алмазного бурения,,Аренда установки для алмазного бурения,Аренда установки алмазного бурения Gigant,Установка алмазного бурения в аренду,Аренда установки алмазного бурения 25 - 200 мм,Аренда коронок для алмазного бурения 42 - 600 мм
pTJcwdgpLRe05BVE,"вывоз мусора с участка, тогучинский район, самосвал грузовой",Вид услуги Вывоз мусора и вторсырья,Вывоз мусора контейнером газель самосвал,Вывоз строительного мусора,Заказ Самосвала хово. Вывоз мусора. Вывоз снега,Вывоз мусора,Вывоз мусора Вывоз строительного мусора Мебели
9WweY1Y3is0uIoNF,маникюр наращивание ногтей педикюр,,Маникюр педикюр наращивание ногтей,Модель маникюр/ педикюр/ наращивание ногтей,Маникюр наращивание ногтей Педикюр,"Обучение маникюр, наращивания ногтей, педикюр","Наращивание ногтей, коррекция, маникюр,педикюр"
tzjd4pmYXBdHq5qC,джип экскурсии,,"Трансфер, Гид, Обзорные экскурсии, Джип туры",Джип-туры на Сахалине на Mitsubishi Delica,"Индивидуальные экскурсии, джип туры,по Сахалину",Экскурсии и джип-туры по Сахалину,Сахалин. Джип-туры
wnfWFeCUuTk2zybq,танцевальный зал,,Танцевальный зал аренда,Аренда танцевального зала,Аренда танцевального зала,Аренда танцевальных залов 40 и 70 кв м,Аренда 6 танцевальных залов
39jEAyeFroT6uHkk,кладка газоблока работа,Тип услуги Кладочные работы Вид услуги Строительство,Кладка кирпича каменщики,Каменщик,Бригада каменщиков кладка газоблока плитка и фасад,Строительство домов из газобетона,Каменщик
6WipZ7KYGDYnVYRi,ремонт монитора,Вид услуги Ремонт и обслуживание техники,Ремонт телевизоров и мониторов(Выезд ),"Ремонт Техники. Трактор jcb, терекс и другие",Ремонт пневмоинструмента,Ремонт сварочных аппаратов в Челябинске,Ремонт бензопил всех видов
se6VLpQxweDo6aDA,урок по укладке волос,,Укладка волос,Купим ваши волосы,Парикмахер стилист,Чистка парика,"Свадебный стилист, прически, укладки, парикмахер"
5OMA0yn9NqBnk0v4,резка керамогранита под 45,,Резка керамогранита на гидроабразивном станке,Резка плитки и керамогранита 45 и 90 гидроабразив,"Резка плитки, керамогранита, запил под 45 градусов",Резка керамогранита и плитки от 15 минут,Резка керамогранита — аккуратно и точно
aiNvLOx6SlRpHlhT,печать на пластике,Вид услуги,Печать на 3D принтере,"Полиграфия, печать на футболках,одежде, DTF печать","Баннер на заказ, Пленка, Баннерная сетка, Печать",Портрет по фото. Печать на холсте,Ищу Модель на комплексный массаж лица
t3rTCJh8EEED9D2d,инструктор по вождению механика lada granta,"Вид услуги Обучение, курсы",Инструктор по вождению механика,"Инструктор по вождению, Автоинструктор (МКПП)",Инструктор по вождению механика,"Инструктор по вождению механика, автомат",Инструктор по вождению механика
2PUhznwLVZZnGKyA,заправка картриджей с выездом,Тип услуги Принтеры Вид услуги Компьютерная помощь,Заправка картриджей с выездом,Заправка картриджей,Заправка Картриджей. Ремонт принтеров,Заправка картриджей и ремонт принтеров с выездом,Заправка картриджей ремонт оргтехники с выездом
53DkEMbu8wBL8tN5,настройка бегущей строки,,Настройка бегущих строк и видео вывесок,Ремонт Бегущих Cтрок,Ремонт видеоэкранов,Наружная реклама/Объемные буквы/Вывеска,Широкоформатная печать и баннеры
Oq8mEHCqkCCRuzXR,виниры,,Композитные виниры без обточки Ваших зубов,Восстановление зубов. Консультация стоматолога,"Ремонт наручных часов, замена стекла, батареек","Баннер на заказ, Пленка, Баннерная сетка, Печать","Лфк,массаж детям\взрослым- инсульт,дцп,травма"
HQDrHII7FZgjEjrx,электрик на дом срочно,,"Электрик Можайск, услуги электрика",Репетитор по физике Интенсив Пересдача ОГЭ ЕГЭ,Работы по электрике,Полусухая стяжк пола под ключ,"Стилист визажист Можайск-Обнинск, с выездом на дом"
rJ7gElB6t9dDmImz,парикмахер стрижка каскад,"Тип услуги Услуги парикмахера Вид услуги Красота, здоровье","Сложные окрашивание, камуфляж седины,стрижки",Стрижка женская бикси /пикси/ каре /слои каскад,Стрижки 45+женский парикмахер выезд на дом,"Алекс.Стилист,парикмахер,колорист.Vidal Sassoon",Стрижка мужская
muEgD79kQhsYvqNr,лазерная резка текстиль,"Вид услуги Оборудование, производство",Лазерная резка (неметаллы) и гравировка,Резка и гравировка на лазерном станке,Лазерная гравировка и резка всех материалов,Лазерная чпу резка/гравировка,Лазерная резка
ALQHqkWhKB5iM1xW,мастер по газовому оборудованию,,"Ремонт, установка газового оборудования",Ремонт и установка газового оборудования,Ремонт и обслуживание техники,"Установка и ремонт газовых плит,колонок",Ремонт и обслуживание газовых котлов и колонок
e4Hzbddsv2gD8Tti,вспахать участок,"Вид услуги Сад, благоустройство","Помощь в Уборке сада, огорода, дачных участков",Благоустройство участка. Подрезка кустов. Уборка,Помощь по дачному участку,Благоустройство участка под ключ,Уборка садовых участков
RLiRYGNY9BHM2LKA,массаж лингамы,,Массаж,Массаж,Массаж для женщин и мужчин,Даосский энергетический массаж,Массаж
Gjx9RVjz3vbd5QjF,репетитор истории,,Репетитор по истории ЕГЭ ОГЭ,Репетитор по истории (МГУ),Репетитор обществознания и истории,Репетитор по истории 9-11 класс ОГЭ ЕГЭ,Репетитор по истории и обществознанию из МГУ
3psWyO4ohVh13TsA,сделать губы накачать,,Увеличение губ,Перманентный макияж,Увеличение губ / Контурная пластика губ,Увеличение губ,Модель на губы
eAGar7hB2fQaUMlh,готовая домашняя еда на неделю,Вид услуги Доставка еды и продуктов,Доставка готовой еды на заказ,Готовая домашняя еда на заказ,Домашняя еда на заказ,Домашняя еда на заказ,Домашняя еда на заказ
Tn5MGx6Fg4ZOuzr2,плетение афрокос,"Тип услуги Услуги парикмахера Вид услуги Красота, здоровье",Плетение афрокос,Афрокосы (локоны и кудри не плету),Плетение афрокос,"Плетение косы,афрокосы,афрокудри",Наращивание афрокудри
W5m8Qplv08i3dHNO,сделать печать для ип лененский район,Вид услуги,Изготовление печатей и штампов,Фото печать на кружках,Печати и штампы с логотипом для упаковки,Ультрафиолетовая печать,Печать чертежей и документации А4 А3 А2 А1 А0
GFrXxfhxwFDr7vK2,замена экрана 13 pro max,,Замена заднего стекла iPhone лазером с Гарантией,"Замена стекла дисплея iPhone 17 pro max, 13, 12,11",Замена заднего стекла iPhone 16/15/14pro max/13/12,"Замена крышки iPhone X, 11, 12, 13, 14, 15, 16",Замена стекла iPhone (ремонт iPhone)
2W2gysE2yo5ZCbu5,замена корпуса автоключей,,"Автоключи. Изготовление, ремонт и программирование","Ремонт брелков автосигнализаций, автоключей","Любой ключ на любое авто, корпуса, чипы, вскрытие",Изготовление ключей,"Ремонт замков зажигания, восстановление автоключей"
kP5kZAPwyYRS44Kw,трайфлы,Тип услуги Другое Вид услуги Доставка еды и продуктов,Торты на заказ,"Домашний торт медовик, трайфлы",Торты на заказ,Торты на заказ,Бенто торты на заказ
v7baIFezIUWZ5Swk,решистрация ооо,Кто оказывает услуги Частный исполнитель Вид услуги Деловые услуги,Частный Авитолог,Главный бухгалтер ООО и ИП удаленно,Исполнительная документация/Инженер пто,Исполнительная документация/Инженер пто,Исполнительная документация/Инженер пто
j9hounTt6oegBaUz,куплю холодильник,,Ремонт холодильников. Мастер по холодильникам,"Бесплатный вывоз, утилизация холодильников",Вывоз и утилизация холодильников,Ремонт холодильников на дому за 1 час.Гарантия,Скупка и утилизация холодильников
j8QOLa0XdGTUgkvK,ремонт ноутбуков сервис,,Ремонт компьютеров и ноутбуков на дому и в сервисе,Ремонт компьютеров и ноутбуков на дому и в сервисе,Ремонт ноутбуков. Ремонт компьютеров. Сборка пк,Ремонт телевизоров. Ремонт компьютеров и ноутбуков,Ремонт телевизоров. Ремонт компьютеров и ноутбуков
DYyORpBiiBNDbyrp,трансфер владикавказ батуми,Вид услуги Пассажирские перевозки,Трансфер из России в Грузию Владикавказ - Батуми,Трансфер. в Грузию Владикавказ-Тбилиси-Владикавказ,Трансфер Владикавказ - Тбилиси.Батуми Гудаури,Трансфер в Грузию: Владикавказ - Тбилиси - Батуми,Трансфер Россия Грузия Тбилиси Кутаиси Батуми
MHWCoRaiLc2RcruH,аренда парусной яхты с капитаном,,"Аренда классической парусной яхты,рыбалка","Морские прогулки, рыбалка, аренда яхт",Аренда яхты с капитаном Морские прогулки Рыбалка,Рыбалка в море на яхте в Геленджике круглый год,Яхта от капитана Аренда Прогулка Рыбалка Экскурсия
Lkxndob9du6uLoW7,сложное окрашивание выход из рыжего,,Сложное окрашивание волос Выход из черного,Аиртач/ шитье седины/сложное окрашивание,Модель на сложное окрашивание волос,Исправление блонда / Airtouch / Выход из черного,Сложное окрашивание волос
B5AvmYLLZ1gQuf4j,бесплатная компьютерная диагностика,,"Компьютерная диагностика, кодирование bmw Е серии",Прошивка Евро 2 Ford C-MAX 2010-2016,Компьютерная диагностика автомобиля,Компьютерная диагностика грузовиков Sitrak Ситрак,Диагностика mercedes star diagnosis
E9IT4QyTqpQnKPkz,реставрация паркетной доски,Вид услуги Ремонт и отделка,"Укладка ламината, паркетной, инженерной доски",Паркет. Укладка. Шлифовка. Кварцвинил,"Все виды паркетных работ. Циклёвка, шлифовка",Укладка ламината и паркетной доски,Паркетные работы
wUysemRu9tPKANji,аренда листогиб,,"Лазерная резка, Труборез, гибка, документация",Largus под выкуп,Аренда/прокат инструмента и оборудования,Canon g7x mark ii аренда,Экскаватор погрузчик/Услуги/Аренда погрузчика
HcKi8OfhdLQ9ZNaF,эвокуатор,Вид услуги Услуги эвакуатора,Услуги эвакуатора,Услуги эвакуатора круглосуточно,"Эвакуатор Новочеркасск,трасса м4","Эвакуатор, Новочеркасск, М4 дон 960-1000км., 24/7",Эвакуатор Новочеркасск Круглосуточно
nbLo3FwmNkqTistv,аренда чайной посуды,,Аренда посуды для мероприятий,"Кофе брейк, Чайная и кофейная станция",Оценка выкуп скупка посуды книг старых вещей,Посуда для фуршета в аренду,Аренда посуды для фуршета
uDfWPtqCpU5atQXR,ремонт газовых котлов кошелев,"Тип услуги Газовые котлы, водонагреватели Вид услуги Ремонт и обслуживание техники",Ремонт газовых котлов круглосуточно,"Ремонт, чистка и установка газовых котлов колонок",Ремонт газовых котлов и системы отопления,Ремонт Котлы/Колонки,"Подключение, ремонт газового оборудования"
ijOwqoQRt4yRVGRB,прошивка телефона oneplus,Тип услуги Мобильные устройства Вид услуги Ремонт и обслуживание техники,Прошивка/настройка смартфона,Разблокировка загрузчика Xiaomi 17,Ремонт OnePlus с гарантией в Москве,"Ремонт мобильных телефонов, ноутбуков, планшетов",Ремонт мобильных телефонов
y74GEPlj6mHE7JNN,бухгалтер маркетплейсов,"Вид услуги Деловые услуги Тип услуги Бухгалтерия, финансы",Бухгалтер для маркетплейсов с гарантией,Бухгалтер для маркетплейсов Ирина,Бухгалтер по маркетплейсам,Бухгалтер для маркетплейсов WB/Ozon/Яндекс,"Бухгалтер для маркетплейсов УСН, аусн, НДС"
rFhR8bvEFooINw9e,субцизия,,Субцизия рубцов,"Удаление рубцов, пост-акне и морщин, субцизия",Чистка лица,"Умный Дом. Автоматизация. KNX, iRidi, Crestron",Постановка свадебного танца
uYAONHswTbcwbtaL,ремонт фрезерных станков,Тип услуги Другое Вид услуги Ремонт и обслуживание техники,Ремонт токарных и фрезерных станков,Модернизация и ремонт фрезерных станков с чпу,Ремонт промышленного оборудования и станков с чпу,Ремонт и обслуживание лазерных станков,Ремонт промышленного оборудования
No88Zf2Z41C3fyrz,стрижка с выездом на дом,"Тип услуги Услуги парикмахера Вид услуги Красота, здоровье",Парикмахер на дому / с выездом,Стрижка женская на дому с выездом,Услуги Парикмахера(выезд на дом ),Услуги парикмахера,Парикмахер выезд на дом
gsT2ngtrpFHVlBuY,ремонт стиральных машин 24 часа,"Тип услуги Стиральные, сушильные машины Вид услуги Ремонт и обслуживание техники",Ремонт стиральных и сушильных машин на дому,Ремонт стиральных машин и телевизоров,Ремонт и обслуживание стиральных машин,Ремонт стиральных машин быстрый выезд,Ремонт стиральных машин в Казани и пригороде
oLxJxG5w23QHGyRs,покраска вещей,Вид услуги Бытовые услуги,Покраска Шубы,Покраска шубы,Покраска Шубы,"Покраска Кожа, Замша, Мех",Химчистка рестоврация обуви сумок
CM0w382BKbFKJEPT,аренда дровокола,"Вид услуги Оборудование, производство",Прокат дровокол,Сварочный аппарат Resanta в аренду,Аренда робот мойщик окон,Аренда Дизельного Компрессора/ Пескоструй,Аренда майнинг фермы
Z01CjWOHd89z6kv5,инженер геодезист,Тип услуги Изыскательные работы Вид услуги Строительство,"Услуги Геодезиста,Геодезист",Вынос границ участка / Топосъемка / Геодезист,Геодезист сопровождение строительства,"Геодезист. Вынос точек. Съемка, подсчет объемов",Геодезист
F1ou9EXF2owMkSeI,ремонт посудомоечных midea,,Ремонт стиральных и посудомоечных машин на дому,Ремонт посудомоечных машин. Ремонт посудомоек,Ремонт посудомоечных машин. Ремонт посудомоек,Ремонт посудомоечных машин на дому частный мастер,Ремонт посудомоечных И стиральных машин
yPrM9knzFG7wbtmD,термотрансферная печать,Вид услуги,"Печать wb ozon штрихкодов, влагостойкие этикетки",Печать принтов на одежде (маркировка спецодежды),Уф печать на: акрил стекло фанера пвх металл акп,"Печать фото, распечатка чб и цветная",Печать сканирование ксерокопия
cnESUqOrs9JGPlaP,выкуп проблемных авто,Вид услуги,Выкуп Проблемных Авто,Выкуп битой и проблемной авто-мототехники,"Выкуп битых, проблемных авто",Выкуп битых авто,Выкуп автомобилей и спецтехники
kC8gTuV66pWafvC9,вывоз металла по весам,,"Прием и скупка меди, цветного металла, кабеля",Вывоз металла / Выкуп / Скупка / Демонтаж металла,Вывоз металла / Приём металлолома / Выкуп лома,"Вывоз металлолома, Прием металла, Демонтаж лома","Вывоз металла, Прием металлолома, Выкуп лома"
WszN4TqZeFB6wV2w,починить триммер,,"Ремонт триммеров, газонокосилок",Профессиональный ремонт газонокосилок и триммеров,"Ремонт бензопил, триммеров, газонокосилок",Ремонт газонокосилок и триммеров,"Стрижка газона. Покос травы мульчером,триммером"
tV3GuoeJHyLpDakf,услуги юриста по земле,,Юрист по недвижимости/земельный юрист,"Юрист - недвижимость, земля, строительство",Юрист/земельные споры/юрист по недвижимости,Юрист по земельным вопросам Суд Оформление,Юрист по земельным вопросам приватизация земли
LvBdJiulsccFP8So,перевозка людей сочи,,Новороссийск Такси Трансфер Перевозки и Сочи,Пассажирские перевозки,Заказать трансфер Новороссийск-Геленджик-Сочи,Трансфер аэропорт Сочи Краснодар Анапа Новоро сс,Трансфер Такси Межгород Новороссийск Сочи Крым Мск
7NsFwUcxb32imWlH,вывоз шин бесплатно,Вид услуги Вывоз мусора и вторсырья,Вывоз шин утилизация,Вывоз и утилизация автомобильных шин,Утилизация и вывоз шин,Утилизация и вывоз шин,"Шины, колеса бу, на утилизацию"
WBko45XvgppareBi,прокат инструмента рядом,"Вид услуги Оборудование, производство",Прокат инструмента,"Прокат/аренда инструмента, заточка цепей",Прокат инструмента Демский,Аренда / прокат строительного инструмента,Аренда прокат толщиномер
TLeCy1r1EPMZ6O7k,уничтожение ос,Вид услуги,Уничтожение клопов тараканов грызунов блох плесени,Дезинфекция обработка от тараканов клопов клещей,Дезинфекция уничтожение тараканов клопов,Дезинсекция дезинфекция дератизация,Уничтожение клопов тараканов плесени Дезинфекция
DyIwZGVC2AIO4UTj,гайковерт в аренду,"Вид услуги Оборудование, производство",Аренда гайковерта 2000 Нм Feng Bao 2280,Аренда прокат строительного инструмента,Аренда генератора 60 кВт,Аренда компрессора 11 куб.м./мин,Толщиномер в аренду
jDcxmpXrASPgAKvF,тренировки хоккей взрослым,,Индивидуальные тренировки по хоккею,"Тренировки по хоккею, тренер по хоккею",Тренер по хоккею для детей,Тренер по хоккею,Тренер по хоккею
vD4PobKg2bBdwio8,прием,Вид услуги Вывоз мусора и вторсырья,Сдать металлолом / Вывоз металлолома / Прием лома,"Прием металлолома / Резка, Демонтаж, Приём металла","Прием,Вывоз макулатуры и металла",Прием металлолома / Скупка лома / Сдать лом,Вывоз металлолома / Прием металлолома / Демонтаж
XKlnmIl12uVktT7k,мини трактор экскаватор,,Услуги мини-экскаватора копка земляные работы,Аренда трактора,Мини-экскаватор Rippa R32,"Перевозка яхт,катеров,автомобилей, спец техники",Втулка для мини экскаватора 40x50x60
3jbYGOL2EM6WXvMr,ремонт окон замена остекления,,Ремонт алюминиевых окон.Регулировка,"Остекление и отделка балконов, окна пвх",Остекление и отделка балконов под ключ,Остекление балконов алюминий раздвижные,Ремонт окон и остекления балкона в ЖК Некрасовка
IKMzVjjxOMKMnQRy,междевание участка,,"Геодезист,межевание, граница участка,топография",Увеличение участка в 2 раза без торгов,"Вскопка огорода, дачные работы, уборка участков","Услуги геодезиста, вынос границ участка",Оформление участка от государства Земельный юрист
wFVfwcSHXwIqu28R,йога на голове,Вид услуги,Йога,Йога онлайн. Баланс удовольствия и пользы,Йогатерапия и йога для начинающих,Йога в Челнах,Утренняя йога на SAP-борде
eY2kalarqoKyHdxB,холст на заказ,Вид услуги Искусство,Картина маслом на холсте,Портрет на холсте по фото,Картина на холсте,Портрет по фото / картина на холсте,Печать на холсте. Портреты на холсте
fSLTTRjTnqoCP4NN,контейнер 36 m3 купить,,"Контейнер 36 m3 усиленный, можно ваш в зачёт","Контейнер для мультилифта, усиленный, 36 м3, Хард","Контейнер мультилифт 36 м3, для больших нагрузок","Контейнер мультилифт 36 м3, для больших нагрузок","Контейнер для мусора 36, 38, 40м3 (Пухто) бункер"
bGFH5iBgoiyWDE4t,регистрация тюнинга авто,,"Оформление и регистрация гбо,двс, тюнинга в гибдд",Регистрация переоборудования,Регистрация изменений в конструкцию тс,"Регистрация изменений тюнинг, обвес с гаи",Тюнинг внедорожников Москва
HH1N4NO9C9fC0pub,замена аккумулятора iphone 12 pro,Тип услуги Мобильные устройства Вид услуги Ремонт и обслуживание техники,Ремонт айфона - техники apple,Замена дисплея / экрана iPhone и других,Замена заднего стекла (крышки корпуса) iPhone,Замена дисплея iPhone — 60-90 минут,Замена стёкл iPhone. Выкуп-Подбор техники Apple
5GIQoX1BOgGFgRX0,подключаем к яндекс такси,,Подключение к Яндекс Такси,Подключение к Яндекс Такси,Подключение к Яндекс Такси,Подключение к Яндекс Такси на своем авто,Подключение к Яндекс Такси
C3qFTU4QYWlAatqi,установка петель на дверь,,Петля двери Тигуан 2,Ремонт входных дверей замена панелей,"Установка дверей,откосов,изготовление шкафов-купе",Установка межкомнатных дверей,Замена замков
IsE43MrP2q4HSbnj,кемерово доставка грузчики,,Грузоперевозки по Кемерово - Газель Грузчики,Грузоперевозки Газель Грузчики Переезды,Грузоперевозки Газель Грузчики Кемерово переезд,Грузоперевозки газель Кемерово нал/безнал,Грузоперевозки/Газель/Переезды/Грузчики/Кемерово
F1xJl5TsRzinRg9H,выравнивание пола под ламинат,Тип услуги Полы и напольные покрытия Вид услуги Ремонт и отделка,Полы.Выравнивание пола ровнителем,"Выравнивание пола, заливка пола",Ремонт полов лаг Замена Монтаж пола под ключ,Наливной пол. Выравнивание полов. Ровнитель,Замена и ремонт деревянных полов
LJwQsQzDmpb37Jhh,взять в аренду виброплиту,,Аренда прокат виброплит и вибротрамбовок,Аренда прокат инструмента без залога,Виброплита в аренду прокат аренда виброплиты,Тяжелая виброплита в аренду 340 - 520 кг,Аренда прокат виброплиты Электрическая виброплита
beFjo7qRKpO4zgxJ,мойка септика,"Тип услуги Скважины, септики, колодцы Вид услуги Сад, благоустройство","Обслуживание септиков, мойка, ремонт",Обслуживание и ремонт септиков,Ремонт и обслуживание септиков,"Чистка и ремонт колодцев, копка колодцев\септиков",Обслуживание септиков / Ремонт септиков / Чистка
4ghnM49CE7IDGGDg,модель на мелирование бесплатно,"Тип услуги Услуги парикмахера Вид услуги Красота, здоровье",Мелирование на дому,Модель на окрашивание волос,Нужна модель на окрашивание волос,Модель на окрашивание волос,Модель на сложное окрашивание волос
xsmQ9y05eoZQnYqc,изготовление наклеек на авто,Вид услуги,"Изготовление наклеек, реклама на авто, печать",Изготовление наклеек на авто / Наклейки на авто,Изготовление наклеек на авто / Наклейки на авто,Изготовление наклеек на авто / Наклейки на авто,Изготовление наклеек на авто / Наклейки на авто
xzKexfmZR8OVTaZy,аренда мотобура кстовский район нижний новгород,,Мотобур - аренда / прокат,Мотобур,Аренда Мотобур champion AG252,Аренда Мотобур champion AG364,"Аренда/ бензобур,мотобура, ямобура"
TPUV8STEYjJ0cG6S,аренда тату,"Вид услуги Красота, здоровье",Аренда места тату студии,Аренда тату мест В кабинетах,Аренда места в тату студии arna.tattoo,Аренда для татумастера,Аренда рабочего места тату I закрытые боксы
NEzyMjwm5Z59VOE0,грузчики на час,,Грузчики на час разнорабочие,Грузчики на час / услуги грузчиков / переезды,Грузчики на час,Грузчики. Разнорабочий. Уборка снега,Грузоперевозки и грузчики
cZjc1fVOeebecBoK,перевезка людей на микроавтобусе,Вид услуги Пассажирские перевозки,"Пассажирские перевозки,микроавтобус",Заказ микроавтобуса по городу и области,Пассажирские перевозки микроавтобус,Пассажирские перевозки,Пассажирские перевозки на газели
61Hsqzif5v7vBJYC,строительные бригады,Вид услуги Строительство,Строительная бригада. Все виды строительных работ,Бригада строителей Строительная бригада,"Строительная бригада Дом, баня, хозблок под ключ","Бригада строителей, все строительные услуги",Фундамент Свайный Монолитный Ленточный
prBQZM9YWgknICEh,нашивка на одежду на заказ,,"Шевроны,нашивки,вышивка на одежде",Изготовление нашивок,Нашивки шевроны на заказ,Шевроны / шевроны на липучках,Шевроны на заказ. Вышивка на одежде
1oGur0FQWG5hc67b,фотосессии фотограф со своей студией,,Фотосессия с ии,"Фотограф, фотосессия, фотосъёмка",Услуги фотографа,"Фотостудия Lumos 2 зала (Аренда, фотограф)",Фотограф
h9W0YJwxUmew6bs1,сделать полы в квартире,Тип услуги Полы и напольные покрытия Вид услуги Ремонт и отделка,Ремонт полов под ключ,Наливной пол под ключ Идеально ровная поверхность,"Стяжка пола,полы с Топпингом","Заливка пола, стяжка, укладка покрытий",Полусухая стяжка пола под ключ
yyu2yOzORkZNeC2F,прокол языка,"Тип услуги Тату, пирсинг Вид услуги Красота, здоровье",Прокол ушей,Пирсинг,"Пирсинг любой сложности, прокол ушей детям",Прокол ушей,Пирсинг
ImMvHm1r55wKbbsq,перетяжка наушников,,Перетяжка наушников натуральной кожей,Покраска наушников,Чистка наушников airpods всех моделей,Ремонт наушников,Ремонт наушников Sony WH-1000xm5
jIJFUqlK5sx6jezv,репетитор по английскому языку носитель,"Предмет или специальность Английский язык Тип услуги Иностранные языки Вид услуги Обучение, курсы",Репетитор по английскому языку,Репетитор по английскому языку (носитель языка),Репетитор по английскому языку,Репетитор по английскому языку (Native Speaker),Репетитор по английскому языку (Native Speaker)
ovOxwYQPUU5RGA2A,калининград экскурсии,,Экскурсии и трансфер по Калининграду и области,Экскурсия на машине по Калининграду с прогулками,"Пешеходные экскурсии в Калининграде, Зеленоградске",Экскурсии в Калининграде и области 1-6 чел,Экскурсии по Калининграду и области
IREXKADZV0KWx7dv,курсы барбершопа,,Обучение барбера с трудоустройством,Стрижка мужская,Стрижка в барбершопе Ставрополь,Обучение на барбера с нуля,Аренда кресла в барбершопе
VUskk3yiTgyBT1ow,дизайн проект электрики в доме,,Дизайнер интерьера / Дизайн проект квартиры и дома,Ремонт загородных домов,Проект Электрики Частного Дома,Дизайнер интерьера. Дизайн-проект,"Дизайн - проект квартиры, дома. Под ключ"
0bWcEBEtxW0BrYte,репетитор пр математике,,Репетитор ЕГЭ по математике,Репетитор по математике,"Репетитор по математике, информатике, физике",Репетитор по математике,Репетитор по математике. ЕГЭ по математике
ga2GbuIesGRkJHFk,ремонт флешки,Тип услуги Компьютеры Вид услуги Компьютерная помощь,Компьютерный мастер на дом Ремонт компьютеров и ноутбуков Установка Windows и программ,"Ремонт компьютерных комплектующих, ноутбуков и др",Ремонт компьютеров и ноутбуков выезд на дом,"Pемонт компьютеров и ноутбуков, работаю честно","Сц ""пк сервис"""
HPFjrSI0AJkMDRqU,байер из казахстана,Вид услуги,Байер Казахстан,Байер из казахстана,Байер из Казахстана,"Байер Next, Zara из Казахстана",Байер Казахстан посредник США выкуп
o4al6wbDLwPKvIVw,обшивка стен фасада,,Покраска фасада дома,"Фасадные работы, утепление фасада, пеноплекс",Облицовка фасада домов с материалом,"Дагестанский камень, облицовка фасадов дома",Монтаж клинкерной плитки на фасад
8e8AJmD6TmDztjHM,грузоперевозки газель фермер 5 мест,,Грузоперевозки Газель с грузчиками Переезды,Грузоперевозки газель город межгород грузчики,Эвакуатор газель город/межгород,Грузоперевозки газель услуги грузчиков переезды,Грузоперевозки газель заказать грузчиков перевозки
zfQPzdwPIQz0e9Ji,наращивание нижних ресниц,"Поиск по слотам Сегодня Тип услуги Ресницы, брови Вид услуги Красота, здоровье",LED Наращивание ресниц Обучение,Наращивание ресниц Есть на сегодня,Наращивание ресниц модель,Наращивание ресниц,Наращивание ресниц/ламинирование/брови
CmRTmKMohnVHknWA,сварка металлоконструкций по чертежам,,Изготовление металлоконструкций,Изготовление каркасов,"Сварка, Изготовление металлоконструкций","Сварка,Изготовление ворот,перил,навесов",Услуги сварщика сварочные работы авто
KkqQNLvrOKANdDHN,ai креатор обучение,,"Обучение по смм, UGC, креатор, организация съемок",Создание видео с помощью нейросетей ии,Обучение нейросетям,Нейродизайнер Нейрофотосессия Видео Ai,Обучение Шугаринг+воск с документами ГОСТ
SZ3GRQ2mvVAW6q1y,отдых баня чан,,Чан для бани KLL-12064,Чан для бани KLL-08937,Чан для бани KLL-12430,Баня на дровах с чаном,"Сдача бани, чана дoма"
wIHxtaHqJZAdPZeI,наращивание волос только работа,,Наращивание натуральных волос челки,Наращивание волос,"Наращивание, волосы в подарок",Итальянское капсульное наращивание волос,Биопротеиновое наращивание волос
1JohDqndSmcD3znU,обучение dj,,"Обучение диджеингу, аренда оборудования, DJ","DJ, обучение",Диджей обучение Dj уроки,Dj на мероприятие,Dj на мероприятие. Организация мероприятий
pnpzcoYxBdkxpTmZ,оценка повреждений дтп,,Независимая экспертиза автомобиля,Автоэкспертиза после дтп. Оценка ущерба. (сао),Оценка автомобиля за 24 часа с СРО,Оценка ущерба авто после дтп / независимый эксперт,Онлайн-оценка авто после дтп
0pv0XwosheAbOAJX,сауна с теплым  басейном,,Баня сауна с тёплым бассейном,Сауна с теплым бассейном,Сауна с теплым бассейном,Сауна с тёплым бассейном и бильярдом,Сауна на 16-ом. С теплым бассейном. Саратов
ZJsa2WRADYCiZ8VQ,свда,Вид услуги Другое,"Машиноместо, 30м²",Кадастровые работы,Съемные зубные протезы,"Перевозка морских контейнеров 40 футов, 20 футов",Ремонт гитар и других музыкальных инструментов
vvBpNv1yHdeuRnEE,инженер пто,,"Инженер пто, помощник инженера пто",Инженер пто. Исполнительная документация,Исполнительная документация/Инженер пто,Инженер пто,Услуги инженера пто / Исполнительная документация
0EEODifOMhIN2d1p,рыбалка на хариуса,,Рыбалка на хариуса,Авторский рыболовный тур на Тайменя и Хариуса,Рыбалка на хариуса,Рыбалка на хариуса на Алтай,Ловим сига и хариуса на ладоге
CRJaPx8nxzpDsEPA,заборы из профнастила под дерево,,Забор под ключ,Заборы из профнастила и сетки-рабитцы,Ворота и заборы под ключ,Установка заборов из профнастила «под ключ»,Установка забора из профнастила под ключ
HMdUUC1pWSjvHD70,аренда лодки резиновой,,Аренда/прокат надувной лодки,Прокат аренда лодки с мотором,"Аренда лодок, моторов, лодочных прицепов",Аренда лодок с мотором + прогулка на катере,Прокат аренда весельных пвх лодок
pm0CvpgVuDFZlLQp,доставка грузоперевозки,Вид услуги Грузоперевозки,Грузоперевозки переезды грузчики,Междугородние перевозки/Услуги фуры и длиномера,Грузоперевозки газель,Грузоперевозки,Грузоперевозки переезды доставка газель
Do3JSun4mUTfSBjh,гидропилинг лица,,Модель на процедуру гидропилинга,Вакуумный пилинг чистка лица гидропилинг,Аппаратный уход за лицом/фонофорез/гидропилинг,"HydraFacial. Чистка лица, гидропилинг","Hydrafacial (гидропилинг, аквапилинг)"
K3u2Tq5XAwOAOzyP,вырезать проем дверной,Тип услуги Алмазное сверление и резка Вид услуги Строительство,Вырезать расширить проем в бетоне кирпиче,Алмазная резка бетона,Алмазная резка бетона,Алмазная резка и бурение,Алмазная резка дверных и оконных проемов
GkkmigXBJYyNK507,массаж пяток,"Ваши клиенты Мужчины Кто оказывает услуги Женщина Тип услуги СПА-услуги, массаж Вид услуги Красота, здоровье",Массаж,Аппаратный массаж,Сауна баня Liberty с бассейном,Массаж и спа для мужчин и женщин. Спа салон,Массаж
VZjhG0Qq7pc1T4lN,обслуживание пластиковых окон,,Пластиковые окна,Ремонт и регулировка пластиковых окон,Пластиковые окна Rehau. Изготовление и монтаж,Ремонт пластиковых окон,Установка и ремонт пластиковых окон и дверей
6jSsgiq9zE17Nfa2,чистка от зубного камня,,Удаление зубного налёта у животных,Снятие зубного налета собакам,Проф гигиена зубов Чистка AirFlow + УЗ,Профгигиена зубов,"Ультразвуковая чистка зубов собаке, кошек.Подрезка"
8oRr9sfTcp8DGw5m,вывески указатели таблички,,Печать табличек вывесок на пластике Типография,"Таблички на дверь,вывески,режим работы",Сделаю любую вывеску,Печать табличек на дверь,"Типография, таблички, визитки, баннеры, наклейки"
4MOyKAHbGc3Ao8Lm,трансфер сочи сухуми,,Трансфер в Абхазию Сочи Адлер Роза Хутор Экскурсии,"Трансфер Эконом, Сочи аэропорт, Адлер жд, Абхазия",Трансфер Сочи Адлер Абхазия,"Трансфер Такси Поездки Межгород Сочи,Адлер,Сириус",Трансфер в Абхазию/ Адлер Сочи / Экскурсии
NXpDLaHbJPBEIn4H,ремон перешив межжоаых изделий,,Реставрация перешив меховых изделий,Ремонт шуб. Перешив на новую модель. Химчистка,Ремонт и перешив шуб,Ремонт меховых изделий,Ремонт и пошив изделий из меха и кожи
pjA2mEWxkERSLMAB,фотосессия беременных,Вид услуги Фото- и видеосъёмка,Услуги профессионального фотографа,Фотограф на ваше мероприятие,Свадебный и семейный фотограф Сыктывкар,Фотосессия,Фотограф
wABBa1IkGUPUc5L5,новокузнецк грузчики,,Лучшие грузчики и разнорабочие в Новокузнецке,Грузоперевозки / переезд/ грузчики Новокузнецк,"Грузчики, разнорабочие, вывоз мусора",Грузоперевозки газель,"Грузоперевозки, По городу,Межгороду"
LqVi4FI2DHXbPPh0,оклейка мебели пленкой,,"Оклейка плёнкой интерьера, мебели, техники, лифтов","Оклейка плёнкой мебели, интерьера, техники",Мастер по оклейке плёнкой. Любые наклейки,"Замена пленки на фасадах, оклейка в пленку кухни","Оклейка антигравийной пленкой мебели,камня"
ek13Ty5rj4w8BSEZ,собака на передержку,Вид услуги Уход за животными,Передержка Собак ул. Фестивальная,"Гостиница, передержка для собак",Передержка домашних животных,"Передержка, кошек и собак","Передержка собак,зооняня"
jp1A2rZvwpYJcQdu,чехол на iphone 11 для power bank apple,,"Ремонт iPhone,Android,Apple Watch,телефонов","Замена стекла iPhone, iPad, Apple Watch",Выездной Ремонт Apple iPhone,Ремонт Apple iPhone iPad Macbook iMac iPod Айфон,Полировка дисплея iPhone и Samsung
lryKYpFiGu17rnv6,подбор мото,,Мото подбор мотоцикла сервис,Мото Подбор Подбор мотоцикла Подбор Квадроциклов,Эндуро Туры. Мото прокат. Обучение. Тур с тренером,Автомобили и мото техника из Японии Китая и Кореи,Ремонт Мотоциклов Квдроциклов Мото сервис екб
yZrNpkM23s4dGKef,аренда кабинета запольная 60,,"Место для стилиста, мастера наращ - я волос",Аренда рабочего места,Аренда с правом выкупа Renault Logan 2011 год,Аниматоры на детский праздник,Наращивание волос и обучение наращиванию волос
W17qQvKltQoqVIuz,герметизация швов сруба,,"Шлифовка, покраска, герметизация",Шлифовка сруба,"Шлифовка сруба,покраска сруба,герметик теплый шов","Шлифовка, покраска, герметизация срубовых домов","Шлифовка, покраска, герметизация деревянных домов"
KKnfJy7qjAImf0jW,сбросить пароль с айфона,Тип услуги Мобильные устройства Вид услуги Ремонт и обслуживание техники,Разблокировка телефонов,"Ремонт телефонов. Экраны, Аккумуляторы, Платы",Ремонт телефонов Бесплатная диагностика,Разблокировка iPhone icloud с гарантией,Ремонт сотовых телефонов и ноутбуков
lbhzE9GeOaNuWVif,вывоз мусора бункер,Вид услуги Вывоз мусора и вторсырья,Бункер. Вывоз мусора,Вывоз мусора и вторсырья.Вывоз мусора,Вывоз мусора. Демонтаж. Вывоз строительного мусора,Вывоз мусора газель,Вывоз мусора камаз
ehsPUf2KTTIUUlVh,грузоперевозки волгоград москва,,Грузоперевозки Газель / Фура / Москва и область,"Грузоперевозки Москва, Россия, Беларусь. Казахстан",Грузоперевозки,Грузоперевозки газель по Москве и обл,Рефрижератор 5 т 10 т 20т грузоперевозки Москва
VmtPx7HoVwOTEJhB,гидромассаж,"Тип услуги СПА-услуги, массаж Вид услуги Красота, здоровье",Сауна с теплым бассейном,Душ Шарко в центре города,Баня с вениками,Массаж подводный душ массаж,Баня сауна с теплым бассейном
1lOapijYiplshaTk,газель дешево,Вид услуги Грузоперевозки,Доставка газель,Грузоперевозки газель бортовая,Грузоперевозки газель с грузчиками,Грузоперевозки газель и грузчики,Грузоперевозки/Газель с грузчиками/Газель/Грузчики
03ztb1gtRFC4K4vP,ручная копка,,Копка колодцев и чистка колодцев,Услуги разнорабочих/Демонтажные работы,Вспашка земли мини трактором фрезой,Ручной и аппаратный Массаж,Бурение колодцев
pENsj1oOYf2Y6Cjv,скупка золота 585,,Скупка золота лома 585 пробы,Скупка золота 375/585/750/850/900/999 пробы,Оценка и скупка ювелирного золота 585 пробы,Скупка золота 585/750/850/999 проб,Скупка золота
E7Ypyg79mxKYrYPi,монолитная плита,Тип услуги Фундаментные и бетонные работы Чем вы занимаетесь Фундаментные работы Вид услуги Строительство,Фундамент под ключ Заливка фундамента плита лента,"Фундамент, отмостки, заезды, дорожки",Фундамент под ключ \ Заливка \ Монолитные работы,Монолитный фундамент,"Заливка фундамента,бетонные работы"
6wgf3ynFrDluKrvQ,ремонт пола лаги,Тип услуги Полы и напольные покрытия Вид услуги Ремонт и отделка,Замена ремонт пола и лаг в старом фонде,Замена и ремонт пола,Ремонт полов лаг Замена Монтаж пола под ключ,Замена ремонт полов лаг в загородном доме,Полы и напольные покрытия
6KMHL22SzWbP3oCE,наращивание ресниц полина,,Наращивание ресниц,Наращивание ресниц,LED наращивание ресниц,Наращивание ресниц,Наращивание ресниц. LED- технология
GBhEOH4kFX23ihTy,аренда мангальной зоны,,Аренда теплой беседки,Аренда Бани на час /Русская баня /Мангал/Бассейн,Пейнтбол,Баня бассейн 3*5м с мангалом на Гоголя,Баня сауна с бассейном и бильярдом и мангалом
96nc9zNCFq1GhIGS,смоленск фура,,Грузоперевозки межгород/ Фура Газель от 200 км,"Фура, грузоперевозки по Москве и РФ",Грузоперевозки Газель / Фура / Москва и область,Аренда фуры 20 тонн Рефрижератор с водителем,Грузоперевозки газель/фура 3-5-10-20 тонн
VZS6QMSwslwbCgyw,эвакуатор метрогородок,,Выездной мастер Porsche Метрогородок,"Оклейка автомобилей пленкой, брендирование",Няня на час,Ремонт стиральных машин гарантия,Психологическая помощь онлайн
T55DxCmA0YzRDBRc,тренер кс2,,Тренер по кс2,Тренер по кс2 (3200эло),Тренер по кс2,Тренер кс2,Тренер по кс2 4000 ELO/16K часов
bkyAXiUrjIKxHZDN,доставка мотоциклов,,"Доставка мотоциклов, мотоэвакуатор город, межгород","Доставка мотоциклов, квадрациклов, снегоходов","Перевозка доставка мотоциклов, снегоходов, багги",Доставка мотоциклов из Владивостока,Перевозка мотоциклов Эндуро
fHXPgGVLRkkEsibj,москитные сетки изготовление,Вид услуги Ремонт и отделка,Москитные сетки - изготовление и ремонт,Ремонт окон.москитные сетки.уплотнитель,Пластиковые окна и двери,"Сетки москитные, подоконники, отливы, жалюзи","Москитные сетки, отливы, подоконники, козырки"
fDLaH6WscFrxt3So,укладка керамогранита на пол,,Укладка плитки,"Ремонт санузла, укладка плитки,декоративного камня","Плиточные работы, плиточник, отделка санузлов",Плиточник,"Укладка плитки, керамогранита"
N9mTnUXVm03Yoijm,перевозка мебели,Вид услуги Грузоперевозки,Грузоперевозки Переезды Грузчики Межгород,Грузоперевозки газель грузчики переезды,Переезды. Грузчики. Грузоперевозки. Вывоз мебели,Переезд Грузчики Грузоперевозки Газель,Грузоперевозки/Переезды/Грузчики
cwUSEbmedoRYSyF1,френч маникюр,"Тип услуги Маникюр, педикюр Вид услуги Красота, здоровье",Маникюр педикюр гель лак френч Мурино,Маникюр с покрытием гель лак,"Маникюр, Педикюр, Наращивание ногтей",Маникюр Педикюр Наращивание Мурино Девяткино,Мастер ногтевого сервиса
buvb7j5vga3aT1U7,любань эксковатор,,Листогиб станок с чпу,Изготовление индивидуальных ортопедических стелек,Бармен шоу на свадьбу,Ремонт и перетяжка. На дому и вывоз,Наливные полы Заливка Выравнивание Ровнитель
1tve2y8VbFawrlao,моющий пылесрс  аренда,"Вид услуги Оборудование, производство",Аренда строительного/моющего пылесоса karcher,"Моющий и строительные пылесосы, пароочиститель",Аренда робот мойщик окон,Аренда моющего пылесоса Karcher / мойщик окон,Аренда/прокат моющего пылесоса Karcher
boop8EhEayaVQnso,прополка огорода вручную,"Вид услуги Сад, благоустройство",Прополка травы уборка участка,Расчистка участка/ перепахать землю,"Уборка, покос, прополка участков/территорий","Покос травы,скосим, уборка участков, огорода","Прополка травы, копка земли"
jcemBj7NVhzfez1S,карточки на озон,,Создаю карточки на вб и озон,Заполнение карточек на озон. Инфографика,Самовыкупы ozon \ Выкупы озон,"Инфографика, для озон, wb, Яндекс Маркет",Создание карточки озон
7YEgNmgp7xJUWd3M,сопровождение при поступлении в вуз,,Сопровождение поступления в вуз,Консультация и помощь в поступлении в университеты,"Выбор вуза: сопровождение, стратегия поступления","Профориентация, поступление в вуз",Помощь в поступление вуз
Vwi15bZJPtishrvt,чистка зубов у собак,Вид услуги Уход за животными,Родовспоможение собаки,Груминг Стрижка собак и кошек,Груминг мелких пород собак,Стрижка кошек,Зоогостиница передержка собак животных Челябинск
4OAqjBGD57tfYqBO,забивка железобетонных свай 7м,,Забивка железобетонных свай,Забивка жб свай. Забивные железобетонные свай.Сваи,Забивка/вдавливание железобетонных свай,Промышленная забивка железобетонных свай h-467,"Забивка свай, бурение под сваи, испытания свай"
vNcp6VSwSeMPLMzM,проектировщик электроснабжения,,Проект электроснабжения,Проектирование электроснабжения эом Электрики,Проект электроснабжения,Витрина для выпечки и хлеба (фасад лдсп),Проект дома под ключ. Архитектор. Проектировщик
Cggvqht6kuZ5VAns,репетитор по английскому языку младшие классы с выездом,,Репетитор по английскому языку,Репетитор по английскому языку онлайн,Репетитор по английскому языку онлайн,Репетитор по английскому языку,"Репетитор начальных классов, английский язык"
H2GHtFMw8tdFvDGT,"грузоперевозки камаз,тонар",,Грузоперевозки тонарами,Услуги маз/Камаз самосвал,Доставка сыпучих грузов,Грузовой автосервис,Песок щебень грунт
vXHdO96VRlTPP19G,ведущая реутов,,"Ведущий на свадьбу, корпоратив, юбилей - Реутов",Ведущий Тамада на свадьбу Юбилей DJ Реутов,"Ведущий на свадьбу, корпоратив, юбилей - Реутов","Ведущий и диджей на свадьбу, юбилей, корпоративы",Челленджи на день рождения
xfa7uZdq610IWN25,воздушные шары 3 кота,,Воздушные шары Леди Баг и Супер Кот,Воздушные шары 3 кота с доставкой,Воздушные шары Три кота с доставкой,Воздушные шары,Воздушные шары три кота
YdAlRm5MfjneBm0z,пошив рубашек на заказ люкс,,"Пошив одежды, сумок, купальников, рубашек",Пошив женской одежды,Костюм на заказ,Швейный цех. Разработка лекал,Колоратка пасторская
qSpKiaIjJY5U4BBA,украшения на выписку из роддома,"Вид услуги Праздники, мероприятия",Воздушные шары на выписку,Свадебные украшения на машину,Свадебные украшения на авто,Воздушные шары на выписку,Воздушные / гелиевые шары / фотозоны
d04TsULiQwidZ6Ai,без  стажа,,Яндекс такси подключение без стажа права снг,Аренда нового Haval M6 под такси без залога,Мини погрузчик bobcat,Тип занятости подтвержден обход смз и ИП,Аренда авто под такси и доставку
iYJZcrefBnNpQdSl,лошадь в аренду выездка,,Тренер берейтор,"Аренда лошади, соревнования, конный спорт",Аренда лошадей/Конный спорт/Верховая езда,Заездка лошади,"Услуги тренера-берейтора по конному спорту, выездк"
5iyBYLaYHbiQGqtc,шлифовка стяжки,,Шлифовка стяжки пола,"Шлифовка пола, бетона /фрезеровка пола, бетона","Шлифовка бетонных полов, стяжек","Шлифовка бетона, пола. Фрезеровка бетона",Шлифовка бетона полировка
npfoQJFhZTBh5u2J,ведущий ярославль свадьба,,Ведущий на свадьбу корпоратив юбилей Ярославль,Ведущий на свадьбу/ведущий на камерную свадьбу,Ведущая+DJ Ярославль Свадьбы и корпоративы,Ведущий на свадьбу в Ярославле,Ведущая/тамада/свадьба/юбилей/выпускной Ярославль
Cy8veAHLfyxWKYNu,фитнес тренер ddx,,Фитнес тренер ddx,Фитнес тренер,Фитнес тренер,Курсы фитнес-тренера в Волгограде,"Тренер по фитнесу, Нутрициолог, Диетолог"
RGATeNQ20yedAB6W,аккаунт для 1688,,"Регистрация 1688, Таобао, Alipay, Wechat Taobao",Регистрация на 1688 таобао alipay taobao,"Регистрация на Taobao, 1688, Alipay","Регистрация 1688, Таобао, Alipay, Taobao, Goofish",Регистрация на 1688 Таобао Alipay Taobao Алипей
yb4gE6owp8JtJZ69,услуги уборщицы,Тип услуги Генеральная уборка Вид услуги Уборка,Клининг уборка квартир и домов мытье окон,"Генеральная уборка, уборка после ремонта",Клининг.Уборка квартир,"Уборка квартир,без посредников клининг",Уборка квартир и домов
4BV81f37Db4DNd7q,юрист алименты,Вид услуги Деловые услуги Тип услуги Юридические услуги,Семейный юрист. Развод. Раздел имущества. Алименты,"Семейные дела, споры г. Лыткарино","Юрист по семейным делам. Развод, раздел имущества",Семейный юрист/Развод/Алименты/Раздел имущества,Юрист по семейным делам/Развод/Раздел имущества
bMGevqYYGb1sTDXo,замок двери мастер,,Ремонт/Замена/Установка/Замков/Личинки/Выезд,Оскол- Вскрытие Замков ремонт Установка,Услуги мастер на час,"Вскрытие замков, замена замков, установка замков",Услуги мастер на час
EcOlruQ9iMuIAY21,поменять частично линолеум,,"Укладка линолеума. Плинтус. Фанера, OSB",Укладка Линолеум Ламинат Плитка Пвх Полы,Афропрически,Укладка кварцвинила ламината линолеума,Мастер на час
BUPdKPNgco2DvIdH,снятие бетонной поверхности,,Шлифовка бетонных полов. Полимерные покрытия,Промышленный Бетонный пол полированный с топпингом,Мастер на час открытие проёмов алмазная резка,Промышленные бетонные с топпингом полы,Брусчатка всё сложности
2uAZJilmYQaoB5VV,облицовка входной двери,Тип услуги Двери Вид услуги Ремонт и отделка,"Замена замков, замена личинки,замена ручек дверей",Установка входных дверей и окон,Ремонт и замена замка входной двери,Монтажник входных металлических дверей,Ремонт металлических дверей. Врезка замков
uK1dlomB2vHD1DF3,продувка труб,Тип услуги Сантехника Вид услуги Ремонт и отделка,Промывка систем отопления,Сантехник/ Услуги сантехника/ Сантехника под ключ/ Сантехник на дом/ Вызов сантехника/ Замена труб,Сантехник. Услуги сантехника. Сантехника под ключ. Услуги сантехника на дом. Устранение засора,Услуги сантехника. Сантехника под ключ,"Проводим воду, канализацию под ключ"
0CnJ7GrMV3RKqb9V,ремонт канализации в частном,,"Водопровод, канализация, услуги экскаватора","Услуги сантехника,монтаж систем отопления","Отопление, вода, канализация, аст-Тепло",Монтаж Канализации и водопровода,"Теплый пол,монтаж отопления,водопровод"
FPVSVKBipUDgewNI,установить вытяжку,Тип услуги Участие в пилоте CPL Вид услуги Ремонт и отделка,Настройка Эцп и электронных площадок,10–30% повторных продаж с WB/Ozon (пилот),Покатаю на мото/авто,Аренда кабинетов для психологов,Регистрация в Еис и на торговых площадках
R9582yAFrHmjMEqx,перекрывание крыши рубироидом,,Кровельные работы Монтаж кровли Ремонт крыши Установка крыши Замена кровли Замена Перекрытие крыши,Кровельные работы Кровельщики / Монтаж крыши,"Кровельные работы, строительство крыш","Ремонт кровли, ремонт крыш, замена шифера","Кровельные работы, ремонт крыши"
y1okR2Uv86OfnpE3,нарастить ногти,"Тип услуги Маникюр, педикюр Вид услуги Красота, здоровье",Маникюр в салоне красоты,Наращивание ногтей. Маникюр педикюр гель лак,"Маникюр, педикюр, наращивание ногтей. Обучение",Маникюр педикюр наращивание ногтей,Наращивание ногтей
BpQdUy8D08aVesCr,каток для трамбовки грунта аренда,,Каток газонный Elmos в аренду,Аренда вибротрамбовки,Каток и сеялка для газона аренда прокат,Аренда катка,Каток дорожный аренда
Gxqm2srHltEbeC6l,аренда места мастера маникюра,"Вид услуги Красота, здоровье",Аренда рабочего места мастера маникюра,Место для мастера маникюра,Аренда места мастера маникюра,Аренда места мастера маникюра,Требуются мастера маникюра
sgnmS5EFR19jJkYK,замена дисплея samsung s20 fe,,Дисплей Samsung S20 FE G780 + замена,Дисплей для Samsung G780 Galaxy S20 FE Зеленый,Дисплей Samsung Galaxy S20 FE G780 (Лавандовый),Дисплей для Samsung Galaxy S20 FE G780 (Синий),Замена стекла Samsung s20/s20+/s20ultra
VgL4Vqklb1too8Fg,обновление кухонного гарнитура,,Сборка Мебели Разборка Сборка кухни,"Ремонт кухонного гарнитура, замена столешницы",Изготовление (реставрация) мебели на заказ кухни,Замена фасадов и столешницы на кухне,Сборщик мебели Сборщик кухни Сборка разбор мебели
Qx847CdCbHIoBdj3,ботокс лоб октябрьский район,"Вид услуги Красота, здоровье",Убрать морщины,Ботокс/липолитик/биоревитализация. Маме снова 18,Ботокс для лица/ убрать мимические морщины,"LPG массаж,Кавитация,Ботокс лица, Чистка лица","Кератин, ботокс, уход для волос"
MAGeSCcBtnjBa2NU,покраска потолков с вышкатуры,,Покраска стен и потолков,"Покраска стен, потолков, дерева, металла",Безвоздушная покраска стен и потолков,"Малярные работы, покраска стен, полов и потолков","Ремонт, Проф. Покраска Стен Потолков Интерьер"
Iok5aTTLMdyfGaZM,информационные таблички,,"Таблички, шильдики, наклейки информационные","Таблички информационные, навигационные, адресные",Изготовление информационных табличек и наклеек,"Наклейки, таблички, шильды",Таблички инфо стенды указатели
eicn7UItd4PkO2v8,укладка клеевого кварцвинила,Тип услуги Полы и напольные покрытия Вид услуги Ремонт и отделка,Монтаж плинтуса,"Укладка ламината, клеевого и замкового кварцвинила","Укладка ламината, кварцвинила, линолеума и плинтус",Укладка напольных покрытий всех типов в Оренбурге,"Укладка ламината, линолеума, плинтусов"
SFbZwIuUR4WdxqUY,грузоперевозки газель с грузчиками новокуйбышевск,,"Грузоперевозки, грузчики, газель, переезды",Грузоперевозки Газель Грузчики Переезды,"Грузоперевозки переезды грузчики, газель","Грузоперевозки, газель по городу, области,грузчики","Грузоперевозки газель, переезд"
O5jpGcZLFd7oIxcb,грузоперевозки архангельск,Вид услуги Грузоперевозки,Грузоперевозки Газель Архангельск доставка Грузчик,Грузоперевозки 5 тонн,Грузоперевозки и переезды в Архангельске,"Квартирные переезды, грузоперевозки по городу и РФ",Грузоперевозки переезды по городу и РФ
V22VaKKx2AzaBQCH,экспертиза вентиляции в многоквартирном доме,,Строительная экспертиза,Оспорим экспертизу. Рецензия для суда,Экспертиза самовольной постройки,Монтаж вентиляции дымоходов прочистка,"Монтаж котельных, отопления, тёплого пола"
qx5I5w8Tq0lpfIXA,мини самосвал,,Услуги мини самосвала до 3 тонн,Услуги мини экскаватора с самосвалом,"Услуги минисамосвала, самосвала, мини самосвала",Спецтехника,Песок щебень шлак
d4aXoQrA7jQkay76,вывоз кгм,,Вывоз утиль мусор кгм,Вывоз мусора,"Вывоз мусора Контенейнер,камаз",Вывоз мусора,Вывоз строительного мусора с грузчиками
X0LIvZ4rfm3Gyuv5,монтаж дома и установка ключ для дачи под септика,,Септик под ключ монтаж за 1 день с гарантией,Септик из бетонных колец под ключ,Установка видеонаблюдения,Жби Септик под ключ за 1 день,Септик под ключ
4NBKcTe7zDBUBsau,модель на груминг,Вид услуги Уход за животными,Требуются модели на груминг,Спа уход. Озоновые процедуры. Тримминг.Груминг,Груминг. Передержка животных. Уход за животными,"Груминг, стрижка собак и кошек, тримминг",Стрижка собак на дому
QBSHF6sgqG3BJ6bu,скупка балонов,,Скупка радиодеталей Новосибирск,"Скупка майнинг ферм, видеокарт, комплектующих",Шины Диски,Скупка и вывоз техники,Выкуп Дисков и Шин
mWFV8WuXRx8fZaYF,изготовление металлических деталей,,Услуги по обработке металла,"Токарь, Токарные работы, Фрезеровка",Изготовление металлоконструкций,Изготовление деталей из металла по образцу,Изготовление металлических изделий на заказ
mg0pwZvA8IjoW6hA,прием стекла,Вид услуги Вывоз мусора и вторсырья,"Прием металла и плат, вывоз металлолома, лома",Прием цветного и черного лома,Утилизация плат,Прием бу катализаторов Нефтикамск,Прием буровых долото шарошечное бу
tSD2hzrYzJol6PyX,мастер по пирсингу,,Обучение пирсинг курс профи,Пирсинг в Ростове,Пирсинг,Художественная тату / пирсинг,Пирсинг
yKS6OP6WhPrXslGy,курсы программирования для детей,,Обучение,Программирование на Python для детей 9–13 лет,Обучение основам программирования и создания игр,Программирование для детей онлайн,Уроки по программированию и робототехнике
71IS8ri9RqhAH9Zb,снять дом с баней и чаном,,"Снять домик с бассейном, с чаном, с баней","Комфортный отдых: Баня, чан, бассейном, дом",Организация отдыха в предгорье с баней и чаном,"Отдых с баней, чаном и рыбалкой","Отдых с подогреваемым бассейной, чаном, баней"
Rb3pUfzowRPxJP1p,пескоструйная очистка фасада без,,Пескоструйная обработка очистка на выезд от 100м2,Пескоструйная обработка и окраска,Пескоструйная обработка поверхности,Пескоструйная обработка и очистка поверхностей,Пескоструйная обработка / очистка
CoRboaKohditY2xq,яндекс про помощь,,Яндекс про помощь с приложением,Помощь с Яндекс Про,Яндекс про акаунт,Подключение к Яндекс Доставке. Яндекс Про. Высокие,Пропуск заказов яндекс про
loNeggVxyrlZpTtE,изготовление шлицов,,Электроэрозионная обработка,Ремонт спецтехники и гидравлики,Изготовление мебели на заказ,"Изготовление ключей, в т.ч. ригельных",Изготовление пластиковых деталей
lfDW4MQwwAlxj1xz,установка трубки домофона,,Установка трубок домофона,"Установка домофонов, камер, скс розеток Бригада","Домофоны, видеонаблюдение, системы доступа",Установка домофона любой сложности,Установка домофонов любой сложности
BHjGk7QwHXeEYsvG,специалист по детскому сну,,Консультант по детскому сну,Консультант по детскому сну,Консультант по детскому сну,Консультант/специалист по детскому сну 0-7 лет,Эксперт по детскому сну
kNwxx7DHbGAJHsLi,вывоз старой мебели на свалку,Вид услуги Вывоз мусора и вторсырья,Вывоз старой мебели с квартиры/дома/дачи,Вывоз мусора / старой мебели / тбо / Контейнер,Вывоз мусора старой мебели,Вывоз мусора,Вывоз мусора
W8XdCHIEccxQlDbp,изготовление перегородок,,Изготовление туалетных и душевых перегородок,Перегородки сантехнические,Изготовление ворот на гараж,Офисные перегородки,Закаленное стекло по размерам заказчика
7SwA9pIklWWSlL44,чертежи для дизайнера,,Чертежи карандашом от руки,Чертежи в Автокад,Чертежи в autocad,Чертежи в Archicad. Сотрудничество с дизайнерами,Чертежи в archicad
EWiFbxbpGd72wIAG,ремонт roborock,Тип услуги Другое Вид услуги Ремонт и обслуживание техники,"Ремонт роботов пылесосов roborock, dreame, xiaomi",Ремонт роботов-пылесосов Xiaomi/Roborock/Dreame,"Прошивка робот-пылесоса Xiaome, Dreame на Русский",Ремонт роботов пылесосов,Ремонт и обслуживании компрессоров
HXoTwgIVtkLNehvr,модель на бесплатную стрижку,"Тип услуги Услуги парикмахера Вид услуги Красота, здоровье","Модель на бесплатные женские,мужские стрижки",Модель на стрижку,Нужны модели на фотосессию в барбершоп,Нужны модели,Модель на тотал блонд
bCB0F3ZC9PZbqMhx,курсы украшения,,Украшения из сутажа,"Мой первый килим. 26 традиционных узоров для ковров, сумок и украшений. Японский курс ручного ткачес",Обучение по созданию украшений,Ювелир Изготовление Ремонт украшений Позолота,Обучение по созданию украшений
sogbQw6uOhKyF24C,ремонт машины электрик,,Электрик. Ремонт электрики/Услуги Электрика на Дом,Электрик Сантехник Мастер на Час,Сантехник Электрик Мастер на Час,"Мастер на час, сантехник,электрик",Электрик/Электромонтаж/Перенос разеток
xaz6XUaUu6ERjW3l,мастер по ремонту котла бакси,"Тип услуги Газовые котлы, водонагреватели Вид услуги Ремонт и обслуживание техники","Ремонт газового котла, электрокотла, колонки","Ремонт, Установка Бойлеров Водонагревателей Котлов",Ремонт бойлеров и котлов,"Ремонт котлов,Ремонт газовых котлов","Ремонт и обслуживание газового и эл.котла,бойлера"
at3PJYRXWeFNvVFq,обучение ретуши для памятников,,"Реставрация фотографий, ретушь фото на памятник",Ретушь фото на памятник / Реставрация фото,Реставрация и обработка фотографий для памятников,Фотография на памятник,Фото на памятник. Реставрация старых фото
sSCbl49Rv88iLrGh,массаж старвак,,Массажистка на дому,Массаж,Массаж (мкр. Солнечный берег),"Массаж тела и лица, Киров",Классический массаж
rFyZ1sZSqIszgRLa,лодка для мусора,Вид услуги Вывоз мусора и вторсырья,"Вывоз Строительного Мусора Контейнер, Лодка",Вывоз строительного мусора,Вывоз Мусора Контейнер/Лодочка/Строймусор,Вывоз мусора / вывоз строительного мусора,Вывоз строительного мусора
pkWDi5Gl0YrDWr4U,утепление входной двери,Вид услуги Ремонт и отделка,"Замена мдф панелей,ремонт входных дверей",Ремонт и замена замка входной двери,Все виды ремонта дверей.Установка,"Ремонт, регулировка металлических дверей",Откосы на входные двери
h4wbz33RQviZLJgq,ринопластика носа без лперации,,Ринопластика носа без операции,Закрытие сессии/Росдистант/Синергия/Юрайт/Тесты,"Аренда яхты (катера,корабля) ""Варадеро""","Пирсинг, прокол ушей системой 75",Организация праздников
N2pqjaCXu3FdgNjL,обсада,"Тип услуги Отделка деревянных домов, бань, саун Вид услуги Строительство","Обсада, обналичка, лестница, отделка бань","Обсада,обналичка,плотник,лестницы,отделка бань","Отделка бань и саун,установка дымоходов",Окосячка обсада отделка срубов,"Обсада,обналичка,лестницы,плотник"
d1gHarC4Ei6BxuA7,педагог по английскому языку для детей,,"Педагог по математике, английскому",Няня педагог для ребенка,Преподаватель английского языка,Чуткий педагог по английскому,Репетитор по английскому языку
rbaD0Z86NG0c6XGA,озон под ключ,,Менеджер ozon / менеджер маркетплейсов озон,Менеджер маркетплейсов wildberries озон удаленно,Маркировка честный знак киз Вб Озон Сбер,"Швейный цех шьём оптом одежду, форму, текстиль",Менеджер маркетплейсов wildberries и озон
U3Gl8e4m53hCmA2O,ремонт нивелиров,Тип услуги Другое Вид услуги Ремонт и обслуживание техники,Ремонт лазерных нивелиров Кондтрол/Condtrol,Поверка Юстировка Ремонт Оптических Нивелиров,Ремонт лазерных уровней нивелиров,Поверка геодезического оборудования,"Ремонт электроники: парогенераторов,пылесосов"
sth4hxRWx2iO8hxc,стяжка пола цена за м2,,Полусухая стяжка пола за 1 день от 5 м2,Бетонная стяжка пола,Механизированная стяжка пола в доме,Полусухая стяжка пола. Наливной пол,Бетонная полусухая стяжка пола
DnczTygdRiRkhpIv,байер голландия,Вид услуги,Услуги байера Байер Казахстан Англия,Байер Казахстан,"Байер Выкуп eBay, Vinted, Etsy Доставка в Россию",Байер дордой,Байер в Прато (Италия)
nHDi95ZDNaL2AdpC,гостиница для собак,Вид услуги Уход за животными,Гостиница для собак от Валерона,Зоогостиница. Гостиница для собак. Передержка,Передержка собак,"Груминг, стрижка собак и кошек",Передержка собак в домашних условиях
cSIlMcLGaUNY2VyM,кемпинг с бассейном,,"Семейная сауна с тёплым бассейном Халяль,Спа сауна",Баня с бассейном и чаном / аренда бани с мангалом,Коттедж с баней на дровах и бассейном,"А-фрейм, банный чан, сауна,бассейн-джакузи","Баня, бассейн"
FGl3WeURXu8mi7bt,преподаватель по маникюру,,"Инструктор по наращиванию ногтей,маникюру,педикюру",Лучший курс по маникюру (с нуля до мастера),"Аренда класса по маникюру, педикюру",Курсы обучение маникюру повышение квалификации,Индивидуальное обучение маникюру/педикюру
sR7RAs3QVOL6sR1Q,программирование для детей,"Вид услуги Обучение, курсы",Программирование Python для детей онлайн,Детский курс гейм-дизайна и программирования в Roblox,Репетитор по программированию Java C# C++ Python,Репетитор по китайскому языку (онлайн),Автоэлектрик. Программирование ключей и блоков ECU
bK4ZwjDQyodWKgI5,стрижка мейн-кун,,"Стрижка кошек, экспресс линька. Груминг",Стрижка собак в салоне,Груминг грумер стрижка собак и кошек,Грумер стрижка собак,Груминг- стрижка собак
zEW1nRsUbQutekUT,аренда с баней,,Аренда бани на колесах с доставкой,"Выездная, баня на дровах, с доставкой,аренда бани",Баня с купелью на дровах,Баня мобильная,Баня на дровах с бассейном
2yPVkxKpxP6soQJy,грузчик перевезти холодильник,,Грузоперевозки /Переезды/Заказать Газель,Грузоперевозки 3 тонны,Грузоперевозки Заказать газель Грузчики Переезды,Грузоперевозки газель межгород,Заказать Газель / Грузчики / Квартирные пеезды
H8ui6EmqTKWhsRLz,яхрома массаж,,Массаж Дмитров Яхрома,Массаж,Эвакуатор в Дмитрове в Яхроме,Ланзатоп. Прокат эндуро мотоциклов в Яхроме,Экспертиза дома перед покупкой в Яхроме
anQii4Y8uUdzC97J,покраска дома,Тип услуги Фасадные работы Вид услуги Строительство,"Клинкерный короед Дом Покраска ""","Утепление фасада. Покраска, монтаж сайдинга и др",Ремонтные Фасадные Работы,Короед. Фасадные работы утепление домов,Фасадные работы штукатурка короед или покраска
rgl1FNMuwVUthVnR,вскрытие замка входной металлической двери,,"Замена замков, замена личинки,замена ручек дверей","Вскрытие замков, Вскрытие дверей","Вскрытие замков, вскрыть замок за 15 мин","Монтаж входных дверей, установка входных дверей",Вскрытие замков \ Вскрыть замок \ Открыть замок \ Вскрытие дверей \ Взлом замков
L4TxpzMQxsfxE9s9,корчевание пней,"Тип услуги Озеленение, уход за садом и огородом Вид услуги Сад, благоустройство","Спил деревьев, Уборка участков, Выкорчевка пней",Расчистка участка экскаватором с вывозом,Спил деревьев /Корчевание пней/вывоз мусора /Обрез,Спил деревьев/Обрезка/Корчевание/Спилить дерево,"Уборка участков, опрыска, покос травы, спил деревь"
o3fVWZeC7xopae18,ремонт мебели дивана,Тип услуги Сборка и ремонт мебели Вид услуги Ремонт и отделка,Перетяжка мебели,Ремонт и перетяжка мягкой мебели,Ремонт замена пружинных блоков на мягкой мебели,Перетяжка и ремонт мягкой мебели,Услуги мастер на час
1pTWYPE00Do6KlMS,установка  дверей,,Установка межкомнатных и входных дверей,Установка окон и дверей,Установка пластиковых окон под ключ,Услуги мастер на час,"Вскрытие Замков, Мастер на Час, Сантехник, Маляр"
mfjwulgJEtTCGQzZ,мото жилетка,Вид услуги Бытовые услуги Тип услуги Пошив и ремонт одежды,Швейное производство киргизия оптом одежда Бишкек,"Швейное производство, пошив штор и одежды",Профессиональный ремонт/перешив шуб,Ремонт одежды,Пошив одежды из кожи - байкерские жилеты
9LC4hiSzJNGwEO4B,отпраздновать детский день рождения,,Аренда помещения для мероприятия,Организатор / декоратор детских праздников,"Аниматоры на день рождения, детский праздник",Частный Детский сад,Аниматоры на детский праздник / день рождения
Klo1MAngKvhzEyEy,репетитор по русский егэ,,Репетитор по русскому языку,Репетитор по русскому языку,Репетитор по русскому языку,Репетитор по русскому языку,Репетитор по русскому языку
EFC32NRbH9bcRGOl,афро косички,"Вид услуги Красота, здоровье","Плету брейды, косы, афро косички, афро кудри",Заплести афро косички,"Афропрически (дреды, косы, зизи) и афронаращивания",Афро-Косы.Термо-Замещение. Афро-кудри,"Брейды, Афрокудри, Африканские косички"
Tfn3aT2sxrjiSdCF,бэбилайтс мелирование,"Тип услуги Услуги парикмахера Вид услуги Красота, здоровье",Мелирование на дому,Парикмахер,Airtouch (Аиртач). Мелирование. Шатуш. Балаяж,Окрашивание волос. Мелирование,Услуги парикмахера
drc7EMzpvHVg1HVj,вскрытие авто и изготовление ключа,Тип услуги Вид услуги Ремонт и отделка,"Ремонт,замена,вскрытие замков,авто,сейфы,гаражи",Вскрытие авто \ вскрытие замков авто,Вскрытие авто / вскрытие автомобиля,"Вскрытие авто без повреждений, приеду за 30 мин","Вскрытие замков, вскрытие авто, замена замков"
UQeg89cKPxWuBVq7,эвакуатор газель,,Услуги эвакуатора.Эвакуатор Газель,"Эвакуатор ГАЗ ГАЗель 3302, 2012","ГАЗ ГАЗель Next эвакуатор, 2015","Эвакуатор ГАЗ ГАЗель 3302, 2007","Эвакуатор ГАЗ ГАЗель 2705, 2014"
SIUKQ0tpFSNs4T2w,ключи вездеходы,Вид услуги Бытовые услуги Тип услуги Изготовление ключей,Изготовление дубликатов ключей для домофона,Изготовление ключей для домофонов и др,Изготовление дубликата домофонных ключей,Изготовление ключей и авто-ключей,Изготовление автомобильных ключей
lca801e6yjweDO3g,необычные экскурсии,,Необычные экскурсии с гидом по Петербургу: авторские маршруты,Автобусные необычные экскурсий,Необычные экскурсии в Петербурге,Необычный Васильевский остров,Экскурсия Мистический остров
ef8qOfZLkNG4F2Gg,отмена требования,,"Отмена штрафа мади за парковку на газоне, юр. лица",Юрист по отмене штрафов за перегруз,"Отмена судебного приказа,ареста фссп",Снятие запретов фссп отмена арестов и ограничений,"Отмена процентов по кредитке Сбербанк,Т-Банк"
h6aoxmLthNTMp80l,очистка плитки после ремонта,,"Очистка фасада дома из шамотной плитки, камня",Мойка очистка брусчатки плитки фасадов,Мойка тротуарной плитки Чистка/Очистка Брусчатки,Очистка мойка тротуарной плитки брусчатки,"Промышленный клининг, гидроструй"
Jncyh7afBPzE90Wq,межкомнатные перегородки,Вид услуги Ремонт и отделка,"Подшив потолков, стен",Монтаж и возведение перегородок в короткие сроки,Установка межкомнатных дверей,Установка межкомнатных дверей напольного плинтуса,Ремонт квартир
YmPk1Rmbs1X0ByLj,трансфер в абхазию,Вид услуги Пассажирские перевозки,Такси трансфер Сочи Адлер Абхазия,Трансфер. в Абхазию пассажир.перевоз. эскурс,Трансфер Сочи Адлер Абхазия,Такси в Абхазию,"Такси в Абхазию. Трансфер из аэропорта, жд вокзала"
C0qWdis7inNQV5Dz,нянч для ребенка,"Вид услуги Няни, сиделки","Сиделка для пожилых, няня ребенка. Ивантеевка",Няня + сиделка с лежачими больными,Няня для ребенка,Няня для ребенка на час,Услуги няни для ребенка
yxgg5ge09I0ijRdE,для праздника,,Гелиевые шары для детей на праздник,Аниматоры на детский праздник под ключ,Поющий баянист-гармонист на праздник,Шоу трансформеров,Шоу мыльных пузырей для детей и взрослых
1GHH8ZCIbHuATKtf,продвижение на яндекс картах,Вид услуги Деловые услуги Тип услуги,Продвижение на Яндекс Картах и 2гис,Яндекс Карты настройка и продвижение. Гео,Продвижение Яндекс Карт — Вывод в топ-3 SEO,Накрутка пф Яндекс Карты (дискавери-переходы),Настройка и продвижение на Яндекс Картах
KY8y2QZxQbYfMvP1,стеклодувная мастерская,,Стеклодувная мастерская,Ремонт гитар. гитарная мастерская,Реставрация кукол. Профессиональная мастерская,"Велоремонт, мастерская по ремонту велосипедов",Багетная мастерская
ldMlNugTdEydsRnZ,циклевочная машина в аренду,"Вид услуги Оборудование, производство",Мозаично - шлифовальная машина в аренду,Аренда Бензо-инструмента,Аренда поломоечных машин,Опалубка для монолита в аренду,Морской контейнер в аренду (20 фут)
SuGRJ4helT0CR6AA,остекление балконов,Тип услуги Окна и балконы Вид услуги Ремонт и отделка,Отделка и остекление балконов,Остекление утепления ремонт балконов и лоджии,"Остекление балконов и лоджий, отделка",Остекление балконов и утепление,Ремонт/утепление/окна Остекление/отделка
pMEa3UhKc63QILSH,уборка однокомнатной квартиры,Вид услуги Уборка,Уборка квартир,"Клининг, уборка квартир, генеральная уборка",Уборка квартир,Уборка квартиры/ дома/ коттеджа,"Уборка квартир,домов,помещений"
BvAix0ANW0ImS29v,укладка коммерческого линолеума,,"Укладка ламината, кварцвинила, линолеума и плинтус","Полимерные покрытия, коммерческий и спортивный лин","Укладка Ламината, Кварцвинил, Линолеум",Укладка ламината. Укладка линолеума. Монтаж кварц винила. Укладка паркета и паркетной доски. Настил,"Укладка ламината, линолеума, установка плинтуса"
ej2nXOWtNOucJhjn,отдых с чаном для двоих,,Русская баня на дровах с банным чаном 30 кв. м,Аренда банного чана на прицепе,Бассейнбаня сауна чан,Русская баня на дровах с банным чаном,Романтическое свидание для двоих
ZdQtpbdQPvLwUzSg,аренда фасадных лесов,"Вид услуги Оборудование, производство",Аренда строительных лесов и другого оборудования,Леса строительные в аренду,Аренда строительных лесов,Аренда вышки-тура в Пензе,Аренда строительных лесов
N6miIaG4w14xPEWA,маникюр гжатская,,Маникюр,Маникюр Академическая,"Маникюр,педикюр,наращивание ногтей",Педикюр,Маникюр/педикюр
H0iaITwZt0XVIJbN,аренда мусорного бункера,,Вывоз мусора контейнер мусорный Зеленоград,"Вывоз мусора, контейнер, бункер","Вывоз мусора, контейнер, бункер","Вывоз мусора контейнерами Зеленоград, Крюково","Аренда столов и стульев / Аренда мебели, доставка"
7wktFu24CxzU80UG,олег ремонт холодильников,,Ремонт холодильников на дому,Ремонт холодильника,Ремонт холодильников / Ремонт холодильников с выездом на дом,Ремонт холодильников быстрый выезд,Ремонт Холодильников на Дому
IDTr5qAAyNDSfSbD,разработка приложений,,"Разработка мобильных приложений. Android, iOS","Мобильные приложения, разработка программ, сайты",Разработка мобильного приложения,Разработка мобильных приложений iOS/Android,"Создание, разработка приложений"
egGkRlqcRk8CNv4P,ремонт липучки,Тип услуги Другое Вид услуги Ремонт и обслуживание техники,Ремонт велосипедов,Ремонт Востоновление Сборка Аккумуляторов,Ремонт инструмента,Профессиональный ремонт,Ремонт фильтров для воды
X7KfOFKdWbDWUhJf,ремонт врезных замков,,"Замена замков, Ремонт замков, Установка замков",Ремонт замков / Замена замков / Установка замков,"Замена замков, ремонт замков","Ремонт замков, замена замков, врезка замка второго",Замена замков / Ремонт замков / Врезка замков
5uKdFKkwXgbgLP4R,аниматор для малышей,,Аниматор на день рождения для малышей,Аниматор для малышей,Аниматор VIP,Аниматоры,Гендер пати голос малыша
WYzDpMeqObOUOsSS,домики с закрытым басейном или чаном,,"Баня, банный чан с уютным домиком в Берлоге",Аренда беседки с мангалом. Домик. Чан,Аренда бани на дровах с чаном,Уютный домик с чаном,"Домик с 2 спальнями, баней на дровах и чаном"
c80WbnteLY5tGE8Q,трансфер частник,,Грузоперевозки газель по городу от частника,Трансфер Такси межгород Из Воронежа На дачу На мор,Трансфер,Трансфер Поездки Межгород Воронеж Крым Москва,"Трансфер в Аэропорт,Трансфер в Москву,Такси"
wTkkWHKBTXtUqTjr,мастер сборщик мебели,,"Сборка мебели, сборщик мебели, сборка кухонь","Сборщик мебели, муж на час",Сборка кухни/Сборка мебели/Сборщик кухонь,Мастер на час/сборка-ремонт мебели,Сборка мебели/Установка шкафа/Сборщик мебели
3xM8ugbzKe44HZuL,рилс мейкер на свадьбу,Вид услуги Фото- и видеосъёмка,"Видеограф, Фотограф, видео-оператор, контент",Рилсмейкер на свадьбу / свадебный рилсмейкер,Свадебный Фотограф и Видеограф,"Мобильная съемка,рилсмейкер,контент-мейкер",Монтаж видео / Рилс / Shorts / Подкасты
hwq7RkY9WlPbcjTD,шлифовака бетона,,"Бетон, раствор, керамзитобетон",Демонтаж,Прокат (Аренда) строительного инструмента,Аренда мини бетононасоса,Разнорабочие
Y9xzReWwx69RUHIW,заточка парикмахерских ножниц,"Вид услуги Оборудование, производство",Заточка ножей. Заточка парикмахерских ножниц,Профессиональная заточка парикмахерских ножниц,Заточка парикмахерских ножниц convex,Заточка инструментов с доставкой,"Заточка ножей, ножниц,кусачек, цепей и т.д"
4o8LDuekqpL74snY,разработка мини апп  exine,Вид услуги Деловые услуги Тип услуги,Разработка мобильных приложений и мини приложений,Telegram-бот для бизнеса под ключ,Разработка по IOS Android Windows Linux,Разработка скетчей и схем на arduino,Разработка мобилных и Веб приложений
YFIaP5RNiyovGZAJ,фотосессия младенца,,Фотосессия новорожденных ньюборн,"Фотозона, фотолокация, фотосессии",Фотограф,Фотограф Новороссийск,Фотограф на крещение Новороссийск
moeU4xtRvMy8iQGB,изготовление мебели из дерева,,Мебель из массива дерева на заказ,Изготовление тумба из массива дерева на заказ,Изготовление Мебели из массива на Заказ Лофт,Столярные работы по дереву,Столяр. Изготовление мебели
REWsMK558OTQssGc,нотариус псков прием по живои очереди,,Прием вывоз металлолома,Прием цветного металлолома,Прием Металла демонтаж и вывоз резка,Эвакуатор в Пскове и Псковской области,Вскрытие замков без повреждений — Псков и область
6i6sqHNHpW2vRoPq,дым для праздника,,Цветной дым,"Тяжелый дым, холодные фонтаны","Цветной дым, дым для гендер-пати, хлопушки",Тяжелый дым на первый танец,"Свет, звук, тяжелый дым, и большой экран"
YVFSp7MrPWqkZGjy,репетитор по истории и обществознанию егэ,"Тип услуги Предметы школы и вуза Вид услуги Обучение, курсы",Репетитор по истории и обществознанию,Репетитор по истории и обществознанию ЕГЭ/ ОГЭ,Репетитор по истории и обществозанию ОГЭ и ЕГЭ,Репетитор по истории и обществознанию ЕГЭ/ОГЭ,"Репетитор по истории и обществознанию ОГЭ, ЕГЭ"
6VU5eklwKCYW129S,улучшение качества видео,Вид услуги Фото- и видеосъёмка,Монтаж видео / Видео монтажер / Видеомонтажер,Оцифровка видеокассет vhs и негативов (пленка),Видеомонтажер Видеомонтаж Видео ии,Мастерская по пошиву и ремонту одежды,Развивашки для детей(набор)
jrfQ5Tqo8az9Gzxs,сдача металлолома,Вид услуги Вывоз мусора и вторсырья,Вывоз металлолома,Металлолом,"Приемщик металлолома, вывоз лома","Покупаем лом, металлолом",Вывоз металлолома
6a5u8hUKA9TsvIL9,установка сифона,Тип услуги Сантехника Вид услуги Ремонт и отделка,Замена сифона Сантехник на дом,Услуги сантехника,"Муж на час, мастер на час",Сантехник Замена смесителя сифона,Фильтр для воды обрат осмос установка обслуживание
M9fM6pfMhsMxRF9Q,самоходный мульчер аренда,,"Дробилка веток,измельчитель веток,самоходный","Аренда мульчера,щепореза,дробилки,измельчитель",Мульчер в аренду для лесных массивов,"Аренда мульчера,мульчирование,расчистка участка","Аренда мульчера, услуги расчистки и выкорчевки"
ZUNKHIbN6jGcm7j1,монтаж домофона,,Установка видеонаблюдения / Домофон / Скуд / Монтаж,Установка видеонаблюдения / Домофон / Скуд / Монтаж,Установка видеонаблюдения / Домофон / Скуд / Монтаж,Установка видеонаблюдения / Домофон / Скуд / Монтаж,Установка видеонаблюдения / Домофон / Скуд / Монтаж
D1vAousFIsf0mgJI,манипулятор дмитровский район,Кто оказывает услуги Частный исполнитель Кто оказывает услуги Компания,Маникюр педикюр наращивание ногтей,Услуги косметолога,Парикмахер стилист на дом,Перманентный макияж. Татуаж,Липоредукция живота
QRsMr1ELCrZvKx4Z,устранения неприятных запахов,,Устранения неприятных запахов,Удаление запахов озонирование дезинфекция,Удаление любых неприятных запахов. Озонирование,"Озонирование, удаление запахов, сухой туман",Озонирование. Устранение неприятных запахов
xfVMQUM4hWGyzCXO,цыганский ансамбль,,Цыганский ансамбль с медведем на праздник,Артисты на праздник,Ансамбль гусляров на ваше мероприятие,Артисты на праздник «казачий ансамбль»,Народный ансамбль
O9wroYovKN9N8qHK,архитектурный проект магазина,,Оборудование магазина под ключ,"Архитектор, инженер конструктор","Архитектурная подсветка зданий неоном, гирляндами","Таунхаус 140 м² на участке 2,5 сот.",Проектирование витражей и фасадов (спк и нвф)
UPP0pDFPK4Gmgklb,дезинфектор от ос,,"Переустановка ос, ремонт компьютера",Обработка от Клещей Тараканов Клопов Плесени Запах,Дезинфекция клопов тараканов грызунов блох плесени,"Ремонт компьютеров, ноутбуков орг. техники на дому",Проектирование слаботочных систем
Ca9gg6JKpqV9DXPQ,септики,,Бурение под сливные ямы / установка септика,Монтаж септика под ключ,Септик из бетонных колец. Копка. Доставка жб колец,"Септик, сливная яма, демонтаж",Септик из жб колец / Копка ям / Канализация
JT6fdlG9huT64zHX,пластиковые откидные окна остекление распашные,,Пластиковые окна Распашные Откидные Остекление,Пластиковые окна с установкой. Остекление,"Ремонт окон,Пластиковых,AL, дверей.Москитных сеток","Алюмивые окна, Окна пвх и двери от производителя",Остекление балконов и лоджий под ключ
VbjTrT5DTdeXSW5a,ипотека без первоначального взноса,Вид услуги Деловые услуги Тип услуги,"Квартира без первоначального взноса, Азов, Ростов",Ипотечный брокер Агент по недвижимости,Услуги риэлтора,Помогу получить ипотеку,Риэлтор / Ипотека / Семейная ипотека
6wxMGNfcRjOjYpyB,студия с луной,,Мастер-класс Луна светильник,"Арт-вечеринка, мастер-класс Луна",Создай свою луну за 2 часа,Мастер-класс Луна с подсветкой текстурный ночник,"Аренда зала для Йоги, Зал Луна"
BRQ9hk7iZZUmX7wL,вакансия репетитор онлайн математика информатика,,"Репетитор онлайн: физика, математика, информатика",Репетитор 5-9 классов онлайн и офлайн,"Репетитор математика, физика, информатика","Репетитор онлайн: физика, математика, информатика","Репетитор по математике, информатике, иит челгу"
zNqynmX1s8FpGqHe,натядные потолки,Тип услуги Потолки Вид услуги Ремонт и отделка,Профессиональная покраска стен и потолков,Натяжные потолки,Натяжные потолки под ключ. Ремонт. Слив воды,Натяжные потолки,Натяжные потолки
huBPiGjKwSwmSVII,репетитор по физике в деме,,Репетитор по физике,"Репетитор по Математике/Физике ЕГЭ, ОГЭ",Репетитор по физике и математике онлайн,"Онлайн, цена за 1урок в группе Репетитор по физике",Репетитор по физике ЕГЭ
fzczXnNAoYKrJrCJ,переобучение психолога,"Вид услуги Обучение, курсы",Приворот порча сглаз снятие обучение,Психолог,Повышение успеваемости ребёнка нач.классов,Психолог,Психолог онлайн консультация
sUiAN4K3So0x3M5P,вентилируемый фасад из керамогранита,Тип услуги Фасадные работы Вид услуги Строительство,Вентфасады из керамогранита,Монтаж навесных вентилируемых фасадов,Монтаж вентилируемых фасадов,"Фасадчики, бригада фасадчиков, фасадные работы",Фасадные работы вентфасад
9RnnlAhXjwdHSnew,хоровое пение,,"Хор, вокал для женщин","Вокал, фортепиано с нуля",Горловое пение (онлайн уроки),Уроки детского и взрослого вокала,Репетитор по музыкальным дисциплинам
YoyFYge9as8lcNKm,мастер по газовым котлам,"Тип услуги Газовые котлы, водонагреватели Вид услуги Ремонт и обслуживание техники","Работы по Газовым котлам, Отопление и сантехника",Ремонт газовых котлов. Ремонт газовых колонок,Ремонт и обслуживание газовых котлов,Ремонт газовых котлов Обслуживание,Мастер по котлам рядом Удельная
bfE9cv0i1Vs8UstM,ремонт конвекторов,,"Ремонт и замена Газ. Котлов,конвекторов",Монтаж систем отопления и водоснабжения,Ремонт и обслуживание газовых котлов,Кузовной ремонт,Ремонт и отделка квартир под ключ
PgLcujIMaJrwlNQC,ремонт электро печей,,Ремонт и реставрация печи,Ремонт встраиваемых микроволновых печей Wolf выезд,Ремонт встраиваемых микроволновых печей Bork выезд,Ремонт аккумуляторов,Ремонт электро плиты и духовок
ADyPjg4swOfdYcRv,установить рутокен,,"Настройка эцп, установка укэп, фнс, еис, этп","Настройка эцп,Честного знака,фнс",Копирование эцп настройка эцп электронная подпись,Установка программ Офис Ворд Ексель Автокад Эцп,"Копия эцп,копирование электронной подписи"
gQWzI2kYjhqpPMoE,касационный адвокат,,Услуги адвоката. Бесплатная консультация,Адвокат/Юрист/уголовные/гражданские дела,Адвокат практик. Бесплатная консультация,Адвокат по кражам 158 ст,Адвокат.Юрист.Адв.практика с 1996 года
UyZykmpPpaXAG8b1,маникюр педикюр на дому у клиента,"Тип услуги Маникюр, педикюр Вид услуги Красота, здоровье",Маникюр и педикюр на дому,Маникюр педикюр,Мастер маникюра и педикюра на дому,Маникюр,Мастер маникюра и педикюра
a9xiulkLGauE6fvN,демонтаж,Тип услуги Снос и демонтаж Вид услуги Строительство,Демонтаж квартир домов,"Демонтаж, разбор, подготовка к ремонту, снос",Демонтаж и снос зданий,Снос домов зданий Расчистка участка,Демонтажные работы
sG197Y9NjzfRrROs,эпиляция сахаром,,Депиляция. Шугаринг/воск,Депиляция воск/сахар,Депиляция Шугаринг Ламинирование ресниц и бровей,"Шугаринг мужской, женский.Депиляция сахаром",Модель на депиляцию бесплатно
pVgRrDb1XiwmAukS,тренер по русскому бильярду,"Вид услуги Обучение, курсы",Тренер по русскому бильярду,Тренер по бильярду,Персональный тренер по бильярду,"Обучение игре на бильярде, ремонт киев","Спортивный тренер, тренер"
z0zFMmP9Zt2qgGxh,кемерово доставка,,Розы 40-60см с доставкой в Кемерово,Автовоз Кемерово - Владивосток - Кемерово,Песок Щебень доставка в Кемерово,Бетон Доставка без посредников,Грузоперевозки по Кемерово - Газель Грузчики
EdXEOyCpFURUS3N9,миллирование,"Тип услуги Услуги парикмахера Вид услуги Красота, здоровье",Услуги парикмахера,Парикмахер Окрашивание аиртач мелирование стрижки,Модные стрижки,Парикмахер коллорист,"Стрижка,не требующая укладки, Парикмахер стилист"
QNSM3kpM5flse8kq,установка офисных программ на ноутбук,Вид услуги Компьютерная помощь,"Установка виндовс, программ, ремонт компьютеров",Установка виндовс 7 8 11 компьютерный мастер,Установка Windows Сборка пк Компьютерный мастер,"Установка программ на MacBook,MacOS,Mac,Windows",Мастер по настройке компьютеров и ноутбуков на дом
gnhKiVlK02Ly8py3,химзавивка волос мужская,,"Биозавивка,химзавивка,мужская и женская",Модели на химзавивку,"Окрашивание волос, модные стрижки",Биозавивка волос мужская,Парикмахер. Стрижки мужские и женские
0RPlHpj6fkMpjLKI,демонтаж вторчермет,,Закупка и вывоз металлолома от 1 тонны,"Демонтаж в квартире, доме. Полы, стены, плитка",Профессиональный демонтаж в Москве и мо — быстро,Демонтажные работы. Рабочие для демонтажа,Демонтаж квартир/Демонтаж/Демонтажные работы
PxXmcQC54x16V73N,возврат долгов,Вид услуги Деловые услуги Тип услуги Юридические услуги,Возврат долгов,Взыскание долгов,Возврат долгов с распиской и без,Возрат долгов следственным путем,Возврат долга взыскание долга через суд и без суда
9T6D87g1KCZRowFv,бурение лунок под столбы ясобурос,"Тип услуги Земляные работы Вид услуги Сад, благоустройство",Бурение мотобуром под столбы,Услуги мини экскаватора копка земляные работы,"Планировка, выравнивание участка",Услуги мини-экскаватора,Услуги миниэкскаватора Серпухов Серпуховский район
uk6AHP2GfpAo4q4Y,модель на ламинирование волос,,Требуются модели на брови/ресницы,Ищу моделей на окрашивание и наращивание волос,"Модель на кератиновое выпрямление, ботокс",Ищу моделей на кератин/ ботокс для волос,Модель Кератиновое выпрямление волос
QikaSL1OLUtFDIIN,ремонт оргтехники моск,Тип услуги Принтеры Вид услуги Компьютерная помощь,"Ремонт принтеров, оргтехники, мфу","Ремонт принтеров, оргтехники, мфу",Ремонт оргтехники/принтеров/мфу с восстановлением работоспособности,"Ремонт принтеров и мфу, оргтехники","Заправка картриджей, ремонт принтеров, ремонт пк"
tNXKGWbUtFmEwGUC,волосы наращивание на канекалон,,Модель на наращивание волос,"Косы с канекалоном, боксёрские косы, афрокудри",Модель на Наращивание волос,Модель на наращивание волос,"Наращивание и снятие волос, окрашивание и укладка"
xtsxie2yvMyHgP22,баня с теплым бассейном,,Сауна баня с бассейном,Коттедж с баней и бассейном посуточно,Русская баня на дровах с бассейном,Баня сауна с бассейном аппартаменты,Баня сауна
VYbqVQmVFkvPWAmM,магниты с рекламой,,Магнитные визитки. Печать рекламных магнитов,Печать на магнитах. Рекламные магниты,"Этикетки-брелоки-магниты пвх, реклама",Магнитные наклейки. Реклама на магнит,Наружная реклама
X1A8Cgv3vx2Xi0RE,ключи для автомобиля,,Изготовление Автомобильных ключей,Авто под ключ из Японии,Автоключ Восстановление ключей по утере,"Автоподбор, подбор под ключ, эксперт на день",Автоподбор - Подбор авто Под ключ. Как для себя
5OJeaEATWoCZ4o8E,замена раковина на кухне,Вид услуги Ремонт и отделка,Мастер на час / сантехник электрик сборщик мебели,Тумба под раковину на кухню,Услуги мастер на час,"Замена пленки на фасадах, оклейка в пленку кухни",Мастер на час Сантехник Электрик
IrIuNJ2BOc6uMurO,коррекция нижней трети лица,"Вид услуги Красота, здоровье","Увеличение губ, мезотерапия, липолитики, ботокс",СМАС лифтинг подтяжка лица,"Модели на увеличение губ, ботокс итд",LPG массаж тела и лица,Липолитики тело и лицо
8r8EohNTfuHMeOnc,репетитор испанского dele,,Репетитор испанского Онлайн для Взрослых и Детей,Репетитор Испанского языка Онлайн,Репетитор испанского языка Онлайн,Репетитор по испанскому языку,Репетитор по Испанскому языку с нуля
WpnVQhJsC3Lsgt7F,сварочные работы цена решетка на подоконник,,Сварщик на выезд. Сварочные работы.Сварка,Сварочные работы услуги сварщика сварка выезд,Подоконники и столешницы на заказ,Сварочные работы с выездом,Подоконник пвх Danke (Данке) Premium
KNlRj8qsvCEMOZSz,"графический пдф дизайнер, оформление документов",,Графический дизайнер удаленно,"Графический дизайнер, Логотип, Баннер, Листовки",Графический дизайнер / Разработка логотипа,Графический дизайнер,"Графический дизайнер, Логотип, Брендбук, Листовки"
l43f6DlJ8EHIGg9p,воронеж инструктор,,"Ава терапевт, ава инструктор, Ава специалист",Персональный тренер по йоге,Виндсерфинг в Воронеже. Обучение,Инструктор по вождению на АКПП,"Автоинструктор, инструктор по вождению АКПП"
glyyjhqy3vpkrBgG,бурим лунки мотобуром,,Бурение лунок мотобуром буром,Бурение лунок мотобуром,Бурение лунок мотобуром,Автобур Isuzu ямобур Бурение фундамента лунок Сваи,Бурение лунок под столбы Забор. площадок
lgoPevWjBzH4LOCa,поставить насос в скважену,,Ремонт глубинных насосов и скважин,"Обслуживание скважин, замена насосов в скважине",Ремонт чистка скважин и колодцев замена насосов,Юридическая помощь в постановке авто на учет,Аренда инструмента для установки кондиционера
4TsvazOhRRrgszB2,изделие на 3д принтере,,Печать на 3D принтере екатеринбург,3Д печать на заказ,"Печать на 3D принтере, 3Д Моделирование",Промышленная 3Д печать на заказ на 3D принтерах,Мелкосерийная 3Д печать
jEnTTA6yKYpY12ej,ламинирование ресниц сенявина 4,,Ламинирование ресниц / Оформление бровей,Оформление бровей и ламинирование ресниц,Ищу моделей на Ламинирование ресниц,Ламинирование ресниц за час,Ламинирование и окрашивание ресниц
Tnu2qxUfTxZgwdb7,преподаватель математики,,"Подготовка к ОГЭ, ЕГЭ по математике",Репетитор по математике онлайн ОГЭ ЕГЭ,Репетитор по русскому языку и математике,Репетитор по математике: помогу сдать ЕГЭ на 80+,Репетитор по математике онлайн 1-8 класс
PIR6fJvN9ZzU6bnU,вывоз мусора газель грузовая с грузчиками,Вид услуги Вывоз мусора и вторсырья,Вывоз мусора Вывоз строительного мусора Хлама,Вывоз мусора газель частник грузчики,Вывоз мусора с грузчиками газель камаз,Вывоз мусора,"Вывоз мусора, Газель, ЗИЛ, Камаз"
v2AJQVoWXXldcH8U,барабаны ударные,"Вид услуги Обучение, курсы","Уроки по ударным, преподавание барабанов","Уроки игры на гитаре, фортепиано, барабанах",Уроки игры на барабанах,Уроки барабанов,Уроки вокала
eZa2MFzDECUcaROF,костюм крысы продажа,,Костюм крысы надувной аренда,Надувной костюм крысы аренда,"Костюм надувной крысы, прокат",Аренда надувного костюма крысы,Прокат костюмов Крыс
gRXIFgH1Df9EwXSM,купить контейнер  б/у для мусора 8 кубов купить,Вид услуги Вывоз мусора и вторсырья,Вывоз мусора 8 - 27 кубов,Вывоз мусора 8 - 27 кубов,Вывоз мусора контейнером 8 кубов,Вывоз строительного мусора контейнер,Вывоз мусора 8 - 27 кубов
xlaLsLUDNcDRe7CA,стрижка короткая,,Окрашивание волос тотал блонд,Стрижка Бикси (боб каре + пикси) + укладка,Мелирование волос,Окрашивание тотал блонд,"Стрижки, окрашивание волос, блонд, стрижки"
PkdlD9BvheiZ2Oko,репетитор японского,,Репетитор по японскому языку,Репетитор по японскому языку,Репетитор по японскому языку,Репетитор по японскому языку онлайн,Репетитор по японскому языку
sV0vCj9IR40JKokW,покраска металлоконструкции,,Порошковая покраска металлоконструкций,Безвоздушная Покраска металлоконструкций,Покраска металлоконструкций,Покраска металлоконструкций,"Ворота, навесы, заборы. Покраска ворот"
BGdcFIbENgBxrNin,изготовление наклеек на автомобили,Вид услуги,Изготовление наклеек на автомобили,Наклейки рекламные наклейки изготовление наклеек,"Наклейки, таблички, вывески, баннеры, световые кор","Наклейки на авто, рекламные",Наклейки на авто
XdZzPwlDXPk8XhOs,реклама на тентах,,"Реклама на тенте, тент с печатью. Брендирование",Реклама на прицепах. Реклама на Газелях,Тент на газель. Тент с рекламой,Уф Печать рекламы на баннере плёнке Тенте,Реклама на газелях. Реклама на прицепах
LGQcG5Li2VOb0QAe,ремонт уличных гирлянд,,Ремонт уличных гирлянд,"Монтаж гирлянд,установка гирлянды, гибкий неон","Новогодняя подсветка домов, зданий и прилегающих т",Украшение домов гирляндами / контурная подсветка,"Электромонтаж, освещение и электрощиты, гарантия"
mNB2sjQ8gpUylcZb,услуги фотогрофа,,Переоборудования авто регистрация в гибдд под ключ,Услуги парикмахера,"Фото на паспорт и документы онлайн, ретушь","Марокканский, миофасциальный массаж лица",Услуги сварщика. Гарантия. Любая сложность
vEecRGnr4dBtTvew,капкейк на гендер пати,Тип услуги Другое Вид услуги Доставка еды и продуктов,Торты на заказ Свадебные Детские Бенто Капкейки,Торты на заказ,Бенто-торт / Торт на заказ / Капкейки,Озвучка текста детским голосом для гендер пати,Капкейки на заказ
afMHhvlmh9kVDvol,замена фасадов кухни,Тип услуги Сборка и ремонт мебели Вид услуги Ремонт и отделка,Изготовление корпусной мебели,"Реставрация, замена фасадов кухни, столешниц","Сборка, разборка, установка мебели, кухни",Замена пленки на фасадах кухонной мебели,"Перетяжка фасадов кухни, Обновление фасадов"
W8y96IVYxHUH1aMu,альпинист монтажник,,Промышленный альпинист. Высотник. монтажник,Промышленный альпинист,"Промышленный альпинист, монтажник",Промышленный альпинист (Высотник-Монтажник),Промышленный альпинист (монтажник-высотник)
vSvU48u9udF9Zqld,настройка спутникового тв,,Антенной мастер.Установка и ремонт тв антенн г.Бор,"Установка Триколор, МТС тв, НТВ+",Установка и ремонт спутниковых и эфирных антенн,Прошивка приставок ростелеком,Ремонт телевизоров / Ремонт тв / Диагностика
mp9qF7Vn8SaFd5Wg,3д сканирование 3d моделирование,"Вид услуги Оборудование, производство",3D сканирование и моделирование,Серийная 3Д печать/ моделирование/ сканирование,3D-сканирование / 3D-моделирование / 3D-печать/ 3Д,"3D-моделирование, 3Д сканирование",3D / 3Д печать / Моделирование / Сканирование
Lc0NrUfipOSlj7MB,преподаватель вокала,"Тип услуги Дизайн, рисование Вид услуги Обучение, курсы",Вокал классический для детей,"Преподаватель по вокалу, онлайн",Уроки вокала,"Частные уроки музыки (вокал, гитара, фортепиано)",Вокал для детей и взрослых 5+
DE0HQILPPIkBcQmn,аренда прокат торцовочной пилы 305 мм,,Аренда торцовочной пилы (255-305 мм),Аренда торцовочной пилы (255-305 мм),Аренда (прокат) Торцовочная пила с протяжкой metab,"Аренда торцовочной пилы 305мм профессиональной - организациям, оплата по счету, акт","Аренда, прокат Торцовочной пилы Metabo KS 305"
2Hu1w7svH3YcHIZw,аренда зала для пилатеса,,Почасовая Аренда зала Пилатес на оборудовании,"Аренда зала для йоги, пилатеса, фитнеса",Аренда спортивного зала,"Аренда спорт зала, фитнес коворкинг",Почасовая аренда зала Студия растяжки Йога
mHsBdrEeL1YGiifw,обучение маркетингу,,Обучение маркетингу с нуля и оффер под ключ,Обучение маркетингу с нуля и оффер под ключ,Обучение маркетингу с нуля и оффер под ключ,Обучение маркетингу с нуля и оффер под ключ,Обучение маркетингу с нуля и оффер под ключ
l9S3YLmISBxKQ811,баня на воде,,Баня на воде. Дом на воде. Хаусбот.отдых на реке,Русская баня на воде(баня на дровах),Баня на дровах,"Баня бочка, купель, джакузи, аренда",Баня на воде Островок
MKM41eLm0AcmG70x,онлайн занятия в зале,Вид услуги,Фитнес тренер,Фитнес-тренер: Зал / Онлайн / Выезд,"Персональный фитнес тренер,Балашиха","Онлайн ведение по фитнесу, тренировки",Аренда залов для танцев и мероприятий
L8E84v822TFeGY0H,скупка бу телевизоров,,Оценка скупка мебели имущества бу,Выкуп и скупка офисной мебели бу,Скупка офисной мебели бу,Ремонт Скупка телевизоров,Выкуп и скупка офисной мебели бу
ngR2fa97GnZDxNiV,дом с чаном для компании,,"Отдых на природе с чаном,квадроциклами, сапы",Отдых с чаном у леса,Дом для Отдыха с Чаном и Баней,Баня с панорамный окном/ мангалом/ и банным чаном,Отдых на природе
7I1O9lFKUtqizUGu,сурдолог детский,"Вид услуги Обучение, курсы",Детский логопед,Обучение массажу,Подготовка детей к школе,"Детский логопед, логопед для взрослых","Подготовка к школе,репетитор начальных классов"
8Bi0DrYNh1wca9NM,печать на самоклеющейся бумаге,,Печать на сахарной и вафельной бумаге (съедобная),Пищевая печать на сахарной бумаге и мастике,"Имбирные пряники,печать на сахарной бумаге",Печать на плотной сахарной бумаге (съедобная),Пищевая печать на сахарной бумаге
TCng6CyeP1fQkikj,ремонт механизма диванов на дому,Тип услуги Сборка и ремонт мебели Вид услуги Ремонт и отделка,Ремонт и перетяжка мебели на дому у заказчика,Замена наполнения и ремонт дивана,Мужчина на час,Перетяжка и ремонт офисных кресел,"Ремонт мягкой мебели,кроватей на дому"
cP3L8FUumryfzbgZ,выкуп шин бу дисков и колес,,Выкуп/скупка бу шин дисков колес резины покрышек,"Выкуп бу шин, литых дисков, колес в сборе",Скупка шин и колес бу дисков бу,Выкуп бу шин и дисков быстро,Выкуп бу шин и дисков
JaLkd2BSwzYNBhrc,услуги грузчика,Вид услуги Грузоперевозки,Грузчики переезды частник грузоперевозки,Переезды грузоперевозки грузчики газель,"Грузоперевозки/Офисный, Квартирный переезд/Грузчик",Грузоперевозки,Грузоперевозки
CTCsMroZaSu4ckUL,удаление кустов на участке,,"Покос травы триммером, спил деревьев",Удаление пней/Расчистка участка/Спил деревьев,Расчистка участка под ключ,"Расчистка участка, спил деревьев,Мульчер",Расчистка участка под ключ Удаление деревьев
j1NVJwVYmOhgI7er,циклевка паркета и покрытие,,Циклевка паркета без пыли,Циклевка паркета/Шлифовка паркета/Шлифовка фанеры,Циклевка паркета и покрытие лаком,"Циклевка паркета, шлифовка паркета и ремонт",Реставрарация паркета под ключ
2UO1eJVYIg7siTTU,обучение ювелир,,Ювелир,Ювелир. Ювелирная мастерская,Ювелир. Есенина Полина,"Ювелир-художник, эксклюзивные украшения, миниатюра",Ювелир. Без Предоплаты
rSEqvyYQVz2uMIi0,ремонт электроплит de luxe,,"Ремонт электроплит, духовок","Ремонт электроплит, вытяжек на дому",Ремонт электроплит Варочной панели Холодильников,Ремонт электроплит Варочной панели Холодильников,Ремонт электроплит Варочной панели Холодильников
NaXbY2cgH1rf78eW,услуги мини экскаватора копка,"Тип услуги Земляные работы Вид услуги Сад, благоустройство",Услуги мини экскаватора копка земляные работы,Копка траншеи мини траншеекопатель,Услуги мини экскаватора и погрузчика,Услуги мини экскаватора,Услуги мини экскаватора
I08oOoFTjC07Vrta,психолог онлайн пси0оанализ,,Психолог Онлайн / Семейный Психолог / Опыт 7+ Лет,Психолог онлайн консультация,Бережный психолог онлайн,Психолог онлайн,"Психолог, онлайн-консультации"
72ID93TIbr6RJRwC,помочь с документами,,Помощь с проблемными банковскими справками шенген,"Помогу с поступлением, переводом и сессией","Оформление ветеринарных сертификатов, титры",Междунар. вет паспорт и титры на антитела бешества,Перевод документов и заверение
KcUApvvArgncpVqF,домик на двоих с чаном,Вид услуги,"Баня, банный чан, бассейн",Романтический вечер на двоих,Дом с баней и чаном для двоих,Аренда домика с чаном и баня на дровах/3,Дом-Баня на дровах с Чаном
74DmY0A1o4EsvnZb,микроавтобус в аренду,Вид услуги Пассажирские перевозки,Пассажирские перевозки микроавтобус во Владимире,Трансфер в аэропорт,Сиденья в автобус,Пассажирские перевозки,Пассажирские перевозки минивен
lkI1TrBRV0F5HAA3,организатор свадеб,"Вид услуги Праздники, мероприятия",Организатор мероприятий свадебный организатор,Организатор/координатор мероприятий,Свадебный организатор Воронеж Координатор,Координатор/организатор на свадьбу,Свадебный организатор и координатор
YOotvlGmUS11puI1,компьютерный мастер на дом,Тип услуги Компьютеры Вид услуги Компьютерная помощь,Компьютерный мастер на дом Ремонт компьютеров и ноутбуков Установка Windows и программ,Компьютерный мастер / Ремонт ноутбуков,Компьютерный мастер с выездом на дом в офис,"Ремонт компьютеров на дому, компьютерный мастер",Ремонт компьютеров и ноутбуков в Симферополе. Честный компьютерный мастер. Чеки
D2Fbi2s3K9IRAd7p,монтаж газового оборудования,,Монтаж газового котла и котельных под ключ,"Ремонт и обслуживание газовых,дизельных котлов",Услуги газовщика,"Ремонт газовых колонок,плит и котлов",Газификация дома
QJKKsgfAHz4ApWkp,фотосъемка,Вид услуги Фото- и видеосъёмка,"Фотосъемка, видеосъёмка, создание сайтов","Услуги фотографа, видеографа",Фотограф Видеооператор Фотосъёмка Видеосъёмка,Видеосъёмка Фотосъёмка свадьбы аэросьемка монтаж,Фотосъемка
fjh6ggR3EeCB7pnH,надувной костюм прокат,,"Костюм надувной ""Сумоиста""",Надувной костюм крысы 3 шт.(Прокат),Аренда костюмов крыс на рост 160-190,"Надувной костюм аренда, динозавр, лягушка, сердце",Костюм акулы надувной
8b6coroACow8YZle,полимерное покрытие,Тип услуги Полы и напольные покрытия Вид услуги Ремонт и отделка,Полимерные / Эпоксидные полы,"Полимерный наливной пол, эпоксидный пол, 3Д пол","Полимерные полы (полиуретановые, эпоксидные-наливн",Покрытие каменный ковер под ключ,"Наливные полы (полиуретановые, эпоксидные)"
mnyWofWVg9x9R24J,оренбург соль илецк ларгус,,"Казань -Оренбург, Казань-Соль-Илецк/такси/транфер",Такси межгород. Область Россия,Пассажирские и грузоперевозки на Ларгус 7 мест,Москва - Оренбург такси Оренбург - Москва,Такси Оренбург-Москва-Оренбург
V8TQrcqillO4OaR5,куплю отходы пнд трубы,,Прием отходы пнд трубы,Отходы пнд труб,Прием отходы пнд трубы,Прием отходы пнд трубы,Прием отходов пнд трубы
QfQnmkmDPxoxC7vm,газель пасажирский,,Услуги эвакуатора 24/7.Город-межгород.Магистраль,Грузоперевозки газель услуги грузчиков переезды,Грузоперевозки газель грузчики,"Задние подкрылки газель 2705, газель 3221",Грузоперевозки город межгород с грузчиками 24/7
F68tCBeu272KpINg,рекламные наклейки на окна,,"Печать виниловых наклеек. Оклейка витрин,окон",Наклейки виниловые (плоттерная резка),"Плоттерная резка, наклейки на авто,витрины,стекла",Оклейка рекламная авто и витрин пленкой,Наклейки на машину
UD3gFrtYiNhyF6cx,надувные шарики,,Надувные шары,Надувная ёлка,"Костюм надувной ""Сумоиста""","Надувной костюм аренда, динозавр, лягушка, сердце",Костюм акулы надувной
L2oHTRNZHcN5LBlu,изготовление лестниц на заказ,Вид услуги Строительство,Изготовление лестниц и ограждений,Изготовление бетонных лестниц,Изготовление лестницы на заказ в дом,Изготовление лестниц из массива. Частный мастер,Монолитные лестницы из бетона и из дерева
Bi20aB0YiaoLDCE1,слесарь сварщик,Тип услуги Сантехника Вид услуги Ремонт и отделка,Сантехник услуги сантехника слесарь,Сантехник услуги сантехника слесарь,Сантехник Услуги сантехника Слесарь,Сантехник услуги сантехника Слесарь,Услуги сантехника Сантехник Слесарь
mvHvJsJHFw71muCl,графический дизайн,,"Графический дизайнер, Логотип, Баннер, Листовки",Графический дизайнер Дизайн упаковки Этикетки,Графический дизайн,Графический дизайн,Фотошоп услуги / Вектор / PDF / Графический дизайн
klv5YlGW43oBT16j,фотосессия на 2 года,,"Фотосессия на первый годик (1, 2, 3, 4, 5 года)",Фотограф на годик,"Детская фотосессия в студии на год, два, 6-9 мес","Детская фотосессия на 1 годик, 2-3 года под ключ",Фотосессия в винтажном платье
5aMsd8EEcl5kMFlp,установка чугунной печки,,Промывка радиатора печки без снятия,Скупка котлов,"Установка тв и антенн, настройка триколор",Установка и подключение посудомоечной машины,Установка дополнительного оборудования на авто
k4L3DV30L8kJHllB,курсы массажа с 0,,Курсы массажа. Обучение с нуля,"Обучающий курс техникам массажа с ""нуля """,Массаж эндо 360,Массаж,Массаж Сфера Похудение Коррекция фигуры
DyYPhrhkED9eU9ui,заправка балона гелием,,Заправка Гелия в баллон 40л(балон на обмен),Заправка балона гелием,"Заправка портативных баллонов гелием, гелий баллон",Гелий Балон 10 литров / Гелий для шаров,"Заправка балонов углекислота,аргон, смеси,ксенон"
uLKKrqym2GXaAlVm,грузовая машина перевозка мебели,Вид услуги Грузоперевозки,Грузоперевозки Пушкино/услуги грузчиков,"Грузовое такси,переезды,экспедиторские услуги",Грузоперевозки. Переезды. Грузотакси перевозки,Грузоперевозки,Грузоперевозки/Газель/Грузчики
evjGtxMbozxq8xk9,привезу авто из японии,,Авто под заказ из Японии,Авто из Китая и Японии под заказ,"Привезу авто на заказ из Китая, Кореи, Японии","Привезем авто из Китая, Кореи, Японии,Америки","Пригоню авто с востока/ авто из Японии, Китая"
rtMlbXx4AJLw6jSO,вывоз строительного мусора из квартиры,Вид услуги Вывоз мусора и вторсырья,Вывоз строительного мусора,Вывоз строительного мусора с грузчиками,Вывоз мусора с грузчиками,Вывоз мусора Вывоз строительного мусора,Вывоз строительного мусора и демонтаж
1SZe0CwIaqpnHckS,помещение для свадьбы,"Вид услуги Праздники, мероприятия",Оформление пикника / Сервировка стола,Ведущий / Ведущая / Свадьба/ Юбилей/ Корпоратив,Декоратор,"Ведущий/тамада на свадьбу, корпоратив, юбилей и вы",Аренда Лофта для праздника
mPlqXwxPHCI98jfU,монтажник вентиляции,,Монтаж вентиляции под ключ Частные дома и бизнес,Приточно-вытяжная вентиляция с монтажом,Монтаж систем вентиляции,Монтаж систем вентиляции,Проектирование вентиляции овик. Хоть монтируй сам
lE38vxR8ZLjltghE,уроки английского онлайн частный исполнирель,,Английский онлайн в паре для детей и взрослых,Английский и французский язык,Репетитор по английскому языку ОГЭ ЕГЭ,Репетитор по английскому языку онлайн,Репетитор английского языка онлайн
F4vSb7R0DXzmKXU9,монтаж силового каркаса,,Монтаж силового каркаса дома,Силовой каркас дома,Строительство силового каркаса под отделку,Монтаж металлоконструкций,Монтаж сэндвич панелей
4P41alOcv8cvJytt,аренда стульев для кемпинга,,"Аренда туристической палатки(2-х, 3-х,4-х мест)","Чехлы на любые стулья (в аренду), банты, юбки",Аренда стульев кьявари феникс,"Аренда мебели стола,стульев","Стулья Кьявари, Диамант для мероприятий аренда"
L08i9AKy8Yths6Hj,избавление от мышей в квартире,,Дератизация - уничтожим крыс и мышей быстро,Дератизация уничтожение крыс мышей Гарантия,Антицеллюлитный массаж,Обработка от клещей Уничтожение Тараканов Клопов,Уничтожение тараканов клопов блох муравьев мышей
KdMTGR2ws08u0I8T,наращивание ресниц за час,"Тип услуги Ресницы, брови Вид услуги Красота, здоровье",Наращивание ресниц,Наращивание ресниц,Наращивание ресниц 80 мин LED наращивание,Наращивание ресниц,Наращивание ресниц
hNOJbJbRFnpdHzf9,натяжные потолки в ванной,,Слив воды. Натяжные потолки,Натяжные потолки от производителя,Натяжные потолки в Тамбов и области,Натяжные потолки,Монтаж натяжных потолков
7AwTmWP4zE7cUf1p,youtube на телевизоре,,Починю ваш Youtube на Android tv,YouTube Premium без подписок навсегда,Настройка 5000 тв каналов на андроид тв приставку,"Установка онлайн кинотеатра Samsung, LG,Xiaomi",Настройка и прошивка Android TV приставок
Abr4YcJmCSHXDBH5,аренда трамбовки 300кг,"Вид услуги Оборудование, производство",Аренда профессиональной кофемашины,Прокат аренда генератора,Прокат Аренда Инструментов,Аренда дизельного компрессора. Отбойные молотки,Тяжелая виброплита Wacker Neuson (520кг) в аренду
OkNVnbLqMxM4yu6E,мастерская по ремонту стиральных машин,,Ремонт стиральных и сушильных машин на дому,Ремонт стиральных и посудомоечных машин,Ремонт стиральных машин,Ремонт стиральных машины - Быстрый выезд,Ремонт посудомоечных И стиральных машин
uiB8I4MyBij9f0j4,холодная плазма века,,Холодная плазма аппарат для блефаропластики,Холодная плазма лица,Косметолог/Холодная плазма (омоложение и подтяжка),"Холодная плазма: омоложение, лифтинг лица и тела",Аппарат плазменного омоложения холодная плазма
fTSAz73vTmOstmzy,убрать тревогу подросток,,"Психолог кпт. Уберу тревогу, панические атаки",Когнитивно-поведенческая терапия для подростков,"Дпдг (emdr), уберу тревогу, бессонницу, птср",Психолог онлайн,Психолог по работе со взрослыми и подростками
roeuXypSjPNyDlTi,ремонт роботов пылесосов roborock,,"Ремонт роботов пылесосов Xiaomi, Dreame, Roborock","Ремонт роботов-пылесосов Xiaomi, Dreame, Roborock","Ремонт роботов пылесосов roborock, dreame, xiaomi",Ремонт роботов-пылесосов Xiaomi/Roborock/Dreame,Установка русской озвучки роботов пылесосов Xiaomi
dlDRDDuQRpK2QMvo,открытие дверей квартиры,Тип услуги Вид услуги Ремонт и отделка,Вскрытие замков / вскрытие сейфов,"Вскрытие, Замена, Ремонт замков / Круглосуточно 24","Вскрытие машин,дверей,замков",Вскрытие замков без повреждений,Вскрытие замков / Замена замков / Ремонт замков
YFkIhQ8DJd3N4eet,проектирование электрики,Тип услуги Электрика Участие в пилоте CPL Вид услуги Ремонт и отделка,Монтаж электрики под ключ. Гарантия,Проект Проектировщик Проектирование Согласование,Электрика под ключ/Электромонтаж/Электрик,Проект Электрики Коттеджа за 3 дня,"Проект электрики, проектирование электроснабжения"
npt43pumHHYjlea4,изготовление ключей volkswagen,,Изготовление ключей Volkswagen,Изготовление ключей и авто-ключей,"Изготовление ключей, Заточка ножейинструмента",Изготовление автомобильных ключей,"Изготовление ключей зажигания, программирование"
EozP2RuVuyJIB3Jh,частные занятия по хореографии или балету,,"Педагог по хореографии, танцам, гимнастике",Танцы (каверденс),Хореограф,Пилатес на реформере,Индивидуальные занятия по K-POP
dCKFmtH1Bgk54xr9,электромонтаж услуги,,Электромонтаж любой сложности,Услуги электрика электромонтаж,Электрик Электромонтаж,Услуги электрика,Демонтажные работы
fBaMCtI0BCLFguV3,психологическая помощь,,Психологическая и эмоциональная помощь и поддержка,Психолог Гипноз Психологическая помощь,"Психолог, консультация психолога",Психолог / психологическая консультация,Психолог
ZVd011m6Wn4sqzT7,грузоперевозки 6м,Вид услуги Грузоперевозки,"Грузоперевозки 4вд, доставка грузов","Грузоперевозки 1,5 тонны","Услуги кран-борта Стрелла 7т; 22м. Борт 15т; 9,6м","Грузоперевозки от 5, 25, 50 тонн фура, реф, трал",Грузоперевозки
L1972e14fdr8qy4q,сиделка калининский район челябинск,"Вид услуги Няни, сиделки",Сиделка без проживания,Сиделка,Сиделка,Сиделки с проживанием.почасовые,Сиделка Челябинск. Гарантия безопасности сделки
FL8WXRgSNHGDGByb,ремонт ванной акрилом,Тип услуги Сантехника Вид услуги Ремонт и отделка,"Мастер на час всех ремонтных работ,квартир и домов",Реставрация ванн жидким акрилом в москве,Реставрация ванн жидким акрилом и мрамором,Частный мастер муж на час сантехника И ремонт,"Реставрация ванн: жидким акрилом, мрамором, эмалью"
XMipijTSLCUOLa0d,шумоизоляция потолка,Вид услуги Ремонт и отделка,Звукоизоляция / шумоизоляция помещений под ключ,"Шумоизоляция пола, стен и потолка",Звукоизоляция / шумоизоляция помещений под ключ,"Шумоизоляция стен, потолков, пола",Шумоизоляция квартир. Изоляция пола стен и потолка
Eq7C25QMXnOfcGu8,замена канализационных труб в квартире,Тип услуги Сантехника Вид услуги Ремонт и отделка,Водопровод и канализация,Сантехник Отопление Водоснабжение,Водопровод и канализация наружняя сантехника,Монтаж канализационных и водяных труб,Прочистка засоров труб канализации
C43b3fwPOiSj9cyr,индивидуальные тренировки фитнес,,Персональный фитнес-тренер/тренер по Боксу,Личный фитнес тренер,Персональный тренер по фитнесу,Персональный фитнес тренер,"Фитнес-тренер онлайн,план трансформации за 30 дней"
KA44rwz3poaerZWW,замена набойки,,"Ремонт обуви, сумок, чемоданов","Набойки, профилактика, накаты, врезы",Ремонт обуви,"Ремонт обуви , профилактика, набойки",Ремонт обуви
q2Vo4p4vTa4VVtqn,частный master по поклейке обоев,,Поклейка обоев. Малярный работы,Поклейка обоев за один день. Опыт 15 лет,Поклейка обоев,Маляр Поклейка обоев Покраска стен,Поклейка обоев За один день
e8Qev07EA3ONCEzF,кондиционер обслуживание,,"Обслуживание кондиционеров, монтаж-демонтаж, ремон",Обслуживание ремонт кондиционеров,"Установка, обслуживание кондиционеров, вентиляции",Обслуживание Сплит систем,Ремонт/обслуживание кондиционеров
lTVCnXbzqdZQNGD5,кикбоксинг женский,"Вид услуги Обучение, курсы",Тренировки по кикбоксингу К-1,"Тренировки по тайскому боксу, кикбоксинг, бокс","Тренер по Боксу, Кикбоксингу, Тайскому боксу",Тренер по тайскому боксу кикбоксингу,Клуб тайского бокса и кикбоксинга «thor»
yld9nsMFmDIL0xhq,светлая долина,,"Грумер(шпиц-студия в ЖК ""Светлая Долина""","Логопед ЖК Светлая Долина, Весна, Константиновка",Логопед,Подготовка детей к школе ЖК Светлая Долина,"Ботокс/кератин (Константиновка, Светлая Долина)"
OdEmVtk4t7OELx5W,ремонт электросчетчиков,,Обслуживание и ремонт электросчетчиков,Электрик Видное,Электрик. Электромонтажные работы. Электромонтёр,Услуги электрика под ключ,Услуги электрика выезд на дом
bwVJIYEdtWgW3BNE,услуга положить линолеум,,Укладка линолеума.Сварка швов.Монтаж плинтусов,"Укладка настил линолеума, спортивного покрытия",Укладка линолеума Красноярск Ремонт Сварка,Постелю линолеум. Сделаю плинтуса,"Укладка ламината, кварцвинила, линолеума"
cM9JOkOQkHEn5DML,работа в такси без стажа,,Аренда Volkswagen bora для работы в такси,Аренда Авто для работы в Такси без залога,Аренда автомобиля для работы в такси,Аренда авто под такси,Аренда под такси в штат компании
0qG6enFRmwT4c5iZ,ведущий на день рождения ребенка,,"Ведущая + диджей на юбилей,корпоратив,свадьбу","Квиз на день рождения, корпоратив, ведущий квиза","Ведущий, тамада на мероприятия","Ведущая на мероприятие с диджеем, аппаратом","Ведущая на свадьбу, юбилей, день рождения"
AP6MYufvHScjddkn,почасовая аренда офиса,,Аренда кабинета,Почасовая Аренда кабинета/ переговорная,Почасовая аренда зала,Почасовая аренда зала,Кабинет психолога в аренду почасовая
0bss99ED1qtFS1Dl,реализация,,"Помощь в реализации предметов старины,обмен",Руководитель проектов по запуску новых производств,Изготовление и реализация строп,Возьмем под реализацию инвалидную коляску,Примем Ваши шины/диски/колеса на реализацию
vHFFSBOHGB5YjwiA,заправка газгольдера доставка газа,,Заправка газгольдера,Заправка газгольдера. Доставка сжиженного газа,"Заправка газгольдеров, доставка газа пропан",Заправка газгольдера,Заправка газгольдера
sSNyc9xQf7GfJp7e,установка рулонных штор,,Установка жалюзи на окна,Жалюзи и рулонные шторы,Мастер на час,"Жалюзи,рулонные шторы.Плиссе.Ремонт окон пвх2026","Жалюзи,рулонные шторы,рольставни"
jB51B6SxaWAku6rC,замена батареи на телефоне huawei,,Замена батареи iPhone Samsung Honor,Замена батареи,Замена батареи Samsung Original от 15 минут,Замена батареи iPhone Original от 15 минут,Быстрый ремонт телефонов — качественно и
UDXTzj7JVChRzvuw,глажка одежды,"Вид услуги Бытовые услуги Тип услуги Химчистка, стирка",Глажка повседневной одежды,Услуги прачечной и химчистки,"Глажка одежды и белья на дому, отпаривание","Химчистка одежды, стирка пуховика. Прачечная","Химчистка, покраска кожи и дублёнок. Озонирование"
BZjqbcWMsXMhtm7t,дезинфекция в мазачкале,,Дезинфекция тараканов,"Удаление уничтожение плесени, грибка, запаха","Уничтожение тараканов, клопов, клещей. Дезинфекция",Обработка участков от клещей; комаров; и т.д,"Уничтожение Тараканов, клопов, блох, крыс и т.д"
XidPLaFO10yMR4fS,3d номера,,3D печать на заказ,Дубликаты номеров / Жирный шрифт,Дубликат гос. номеров,Гос номер любого типа / Глянец / Без флага,"Печать на 3D-принтере, моделирование"
jjNnPJSragcEsFfl,грузчики перевозка холодильник,,Газель Перевозки Грузчики Грузоперевозки,Грузоперевозки,Газель с гидробортом тяжёлые грузы,Скупка вывоз холодильников,"Газели,Грузчики,Переезды"
SQ9NrhWiMF8sm8nn,салон красоты в аренду,,Сдам в аренду кабинет в салоне красоты,Аренда кабинета в салоне красоты,Аренда парикмахерского кресла,Аренда кабинета в салоне красоты,Сдам в аренду рабочее место для мастера маникюра
1RsyqSze4QG2bzFQ,перетяжка игровых кресел,,Перетяжка и ремонт мягкой мебели,Качественная перетяжка мягкой мебели,"Перетяжка, Обивка мягкой мебели изголовья кровати",Перетяжка и реставрация мягкой мебели,Перетяжка мягкой мебели с выездом
CfoqgrneiK8q70cZ,аренда лофта под мероприятие,,Аренда лофта под мероприятия / мастер-классы,"Аренда детского лофта, игровой комнаты для детей","Аренда лофта, коворкинг, праздник под ключ",Лофт помещение для праздников аренда пространства,Аренда лофта с бильярдом караоке и кальяном
0amOVcihAvqi5bZi,выровнить участок,"Тип услуги Земляные работы Вид услуги Сад, благоустройство","Фрезерование почвы, разработка участков",Вспашка земли мини трактором,Услуги минитрактора,"Дренаж участка, водоотведение, планировка",Планировка участка. Выравнивание
OquSZrtq66ThuvxS,организация ствыщая дымоходы с лицензией,,"Проверка, прочистка, выдача актов на дымоходы",Проверка дымохода и вентканала с выдачей акта,Ремонт дымоходов с гарантией 30 лет,Вывоз мусора в Саратове,Изготовление труб сэндвич моно дымоход воздуховод
7YaibsQ9vP1p9Lc6,грузоперевозки кемерово,,Грузоперевозки газель Кемерово нал/безнал,Грузоперевозки по Кемерово - Газель Грузчики,Автовоз Кемерово - Владивосток - Кемерово,Грузоперевозки Газель Грузчики Переезды,Грузоперевозки/Газель/Переезды/Грузчики/Кемерово
7ECm7EDNTNH0LMI3,инвестор в недвижимость,,Частный инвестор недвижимость,выкуп квартир и недвижимости в СПб и ло,Кредит/займ/деньги под залог. Помощь в получении,"Выкуп недвижимости, скупка квартир, комнат","Выкуп недвижимости, квартир, помещений"
uvkYIzxGumfPA63m,бургунди наращивание ресниц ресницы цветные,,Идеальное наращивание ресниц,Наращивание ресниц/LED наращивание,Наращивание ресниц,Наращивание ресниц,Наращивание ресниц
YFXLhkhEsP8I0IGI,бетонирование г благовещенск,,"Благоустройство, бетонирование, асфальтирование","Венки, кремация круглосуточно похороны","Аренда и услуги автокрана, 60 т, 60 м, с гуськом 16 м",Бетонные работы,Заливка бетоном отмостки фундамент
2mYZaYqMUjZ785Py,листвянка экскурсии,,Экскурсия в Листвянку,"Аренда Хивуса-10 на Байкале, в Листвянке",Аренда катера в Листвянки,Экскурсия вдоль кбжд на катере,Однодневные автомобильные экскурсии о. Ольхон
1IEgYc8XWbgBAFT3,клининг-генкральная уборка квартир домов под ключ,,"Уборка квартир,домов в Брянске",Клининг.Уборка квартир и домов,Клининг.Уборка квартир по городу и области,"Клининг уборка квартир и домов, мытьё окон","Клининг, уборка квартир и домов"
XI1EdRgunFQXKbRC,каналопромывочная машина,Тип услуги Сантехника Вид услуги Ремонт и отделка,Услуги мастер на час,Услуги сантехника,Муж на час,Швейный цех/ пошив одежды,"Открыть машину, вскрыть авто, открыть авто"
pHB76owHWoVHOl6J,услуги фотосепаратора,,Услуги фотосепаратора,Очистка фотосепаратором семена и зерно,Услуги по очистке на фотосепараторе,"Услуги зерна, пневмостол, фотосепаратор","Услуги фотосепаратора, очистка с/х продукции"
xLBAN4gyUwLgrV8J,кредит от частного лица,Вид услуги Деловые услуги,Банкротство напрямую от арбитражного управляющего,Освобождение от долгов,Банкротство физических лиц. Списание долгов,Мы освободим тебя от долгов,Банкротство физических лиц под ключ
91KsP0it3IjnRrkW,машина для перевозки мебели,Вид услуги Грузоперевозки,Грузоперевозки газель с грузчиками,Грузоперевозки переезды газель грузчики,Грузоперевозки газель - домашний переезд межгород,Грузоперевозки Газель Город Межгород Переезды,"Грузоперевозки межгород фура 20т, газон 5т газель"
lSvbW2UBIW3g56lf,рыбалка на сахалине речная,,Рыбалка на Сахалине (морская речная),Рыбалка на Сахалине,Речная и морская рыбалка на Сахалине,Лососевая рыбалка на Сахалине,Рыбалка на Сахалине
ueXutz5b69E5nBDh,мужская завивка,"Вид услуги Красота, здоровье",Мужская завивка волос + стрижка,Мужская завивка + стрижка флоу,Мужская химическая завивка и биозавивка волос,Мужская завивка волос и окрашивание волос,"Химическая завивка, карвинг"
wCIP8wp1hsmwNI79,монтаж роликов на ютуб,,Видео монтаж ролика,Видеомонтажер рилс/ютуб/тик ток/шортс,"Монтаж видео - ютуб, подкасты, документальное кино",Тренер по настольному теннису,Создам AI мультфильм по вашим пожеланиям
8VLMxreO7HynO7j1,подолог красноармейский,Вид услуги,Педикюр подолог,Подолог,Подолог Кировский район,Подолог,Подолог
un9rG7sdTC9ski7f,нотариус брачный договор,Вид услуги Деловые услуги Тип услуги Юридические услуги,Юрист/семейные споры/алименты/раздел имущества,Юрист,Юрист по договорам. Составление договоров,Риэлтор. Юридическое сопровождение сделок,"Юрист иски, суд, договоры, жалобы"
k5Vl9OBO9Gogl4Hc,стрижка и биозавивка,,Стрижки окрашивание химия аиртач биозавивка,"Парикмахер,маникюр","Химическая завивка, карвинг, био",Парикмахерская на дому,"Биозавивка волос, химическая завивка,карвинг"
96CfxbftGCN1WdNL,услуги сборка мебели спб приморском районе,Вид услуги Ремонт и отделка,Мастер/Муж на час/Сборка мебели- частник,Переезды грузчики/Грузоперевозки грузчики,Грузоперевозки переезды гидроборт межгород,Сборка мебли любой сложности,Мастер на час
2yg6fcKEbewGN9yd,прически и макияж на дому,"Услуга Макияж и создание причёски Услуга Онлайн-запись Тип услуги Макияж Вид услуги Красота, здоровье","Макияж, причёски, визажист-стилист",Визажист Макияж и прическа (студия/выезд),Макияж и прическа/Визажист,Макияж и прическа,Стилист по причёскам и макияжу
leL7jyhE6ASz8rKh,ремонт  пк,,Ремонт Компьютеров \ Ноутбуков \ Сборка пк,Ремонт телефонов \ планшетов \ пк \ ноутбуков,"Обмен,ремонт.Кпп.Амкодор.Металлообработка.Заказ","Ремонт Компьютеров и ноутбуков,сборка пк",Ремонт пк
WekNRFeDt5T4MK8l,монтаж сайдинга фасадных панелей,,Фасадные работы монтаж сайдинга фасадных панелей,"Фасадные работы, утепление, сайдинг, панели",Фасадные работы Сайдинг Панели Блок-Хаус Отделка,Фасадные работы Сайдинг Панели Блок-Хаус Отделка,Фасадные работы Сайдинг Панели Блок-Хаус Отделка
8N7jregAuIobJ0Fq,исправление губ,,"Увеличение губ, косметология","Перманентный макияж, татуаж, ПМ",Перманентный макияж и обучение,"Увеличение губ, скул, подбородка 1 мл",Увеличение губ / контурная пластика
Wo6t6UxHZGNyGBST,услуги швеи пошив игрушки,,Услуги швеи на дому,Швея на дому. Пошив,Швея На Дому,Швея на дому,Швея на дому
1fnqyXHal7zg1THv,триммер бензиновый на прокат,"Вид услуги Оборудование, производство","Каток для газона,аренда",Прокат эндуро в Старом Осколе,Бензиновый копер Messer JH-70 аренда,Аренда инструмента,Аренда мотоблока культиватора
17J6Sa3sKh1SDksu,грузчики вынос мусора,"Вид услуги Грузчики, складские услуги",Грузоперевозки (грузчики ) подача за 1ч,"Грузчики, складские услуги",Грузчики,Грузчики на час разнорабочие,"Грузчики, переезды, вывоз мусора"
A4SFmB3JdEBmvxfl,платье на заказ,Чем вы занимаетесь Ремонт и пошив одежды Вид услуги Бытовые услуги Тип услуги Пошив и ремонт одежды,"Швея, пошив и ремонт одежды любой сложности",Пошив мусульманские и восточные одежды на дому,Пошив свадебного платья ремонт,Массовый пошив одежды,Пошив/ремонт одежды
UmTYN6WTwjij011C,пирожные домашние,Тип услуги Доставка готовой еды Вид услуги Доставка еды и продуктов,Домашняя еда,Домашний Медовик и Наполеон,Домашняя выпечка и еда на заказ Москва,Приготовление домашней еды,Домашняя еда на заказ с доставкой
cMDPsQahNzS0Msxn,спил деревьев в ростове алексей,,Расчистка участка / спил деревьев / обрезка,Спил деревьев вывоз и уборка участка Демонтаж,Спил деревьев любой сложности/ щепорез,"Спил деревьев, выкорчевывание пней","Спил дерева, удаления пня, измельчение, расчитска"
EL1Q1jsNXONXSwny,восстановление айфон от мошенников,,Разблокировка iPhone после мошенников,Разблокировка iPhone после мошенников,"Разблокировка iPhone (iPad,Mac) после мошенников",Разблокировка iPhone (iPad/Mac) после мошенников,Разблокировка Apple iPhone icloud после мошенников
zRbOuJKZw99H26tx,натуральный перманент,,"Натуральный перманент бровей, волоски",Модель на перманентный макияж бровей,Натуральный перманент Татуаж Перекрытие Некрасовка,"Перманент за 1,5 часа натурально",Перманент глаз
MMOnugQNx8qSoZzD,уложить брусчатку тротуарную плитку,,"Укладка тротуарной плитки, брусчатки","Укладка тротуарной плитки, брусчатки",Укладка тротуарной плитки брусчатки бордюров,Укладка брусчатки и тротуарной плитки под ключ,Укладка тротуарной плитки брусчатки
4CXxD9FVnSrQfpbl,услуги токаря,"Вид услуги Оборудование, производство",Токарь Токарные-Фрезерные работы,Токарь,Токарно фрезерные работы. Токарь,Токарь-частник. Токарные работы,Токарь/Токарные/Фрезерные/Эрозия
75S91x0obm993Ppg,настройка vr шлема,Тип услуги Игровые приставки Вид услуги Компьютерная помощь,"Настройка Oculus Quest 2,3,3s VR шлем","Настройка VR шлема. Активация Окулус Квест 2,3,3s","Настройка VR шлема Окулус Квест 2,3,3s","Настройка VR очков. Окулус Квест 2,3,3s",Активация Обновление Oculus Quest 2 3 3s
8KcjQUlgpTbPx58V,установка заборов под ключ,,Заборы из профнастила / Установка заборов под ключ,Заборы из профнастила / установка заборов,3 д забор установка Забор сетка рабица,Монтаж забора под ключ / Заборы под ключ,Установка заборов под ключ
BZ887bcbRRhgftRw,экзамены в гибдд помощь в получении прав,,"Преподаватель пдд, сдать экзамен в гибдд, права","Юрист по лишению прав, Юрист дтп, Помощь в гибдд",Юрист дтп / Лишение прав,Автоюрист,Регистрация автомобиля в гибдд
nDAGp8HHywWJDO0q,лофт для мероприятий,,Аренда Лофта для мероприятий Бильярд Караоке Xbox,Аренда Лофт с Караоке под Мероприятие Банкет loft,Аренда лофта для вечеринки,"Лофт с кухней, караоке и без ограничений по шуму",Аренда лофта под мероприятия
kZwgYYE9zYrlek44,сварка батарей ремонт,,"Замена батарей отопления, сварка",Замена радиаторов отопления/ сварка/ Тольятти,Сварка аргоном.сварка полуавтоматом.пайка,"Сварка аргоном, сварка полуавтоматом","Кузовной ремонт, сварка автомобилей, ремонт рамы"
GEHOv0en9CMurPR2,шпунт ларсена,,Аренда шпунта ларсена,"Аренда, выкуп шпунта ларсена",Выкуп шпунта ларсена,Демонтаж и извлечение шпунта Ларсена под ключ,"Шпунтовое ограждение Шпунт Ларсена, монтаж"
VklbDDPqKUpA4okU,восстановение айфона,,Ремонт телефонов iPhone,Выкуп айфонов,Скупка телефоны Айфоны Ремонт телефонов,Программист Телефонов,Скупка телефонов и продажа
0vpPxXy9fcJ8AFAB,ремонт квартиры,,Ремонт квартир,Ремонт квартир под ключ,"Дизайнер интерьера дома, новостройки Ремонт квартир",Ремонт квартир-отделочник,Услуги ремонт квартиры и дачи
Pdl3iIJVLSkfEQsH,баер китай,Вид услуги,Доставка товара из Китая с фабрик на прямую,Выкуп/доставка товаров из сша/Европы/Китая,Доставка из за границы,Байер / Баер Европа Польша выкуп доставка,Байер Eвропа. Баер. Поиск и выкуп тoваpа в Европе
hLBct2ajwo7anCXm,расточка дисков,,"Токарно фрезерные работы, расточка ГБЦ",Расточка тормозных дисков - -притирка клапанов,Услуги токаря,Расточка отверстия в литых дисках под ступицу,"Расточка и наплавка, восстановление отверстий"
CsTQd5WpY1LD28Q5,певец татарский,,Аудиодиски татарских певцов Р.Вагапов И. Шакиров,Автограф Ильгама Шакирова,Грампластинки СССР 50 х годов,Фотография Рашита Вагапова с автографом,Татаржырчысыилхамшакировка
XPIrvMiiejzPiylq,коворкинг по часам с кушеткой,,Аренда кабинетов и рабочих мест под ключ,Аренда кушетки по часам,Кабинет,Аренда минивэна GAK M8 с водителем,Аренда авто с водителем в Екатеринбурге
bLH38BsWz6TyWTO3,обучение проектированию,,Обучение проектированию нвф,"Проектирование, форэскиз,обучение,проекты",Обучение проектированию,"Курсы проектирования вентиляции,кондиционирования",Обучение проектированию в К3-Коттедж
KJFZnEfQKF5RbHUP,установка гаражных ворот,"Тип услуги Ограждения, навесы, рольставни Вид услуги Сад, благоустройство",Ремонт/Обслуживание автоматических ворот,Ремонт автоматических ворот,Ворота Навесы Заборы Теплицы под ключ,Ворота и заборы под ключ в Челябинске,Ремонт уличных ворот
lgFsL6aUkSS5JN89,мототехника из китая,,Услуги привоза товара из Китая / Доставка грузов из Китая,Доставка товаров из Китая. Грузы из Китая под ключ,Карго доставка из Китая под ключ,Оптовый байер в Китае. Полный цикл вэд из Китая,Доставка из Китая с таможенным оформлением от 150 кг
A6tESZDQuwjdmpaK,разбор тимошенко,Тип услуги Принтеры Вид услуги Компьютерная помощь,Ремонт и обслуживание принтеров и переферии,Заправка картриджей. Ремонт принтера,"Заправка картриджей, Ремонт принтеров и мфу",Ремонт принтеров и мфу,"Заправка и ремонт картриджей, принтеров. Ремонт пк"
yEKNGzSN0L32m0Og,аренда дома с банным чаном,,Аренда банного чана на прицепе,Аренда банного чана на прицепе,Посуточная аренда дома с банным чаном,Банный чан на колесах аренда,Аренда бани и Банного чана с мангальной зоной
anSzYYd8vHw1nNdD,аренда авто для перевозки фургон,,Аренда авто микроавтобуса,Автоперевозки Ларгус фургон,Грузоперевозки на фургоне,Аренда авто LADA largus,Грузоперевозки Ларгус фургон / Доставка / Переезды
9t4OItMgGwHVH0i7,фотостудия в аренду на свадьбу,Вид услуги,Фотостудия в аренду,Аренда фотостудии с циклорамой,Selfspace фотостудия автопортрета,Фотограф / фотосессии / фотостудия в аренду,Аренда фотостудии циклорама
AFnqLmlZquYHo3ii,закалка твч установка,,"Термообработка твч — закалка, отпуск и тд",Твч закалка на станке с чпу,"Термообработка, закалка (твч и объёмная)",Термообработка металлов твч(токи высокой частоты),"Термообработка (Объемная закалка, цементация, твч)"
EtCH5tXLMM3PNp1t,парикмахер солнечный,,Парикмахер Стрижки Окрашивания Солнечный,Модель на биозавивку волос,Няня. Солнечный,Детские прически на выпускной,"Окрашивание волос Солнечный (мелирование, аэртач)"
cYNhA289oQ5CZ8CL,мастер класс день рождения,,Детский день рождения / мастер-класс и аниматор,Творческий мастер-класс для детского дня рождения,"Творческие корпоративы, мастер-классы",Выездные Мастер-классы по эпоксидной смоле,Мастер-классы по украшениям из жемчуга и камней
s6urGpgblFetpQry,поставить машину на учет,Вид услуги Деловые услуги,Юридическая помощь в постановке авто на учет,Помощь по постановке авто на учет,"Восстановление/Маркировка vin, шасси, рамы, кузова",Помощь в регистрации автомобиля,Регистрация спецтехники в Гостехнадзоре
Dai1HTXi1l21rL18,пошив игрушек на заказ,Вид услуги Искусство,Пошив мягких игрушек на заказ,Пошив одежды на мягкие игрушки,Мягкие игрушки на заказ пошив игрушек по фото,Мягкие игрушки на заказ. Пошив игрушек по фото,Пошив игрушек на заказ
LzodgGM6XHjbHLQC,навес  из металла,,Навес для авто из металла и поликарбоната,Навесы,Навесы и козырьки,Перила из нержавейки. Перила из нержавеющей стали,Навесы из поликарбоната и металла черпицы под ключ
fkREAfCOkwTbKMXH,юрист в сфере образования,,Юрист - консультант в образовательной сфере,Юрист,Юрист/ Составление исков/ Представительство в суде,Юрист/ Подготовка документов/ Участие в судах,Юрист для инфобизнеса / уведомление в Роскомнадзор
Y2VZcCa9gKGAkk98,фотограф tfp,,Фотограф tfp,Фотосессия TFP,Фотограф,Фотограф,Услуги Фотографа TFP фотосъемка
O3m03owyZXjgmrWd,откачка шамбо,,"Илосос, Откачка шамбо. Разморозка канализации",Откачка Шамбо. Устранить Засор. Илосос. Продувка,"Откачка шамбо, илососные работы,Устранение засоров",Откачка шамбо,Услуги откачка шамбо
edGmwNo2zDyQKCi6,кран борт вездеход,,"Услуги и аренда, Кран борт вездеход, манипулятор","Аренда и услуги манипулятора-вездехода, стрела 7 т, 19 м, борт 6 м",Кран борт манипулятор вездеход,Кран борт вездеход,Кран борт услуги 7 тонн вездеход
ikOZXfbTWfy1UGgp,художник портретист,,Художник на мероприятие event fashion иллюстратор,Художник иллюстратор,"Художник роспись стен, картины на заказ",Художник по росписи стен,Портрет по фото Картина Художник
H6sXfolBieZL7JlP,серфинг,,Аренда серфинг доски,Сапборд аренда прокат,Обучение виндсерфингу,Премиальная аренда яхт и катеров в Геленджике,Ремонт пластиковых окон и дверей
ZmXHu549gcf6rhTz,свайно винтовой фундамент,Тип услуги Фундаментные и бетонные работы Чем вы занимаетесь Фундаментные работы Вид услуги Строительство,Фундамент на винтовых сваях под ключ,Фундаментные и бетонные работы Бригада строителей,Монтаж винтовых свай под ключ,Свайный фундамент под ключ,Фундаментные работы
aGSma6cHfvXHO8YR,изготовление авто ключей,,Авто Ключи,Изготовление автомобильных ключей с чипом,Изготовление автоключей с чипом,Изготовление Домофонных Ключей,"Автомобильные ключи, дубликаты, вскрытие"
1guc0nH9GKcF5YLu,японский язык онлайн,,Репетитор по японскому языку онлайн,Преподаватель японского и английского языка,"Репетитор по японскому языку (онлайн, Серпухов)",Репетитор Японского языка Онлайн,Репетитор по японскому языку онлайн
cU6xKxnoCWKOAdDI,пайка электроники,,Ремонт пайка электроники,"Пайка микросхем,ремонт телефонов, бытовой техники",Выкуп электроники,Пайка,Ремонт бытовой техники телевизоров электроники
zHKW7acPOkntNFf8,ремонт телевизоров энергетик,Тип услуги Телевизоры Вид услуги Ремонт и обслуживание техники,Ремонт телевизоров,Ремонт ЖК телевизоров - быстро и качество,Настройка телевизора / каналов / смарт тв,Ремонт телевизоров,Ремонт ЖК телевизоров на дому. Телемастер. Настройка каналов
s8FZIy9QwhKH1DF9,аренда виброплиты с доставкой электрической,,Аренда электрической виброплиты 80кг,Аренда прокат виброплиты Электрическая виброплита,"Аренда виброплиты 60,90,120,160,300 кг. Бензиновые","Аренда виброплиты 60,90,120,160,300 кг. Бензиновые","Аренда виброплиты 60,90,120,160,300 кг. Бензиновые"
XDYtPMq3qH9h4WYb,индивидуальная фотосессия в студии,Вид услуги Фото- и видеосъёмка,Фотограф,Фотограф,Фотосессия в студии семейная детская свадебная,Фотосессия,Фотограф Свадебный фотограф
D4yTiEVV3F7x1Cer,мастер по обивки дивана,,Перетяжка/обшивка мебели за 1 день,Перетяжка мебели,"Химчистка мебели, дивана, матраса, ковров с сушкой",Реставрация / Перетяжка мебели на заказ / Гарантия,Перетяжка мягкой мебели
5nuJeLptyypb8xTz,курсы электрика с нуля,,Курсы электрика с нуля,Курс практической электрики. С нуля,"Обучение чип тюнингу диагностика, электрика прошив",Очное обучение на электрика \ электромонтажника,Курсы диагностика автомобиля электрика чип тюнинг
jerFmRQ6jdyS8pbm,отучиться на бровиста,,Мастер бровист,Бровист,Ламинирование ресниц Окрашивание бровей,Мастер бровист,Модель на брови
JAp9WWrNPksWTSwt,трансфер туапсе,,"Междугородний трансфер, такси межгород",Трансфер для семьи такси межгород,Трансфер минивен 8 мест,Трансфер такси межгород,Анапа Такси Трансфер Межгород Сочи Краснодар Адлер
SlpAngw7H1HckinL,услуги риелтора,,Услуги Риэлтора,Риелтор юрист покупка/продажа недвижимости,Риелтор,"Римма, риэлтор с опытом",Риэлтор. Юридическое сопровождение сделок
S79iTdWg6KGQKQFH,ведение запуск бесплатный и aвитoлoг рекламы,,Настройка Яндекс Директ. Ведение рекламы,Запуск рекламы у блогеров для WB и Ozon,"Реклама макс, продвижение, ведение","Яндекс Директ. Настройка, ведение. Реклама","SMM,монтаж reels,таргет,контент, ведение соц.сетей"
c07IeZoKxK7wvTuM,аренда кабинета под эпиляцию,,Кабинет в аренду,Аренда кабинета косметолога / массажиста,Аренда кабинета под массаж или другое,Лазерная эпиляция. Шушары Славянка,Аренда кабинета
0yCkMpOBYuXYWjcH,логопед после инсульта,,"Логопед, логопедический массаж, дефектолог",Логопед-дефектолог,"Логопед-дефектолог, запуск речи, логомассаж",Логопед-дефектолог,"Логопед, дефектолог, подготовка к школе"
fhQaQGtZxWH9puTI,ремонт металлического бензобака,,Ремонт бензобака. пропарка,Ремонт топливных баков металлических пластиковых,"Пайка радиаторов, самоваров. Ремонт бензобаков",Вскрытие замков/вскрытие авто/ замена замков,Обшивка утепление сайдингом утепление
QPvsOd6m1aIwALkL,ремонт батарей электровелосипедов,,Ремонт аккумуляторов для электровелосипедов,Ремонт электровелосипедов,Мастерстерская по ремонту Электровелосипедов,Ремонт электросамокатов электровелосипедов,Ремонт электровелосипедов
3YS0szYRZ0xEGaPm,уборка травы,,"Уборка двора, клумб,придомовой территории от травы",Уборка участка,"Покос травы триммером,спил деревьев",Уборка территории на кладбище,Спил деревьев. Расчистка участков. покос травы
lVj2BChflKzgzpGQ,страховые услуги ул песочная 34,,Страхование,Маникюр,Юрист,Ваш страховой и пенсионный консультант,"Автоюрист, помогаем с достойной выплатой после дтп"
cEuZneLHGJx7sKrI,геология,,Геология участка под строительство,Геология. Геология для ИЖС,Геология,Профессиональная геология и геодезия участка Гаран,Геология участка под строительство
ynnk1JUicUuy0ys2,тюмень ремонт сварочного оборудования,,Сварочный аппарат Resanta в аренду,Сварочный аппарат для мембраны meltplast WP-1,"Ремонт сварочных и стабилизаторов ""Ресанта""","Аренда сварочный аппарат, Ирбитский тракт",Зап.части Lincoln.Ремонт сварочного оборуд
AvgdeynZwKWY3Vxz,изготовление и вставка окон,Тип услуги Окна и балконы Вид услуги Ремонт и отделка,Остекление балконов и лоджий,Пвх Окна,"Отделка, остекление балконов и лоджий под ключ",Изготовление и монтажник окон пвх и алюминия,Окна и остекление под ключ в Дмитрове
0VW8hlnBNMU5xegP,депиляция,"Вид услуги Красота, здоровье",Депиляция,Восковая депиляция,Депиляция воском,Депиляция,Депиляция и шугаринг
hePk8QDsDgGocTmp,ремонт котлов даесунг,,Ремонт котлов бытовой и промышленной серии,Ремонт газовых котлов и колонок,Ремонт плат котлов С выездом. Ремонт котлов,Ремонт котлов. Техническое обслуживание котлов,"Ремонт водонагревателей, любых Котлов отопления"
PvYrdlUC7S8Bxnzh,новостройки по семейной ипотеке,,Новостройки. Семейная ипотека,Бесплатный подбор новостроек в Казани,Подбор квартиры в новостройке,Новостройки и дома в Казани по семейной ипотеке,Ипотечный брокер Казань
vXxLXYym5qMSZY5y,цветное наращивание ресниц,"Тип услуги Ресницы, брови Вид услуги Красота, здоровье",Наращивание ресниц,Наращивание ресниц,"Наращивание ресниц, Ламинирование ресницы/брови",Наращивание ресниц,Наращивание ресниц
fTNnwBQeUoEgKgv7,металлолом,Вид услуги Вывоз мусора и вторсырья,Лом вывоз и покупка металлолома,"Вывоз металлолома, вывоз мусора",Прием вывоз металлолома,Прием вывоз металлолома,Приём и вывоз металлолома
40qesi1fyibGOxgc,чистка аквариума на дому м народное ополчение,,Обслуживание аквариумов,Обслуживание чистка аквариумов,Подготовка детей к школе очно м.Народное Ополчение,"Уход за аквариумом, чистка, перезапуск",Чистка аквариумов
IXx02kxYtAXMD7eJ,подарочный сертификат на массаж,,Подарочный сертификат на массаж,Подарочный сертификат на массаж аппаратный/ручной,Подарочный сертификат на массаж в эл.виде,"Подарочный сертификат на лазерную эпиляцию, массаж",Сертификат на массаж
wzDddxDUNHA8AfUc,массаж icoone,,Айкун.Icoone lazer med.Аппаратный массаж,Массаж icoone,Массаж icoone Laser от растяжек и дряблости,Icoone laser / Айкун лазер,Аппаратный массаж Icoone Lazer
UeinPqOb9GWMNeBe,репетитор английского языка онлайн,,Репетитор по английскому языку онлайн для школьников,Репетитор по английскому языку онлайн,Репетитор по английскому языку,Репетитор по английскому / Подготовка к ОГЭ и ЕГЭ,Репетитор по английскому языку онлайн
ZwwmSk8EAtrquNgu,гибка арматуры ручной,"Вид услуги Оборудование, производство",Аренда ручного станка для гибки арматуры,Аренда гибщика арматуры ручного,"Аренда инструмента прокат арматурогиб, трамбовка",Станок для гибки арматуры бу,Арматурогиб аренда в Гатчине
IsvNbCu7xzELmkKY,груминг воронеж советский район,,Зоотакси.Гигиенический Груминг. Экстресс линька,Груминг,Груминг собак и кошек,"Груминг,Стрижка собак, Вычёсывание, Купание",Стрижка собак. Груминг
MiS5dDGrU6eVhhQw,согласование перепланировки под ключ,,Согласование перепланировки. Проект перепланировки,Узаконивание перепланировок,Согласование перепланировки,"Проект Перепланировки, Согласование Проекта",Согласование перепланировки - узаконить перепланир
nIwuWe7LKHvST7Wm,bbl фотоомоложение,"Вид услуги Красота, здоровье",Фотоомоложение BBL,BBL фотоомоложение,"Фотоомоложение BBL, удаление сосудов, пигментации",Фотоомоложение BBL / M22 / lumecca (оригинальный ),"BBL фотоомоложение, убрать пигмент, купероз"
ocIspLkatQvwJxwv,мастер по насосам,Тип услуги Сантехника Вид услуги Ремонт и отделка,"Сантехник,Ремонт канализационных насосов",Услуги сантехника сантехнические работы,Ремонт и обустройство скважины разморозка,"Монтаж отопление, водопровод, сантехник",Промывка систем отопления
1IpFQ9Xhsa6Yhlva,бенто торт и капкейки,Тип услуги Другое Вид услуги Доставка еды и продуктов,Бенто торты и капкейки на заказ,"Бенто, капкейки, торты заказы",Бенто торт / капкейки /наборы бенто и капкейки,Капкейки/бенто торты/ торты на заказ,"Торты, бенто, капкейки, торт в стакане"
Usjmb89IcXdIUu9D,выкуп бу телефонов,,Выкуп телефонов iPhone,"Выкуп скупка ноутбуков, компьютеров, телефонов","Выкуп скупка ноутбуков, компьютеров, телефонов",Скупка/Выкуп телефонов iPhone android пк/ноутбуков,Выкуп телефонов и другой электроники
OQD4TqUanSjBWjfy,убрать траву на участке,,"Уборка на участке,скошу траву. Демонтаж",Скошу траву на участке,"Расчистка Уборка заросшего участка, мульчер",Покос травы любой сложности,"Скошу траву,сухостой,расчистка участка"
KBI7jBLKqk36Q4c1,сгенерировать песню ии,,"Песня на заказ в подарок, стихи, поздравления",Стихи на заказ. Тексты песен,"Песня на заказ, песня в подарок",Песня на заказ / Песня в подарок,Создание видео с помощью нейросети / ии видео под ключ
ryjRd8gKb0Z41tKq,салют,,"Салют фейерверк,бенгальский огонь 40 см,пиротехник",Холодные фонтаны и тяжёлый дым,Ростовая кукла зайка Ляля,"Замена, ремонт сколов и трещин на лобовом стекле",Домашний интернет и телевидение
P1LFoCxc0yQeIYce,ремонт стиральных машин аско,,Ремонт стиральных машин Asko (Аско) выезд мастера,Ремонт стиральных машин на дому,Ремонт стиральных машин на дому,Ремонт стиральных машин и кондиционеров,Ремонт стиральных и посудомоечных машин на дому
whbHpuPn3iOjLbEF,сваршики,,"Утилизирую радиолом,приборы,платы,радиодетали СССР",Страхование,Швейный цех,"Юрист только по земельным делам, недвижимости.суды",Кабинет по часам в центре
damndfrsWWVTVYc6,обучение вокалу взрослым,,Вокал с нуля для взрослых / вокал онлайн,Уроки вокала в Школе-музее музыки LaSea. Взрослые,"Обучение вокалу, фортепиано и синтезатору","Преподаватель вокала, теории музыки, фортепиано","Педагог по вокалу, вокалистка, песня на заказ"
ajIJJ9DR7PFFJ1R9,дом из бревна,,Строительная бригада,Дом 180м² Сруб дома,Дом 140 м² на участке 10 сот.,"Пристройка, терраса, веранда,беседка","Бригада строителей, все виды услуг"
DKp6YGzVwJ8MHOgs,мишка,,Белый мишка поздравление/Ростовые куклы/Медведь,Белый Мишка поздравление/ Ростовая кукла/ Аниматор,Мишка Шэбби ростовая кукла поздравление,Белый Мишка поздравление ростовой медведь аниматор,"Белый Мишка поздравление, Ушастик аниматор"
ApNfpaPi7tFZ8XDK,оштукатуривание и грунтование стен,,Штукатурка стен по маякам под ключ,Поклейка обоев,Шумоизоляция пола квартир,Опалубка для стен в аренду,Аренда (прокат) Шлифовальная машина(жираф)для стен
9rgOZlr8rJ1rhO4s,помощь в подборе автомобиля,,Автоподбор под ключ мо,Автоподбор. Проверка автомобиля перед покупкой,Автоподбор грузовых автомобилей и спецтехники,Автоподбор под ключ. Подбор авто. Автоподборщик,Услуги автоподбора / Автоэксперт
IfNf4reF5HGl1xOd,баня с бассейном и мангальной зоной,"Онлайн-запись Тип услуги СПА-услуги, массаж Вид услуги Красота, здоровье",Баня на дровах с тёплым бассейном,Русская баня на дровах с бассейном,Баня с бассейном и бильярдом,Русская баня на дровах с бассейном круглосуточно,"Аренда бассейна, бани, мангальной зоной"
DL6gVdoi3pS6glhJ,кандидатская диссертация,"Вид услуги Обучение, курсы",Кандидатские диссертации Аспирантура,Кандидатская диссертация Магистерская Докторская,Докторская/кандидатская диссертация оформление,Кандидатские и докторские диссертации,"Магистерская диссертация, кандидатская, докторская"
ZEqNjp194HPuP34k,создам для вас песню,,Песня на заказ в подарок,Создам песню,Создание песни на заказ/авторская песня в подарок,Создам песню на любой случай,Создам песню на любой случай
ZhkWNuKjTsDaC5CK,замена входных замков двери,,Ремонт замена замка ручки на входной двери,"Замена замков, вскрытие замков, вскрытие авто",Замена замков,Вскрытие и ремонт замков замена,Замена замков
WwYQsHAHDRv3cLtR,леса строительные,"Вид услуги Оборудование, производство",Аренда строительных лесов,Аренда строительных (фасадных) лесов,Строительные леса аренда,Строительные леса в аренду Евпатории,Аренда строительных лесов рамных 30м
Yv5hxVkhKIp37w3s,наращивание ногтей западный обход,,"Маникюр, педикюр,Западный обход 42 к 1",Маникюр Западный Обход Краснодар,"Маникюр,наращивание ногтей, креативные ногти","Маникюр, педикюр, наращивание ногтей","Маникюр, педикюр, наращивание ногтей"
AlZQB4Xe1ewhTr20,обшивка кресел стульев,,Ремонт мягкой мебели. Замена пружинных блоков,Аренда складного стола и складных стульев,Перетяжка и ремонт мягкой мебели,"Стол, стул, скамья, шатер аренда/прокат",Качественная перетяжка мягкой мебели
mKKX5eZMH543uMpW,стрижка кошек с записью онлайн,Вид услуги Уход за животными,Стрижка собак и кошек,"Стрижка кошек и собак, вычес. Услуги грумера",Стрижка кошек и собак-услуги Грумминга,Стрижка кошек и собак без наркоза,Стрижка кошек и собак в Тольятти. Грумер
JAeeqnBlh8rGBL6i,электрик выключатель,Тип услуги Электрика Вид услуги Ремонт и отделка,Электрик в Курске и области,Электрик с большим стажем и опытом,Услуги электрика,"Мастер на Час, Сантехник, Электрик, Сборка мебели",Муж на час. Электрик. Установка кондиционеров
Y0OMMLim5LmfJ4vY,установка индукционной плиты,,"Ремонт духовых шкафов, Ремонт плиты","Ремонт варочных панелей, плит,духовых шкафов",Ремонт варочной панели электроплиты шкафа духового,Ремонт варочных панелей Духовых шкафов Электроплит,Ремонт платы генератора Luxstahl
596cSc02bC3ZSv6y,толщиномер в аренду,"Вид услуги Оборудование, производство",Толщиномер в аренду уфа,Толщиномер в аренду,"Профессиональный толщиномер лкп, аренда, прокат",Толщиномер в аренду,Толщиномер Аренда
TQznxYl7hW2DpflA,плинтус напольный,Вид услуги Ремонт и отделка,Монтаж плинтуса,"Ремонт ""под ключ""",Укладка ламината и плинтуса,Укладка ламината плинтуса,Установка напольного плинтуса
pjUGgGgw2A2Pdywa,юрист по кредитным делам,,"Юрист(отмена судебных приказов, кредитные споры)",Банкротство без суда через мфц. Кредитный юрист,"Юрист, Юрист удаленно, Семейный юрист","Юрист только по земельным делам, недвижимости.суды",Юрист по маркетплейсам wildberries
eyYihLVvigEXV44n,кондиционер с установкой,,Непродувающий кондиционер AUX с установкой,"Установка, продажа и ремонт кондиционеров",Кондиционеры с доставкой и установкой,Продажа установка кондиционеров,Установка кондиционеров
9iv3kBquT2oaOGBs,трансфер анапа аэропорт геленджик,,"Аренда мерседесов s222, s223","Трансфер Геленджик Сочи, Анапа,Краснодар, Крым",Трансфер,Трансфер такси минивэн 8 мест Геленджик Сочи Анапа,Трансфер Геленджик 7-8 мест
dKTwYBzKmnSoZsDh,тратурная плитка бригада,,Укладка плитки,Укладка тротуарной плитки,Плиточник укладка плитки керамогранит,Укладка керамогранита,Облицовка фасада клинкерной плиткой ригельным кирп
omoo9oVJAy5qSQpe,монтаж молдингов плинтусов,,"Монтаж плинтуса, молдингов, галтелей, панелей","Монтаж потолочных карнизов, молдингов, плинтусов",Монтаж плинтуса,Монтаж установка плинтуса молдингов карнизов,"Установка плинтусов, молдингов. Аккуратно, в срок"
p6dQmLGLmJEspSRD,ремонт полов,,Ремонт полов. Замена полов,Замена полов/лаг ремонт старых полов,"Ремонт и замена пола, ламината","Ремонт деревянных полов в частном доме – оплата по факту, цены ниже",Ремонт полов замена пола
hueDwu4c2W4deBjm,беседка для мероприятия,Вид услуги,Теплая беседка с мангалом аренда,Аренда теплой беседки до 15 человек,Аренда беседок и домиков,Аренда теплой беседки,Аренда беседки
nVUrk4pqfRaDSz3V,снять треугольный дом,,Выходные в треугольном доме с чаном,Уютный треугольный дом A-frame / 4,Треугольный дом А фрейм с бассейном на берегу моря,"Трехгранный треугольный ключ, пожарный шкаф",Домик в лесу с купелью 10 мин от Порошино/8
6qRloXIZQXcsov26,мастер покраска стен,Тип услуги Поклейка обоев и малярные работы Вид услуги Ремонт и отделка,Поклейка обоев,Ремонт и отделка квартир,Услуги поклейка обоев,Поклейка обоев,"Поклейка обоев, покраска стен"
2I9FJDHdseMdAQVq,пособие по беременности,Вид услуги Деловые услуги Тип услуги Консультирование,Подбор строителей,Программа пнр - программа пусконаладочных работ,Юрист по защите прав бизнеса / предпринимателей,Автоматизация Google Таблиц и Скрипты Apps Script,Карьерный коучинг для топ-менеджеров
LYBdAHhc5dhybsZP,3д печать фотополимер дайсы,,"3D печать на заказ (пластик, фотополимер)",Фотополимерная печать 3Д,3D моделирование и печать,Фигурки персонажей 3D на фотополимере под покраску,"3Д печать, моделирование и сканирование на заказ"
ur50zM2sbAapI5tD,бетонные дорожки плиты,,Бетонные дорожки,Бетонные плиты для дорожек,Отмостка площадка бетонные работы,"Декоративно-печатный бетон. Отмостки, дорожки и тп","Бетонные работы под ключ Фундамент, отмостка"
66Y6eho4XmNZF4WL,поиск документов в архивах,,Документы. Загс. Архивы. Различные ведомства,Составление родословной. Генеалогический поиск,Составление родословной. Генеалогический поиск,Составление родословной. Поиск в архивах СПб и ло,Архивный поиск предков работа с архивами
HTN6IRA0I9Wbg9KE,репетитор англицского языка,,Репетитор по английскому языку онлайн для школьников,Репетитор по английскому языку онлайн для школьников,Репетитор по английскому языку онлайн для школьников,Репетитор по английскому языку онлайн для школьников,Репетитор по английскому языку онлайн для школьников
SBHBiuUX0KK0JHFl,био завивка мужская полиуши,"Тип услуги Услуги парикмахера Вид услуги Красота, здоровье","Био- завивка волос женская / мужская, кудри","Био завивика, химия, карвинг- женская и мужская",Мужская химическая завивка и биозавивка волос,Био завивка,Мужская завивка волос + стрижка
nD0ivFIeb6fIf5Tz,ремонт ванной и туалета панелями пвх,Вид услуги Ремонт и отделка,Ремонт ванных комнат и санузла пвх панели и плитка,Ремонт Панели пвх мдф ламинат,Ремонт ванных комнат,"Ремонт ванной и туалета ""Под ключ""",Ремонт санузлов и ванных комнат под ключ
qMdmKdWWAJ7LH1EF,трансфер до аэропорта из рязани,,Трансфер в Аэропорт. Такси в аэропорт,Трансфер в аэропорт. Такси в аэропорт,Трансфер в аэропорт минивэн,Трансфер,Трансфер Рязань Москва в аэропорты и вокзалы
Ee8nlVGwxSoUlayy,диагностика котлов дайсунг,,Ремонт котлов бытовой и промышленной серии,Ремонт котлов. Техническое обслуживание котлов,"Ремонт газовых колонок, плит, котлов",Ремонт плат газовых котлов,Ремонт и обслуживание газовых котлов
Mor90SQua1EyDgnt,реставрация каменной столешницы,,"Столешницы из акрилового камня,свое производство","Каменный ковер ""под ключ""",Реставрация изделий из камня,Изготовление столешниц из искусственного камня,Полировка столешниц из искуственного камня
K317tUVokImf3pAv,aravia курсы шугаринга,"Тип услуги IT, бизнес Вид услуги Обучение, курсы",Шугаринг обучение базовый курс онлайн Сертификат,Курсы депиляции и шугаринга,Обучение на мастера депиляции воск шугаринг,"Диплом. Курс Косметик Эстетист +Шугаринг,Воск",Курсы депиляции 3в1 с нуля VIP с правом обучения
AdiiK1J7lWzpkroh,услуга очистить подушки,,Чистка подушек,Химчистка ковров и мягкой мебели,"Бетонные работы, бетонная плита","Перетяжка рулей, ручек кпп, подлокотников",Укладка тротуарной плитки
HSiisGBvrNpozMVf,наращивание ресниц цветной,"Тип услуги Ресницы, брови Вид услуги Красота, здоровье",Наращивание ресниц. Ламинирование и ботокс ресниц,Наращивание ресниц,Наращивание ресниц,LED Наращивание ресниц,Наращивание ресниц
tDXMrRk0ShoYE9xC,монтаж садовых дорожек,,Бетонные работы/отмостка/садовая дорожка,Бетонные работы \ Отмостка,Садовый каток на прокат,"Мощение брусчаткой, камнем, плитами",Благоустройство территории и ландшафтный дизайн
lrb4CxxhtXFlmU9L,настройка на роутере  ютуба,,Настройка Wi-Fi роутера и подключение / Усиление сигнала / Выезд по городу / Гарантия на работы,Настройка wifi вай фай роутера,"Настройка роутера, вай фай, wifi,настройка TV",Готовый Роутер с защитой + Бесплатная установка,Настройка пк ноутбуков тв роутеров
HvB4b0tK9FMaux2I,грузоперевозки усолье сибирское,,"Грузоперевозки,Усолье-Сибирское, грузчики",Грузоперевозки,Грузоперевозки,"Услуги Эвакуатора (кран, борт) усолье-сибирское",Аэро-йога в Усолье-Сибирском — набор в группы
sTag69tusX04By3m,проектор аренда,,Аренда Проектор прокат. Экран для пректора,Прокат проектор + экран,Аренда звукового оборудования / аренда проектора,Сдам в аренду мультимедийный проектор,Прокат оборудование для мероприятий
NuCMnGvH0wPN2qTD,фрезеровщик,,Фрезеровщик,Токарь-фрезеровщик,Оператор чпу фрезеровщик (фриланс),Токарь фрезеровщик частник услуги,"Токарь, фрезеровщик"
glIhMrJwJ1NHrdWP,обслуживание бензогенератора,,Ремонт бензогенератора,"Ремонт бензогенераторов, садовой техники с выездом","Аренда бензогенератора синих тсс, от 1 до 8 кВт",Ремонт бензоинструмента,Прокат/аренда инструментов
0nWtlLfsGAXlQcwi,шпаклевка стен и поклейка обоев,Кто оказывает услуги Частный исполнитель,Штукатурка и шпаклевка стен поклейка обоев,Шпаклевка стен и Поклейка обоев,Шпаклёвка стен под обои,Поклейка обоев шпаклевка покраска стен,Поклейка обоев шпаклёвка стен оплата по факту
EaC4aWDLLS6DovPb,сухой туман для автомобиля,,Озонация помещений сухой туман,"Уничтожение тараканов, травля клопов, дезинфекция","Удаление плесени и грибка / Дезинфекция, Обработка","Дезинфекция клопов, клещей / Уничтожение тараканов",Уничтожение клопов тараканов клещей Дезинфекция
85Ft3h0EhJZJuS8F,автобус в аренду,Вид услуги Пассажирские перевозки,Пассажирские перевозки Аренда автобуса,Перевозка людей на автобусе,"Пассажирские перевозки. Заказ, аренда автобусов",Аренда автобуса 35 мест,Аренда автобуса микроавтобуса минивэна с водителем
su1A5XrMANKixng4,вывоз мусора тбо фирсово,,Вывоз мусора Газель Самосвал,Вывоз мусора,Сапборд аренда / прокат sup досок,Вывоз мусора утилизация на полигон,"Вывоз строительного мусора, бытового хлама"
hYJD4gKWNKgYpPGL,услуги аквабласт,,Аквабласт мойка деталей двигателя и др,Мойка деталей двигателя. Аквабласт,Менеджер маркетплейсов. Продажи WB ozon под ключ,"Разработка техкарт, ППР, ппрк, ппрв Исполнительных",Менеджер маркетплейсов. Вывод в топ
daKiVzZWFLhh0eZ0,штукатурка фасад,,"Фасадная штукатурка, короед, утепление",Облицовка,Утепление фасадов,"Облицовка дагестанским камнем, стяжка дворов",Фасадные работы Короед
MlYvd7kF9zIG9UNw,каток аренда,,Аренда грунтового катка,Каток,Аренда грунтового катка 14т,Аренда грунтового катка 14т,Аренда грунтового катка
50DZQBIXj0yEIqZP,услуги парикмахера мужские стрижки,"Тип услуги Услуги парикмахера Вид услуги Красота, здоровье",Парикмахер,"Парикмахер, стрижки мужские/женские,укладки",Парикмахер универсал на дому,"Мужские,детские,женские стрижки",Стрижка мужская/Завивка мужская
A4tAqCeAUCCmrhuJ,аренда электро велосипеда,,Прокат аренда велосипедов,Прокат аренда велосипедов,Прокат Велосипедов Аренда Сапбордов,Ремонт велосипедов. Сборка велосипедов,Ремонт велосипедов /сборка настройка с выездом
Nw6rjiJ8AonP1CNy,mercedes ключи изготовление,,Изготовление любых авто ключей с иммобилайзером,Программирование автоключей.MLB.MQB.Прошивка чипа,Изготовление автомобильных ключей,Изготовление автомобильных ключей с чипом,Изготовление ключей для домофона. Без дубликата
LQjXLZkXWq1H4O37,ремонт мотора откатные ворота,,Ремонт автоматических ворот откатных распашных,Ремонт автоматических ворот всех типов с гарантией,Ремонт и замена балки откатных ворот,Ворота под ключ / Установка ворот в Подольске,"Ремонт Came. Приводы, платы, шлагбаумы"
PSBAZYbATlMhunSH,логопед онлайн для взрослых,"Вид услуги Обучение, курсы",Логопед для взрослых,Логопед для взрослых,Логопед онлайн для взрослых и детей,Логопед-Заиколог. Лечение заикания и логофобии,Кризисный логопед для взрослых и детей онлайн
Wg4sErdBf3L13TXe,аренда банера для фотозоны с днем знаний 1 сентября,,Арка для фотозоны в аренду,Фотозона / Каркас для фотозоны аренда,Аренда фотозоны бокса,"Фотозона,Пресс-Волл в аренду, Джокерная система",Изготовление фотозоны на заказ
Fh9P4dyFTcF5sFe3,грузоперевозки газель 7 мест,,Грузоперевозки газель сегодня,Грузоперевозки. Газель. 24 ч. Частник,Грузоперевозки газель,Грузоперевозки газель,Грузоперевозки газель по городу
BVV71Pk9PT0UZk92,"плиточник, ремонт ванной, туалета под ключ",,"Плиточник, ремонт ванной, туалета под ключ","Плиточник. Ремонт санузла, ванной под ключ",Ремонт ванной и туалета под ключ,Ремонт санузла ванной комнаты туалета Плиточник,Плиточник Ремонт ванной под ключ
FCkxNmVfbXZC6NIx,массаж на дому центральный район,,"Массаж, физиотерапия",Массаж общий классический,"Подарочный сертификат на лазерную эпиляцию, массаж",Детский массаж на дому,Детский массаж на дому
WP5TFGxehBiRnXxw,грузоперевозки межгород попутно в выборге,Вид услуги Грузоперевозки,Грузоперевозки межгород попутно в Санкт-Петербурге,Грузоперевозки газель межгород попутно,Грузоперевозки межгород попутно 1-5 тонн,Грузоперевозки межгород попутно / газель переезды,Грузоперевозки межгород попутные
94wznP6YXW4CTvZe,занятия на скрипке,,Индивидуальные занятия по игре на скрипке,Уроки игры на скрипке,Уроки скрипки для взрослых с 0. Онлайн-обучение,Уроки игры на скрипке,Обучение игре на скрипке (Формат обучения - дистан
16leVXamJ0Lqbw91,такси от казани до челнов,,Такси Набережные Челны-Казань,Трансфер Такси Межгород Казань-Челны-Уфа 7/24,Такси Межгород Казань-Челны-Казань,"Такси межгород; Казань - Челны, Самара и другие",Такси межгород Казань-Челны-Казань
NHTFmSPZlX4vIPKv,прошивка ключей авто,Вид услуги Бытовые услуги Тип услуги Изготовление ключей,Авто ключи Нарезка Прошивка Восстановление ключей,Авто ключи изготовление прошивка иммобилайзера,Изготовление любых авто ключей с иммобилайзером,"Программирование автоключей, прошивка иммо",Изготовление автомобильных ключей прошивка чипа
CdyFF8M3ko11wGaK,чистка ковра,Тип услуги Чистка ковров Вид услуги Уборка,Чистка ковров. Химчистка ковров,Химчистка ковров / Химчистка ковров на дому,"Чистка, химчистка, стирка ковров и паласов с вывоз",Химчистка ковров на фабрике с й доставкой,Химчистка ковров / Озонирование ковра
5Qx2PwAnX3auv2EC,надпись на фольгированных шарах,"Вид услуги Праздники, мероприятия",Шарики с гелием доставка,Гелиевые воздушные шары с доставкой Ясенево,Гелевые шары Некрасовка,"Гелий для шаров, фольгированные и воздушные шары",Воздушные гелиевые шары
6YshPdJ0M2R17BeV,установка ламината,Тип услуги Полы и напольные покрытия Вид услуги Ремонт и отделка,Монтаж плинтуса,Укладка ламината,Ремонт деревянных полов,"Укладка ламината, кварцвинила",Укладка напольных покрытий
INXqaUXNlbw8CzyE,скупка техники apple дорого,Тип услуги Мобильные устройства Вид услуги Ремонт и обслуживание техники,Выкуп iPhone/Apple,Скупка/Выкуп iPhone/Apple,Скупка техники Apple Казань,Выкуп/Скупка iPhone/Apple,"Ремонт, Скупка айфонов, выкуп телефонов"
pwaEIDHTJxvI3Qxf,права категории b,,Автомобиль для работы в такси,Авто для работы в аренду такси,Аренда авто для работы в такси,Автоинструктор / Инструктор по вождению,Уроки вождения(инструктор)мкпп. по теории
GD8VuwPQE87kJzoL,ключ пожарный,,Ключ разблокировки пожарного извещателя,"Трехгранный треугольный ключ, пожарный шкаф",Ключ пожарного,"Пожарная сигнализация ""под ключ"" за 1 день***",Охрана труда. Пожарная безопасность. Под ключ
0gOxGZ6XEgtEX8RX,мотоэвакуатор перевозка мотоциклов,,"Перевозка мотоциклов, мотоэвакуатор, мотоподбор","Зимнее хранение мотоцикла, мотоэвакуатор, мотоэвак",Мотоэвакуатор. Перевозка мотоциклов,Лучший мотоэвакуатор,Мотоэвакуатор
Qvl3alTYnNnxLHkX,кожевник,,Изделия из кожи крокодила,"Обучение работе с кожей, курсы кожевенного ремесла",Курс Графический дизайнер / С гарантией трудоустройства,"Ремонт наручных часов, замена стекла, батареек","Баннер на заказ, Пленка, Баннерная сетка, Печать"
fNpimApefVA1RcPO,организация праздников,"Вид услуги Праздники, мероприятия",Организация и проведение мероприятий,Аниматоры на день рождения,"Ведущий+DJ на свадьбу,юбилей,выпускной,корпоратив",Музыканты-Ведущая-DJ. Свадьбы-Юбилеи-Корпоративы,"Бармен шоу, Юбилей, Гендер пати, Свадьба"
v5mB1XFyF2uopIFb,мастер по сборке кухонь,,"Сборка кухни, установка кухни Лемано Про",Сборка мебели. Сборка кухни,Сборка и установка кухни,Сборка мебели Сборка кухни Сборщик мебели,Сборка мебели мастер на час
XO9ayybqSBfNkKXA,студия растяжки,,Аренда зала,Растяжка,"Растяжка на Депутатской, 7","Фитнес, растяжка, здоровая спина","Здоровая спина на Депутатской, 7"
pkUlNjRnaM7BsKHt,процедура фарфоровая куколка,,Косметолог чистка лица,Косметолог Чистка лица Пилинг Уход,"Кератиновое выпрямление волос, Ботокс",Кератиновое выпрямление волос,Кератин Ботокс Холодное восстановление волос
6y1HSTKOWcRG6hOZ,ботокс для лица релатокс,"Вид услуги Красота, здоровье","Ботокс фулфэйс уколы лицо, шея, бруксизм, модель",Ботокс для лица релатокс,Ботокс лоб глаза межбровь,Ботокс для лица Full Face,Ботокс межбровка / лечение гипергидроза /Релатокс
YKrHFux4sVQBuYsw,консультация спорт,,Спортивный психолог г. Воронеж,Тренер-берейтор по конному спорту,Занятия афк для детей (консультация),Как похудеть без спорта и без голодовок,Персональный тренер
RBNzTIqzFYALIO8M,мастера сборщика мебели,,"Сборка мебели,сборщик кухонь,сборщик щкафов","Сборка мебели и ремонт,сборка кухни,сборщик мебели",Сборщик мебели / Сборка мебели / Монтаж мебели,"Сборщик Мебели, Сборка Мебели",Сборка мебели / Сборщик мебели / Собрать мебель
2WH6kc5nXaAqhtHK,грузоперевозки самара,Вид услуги Грузоперевозки,Грузоперевозки газель Самара Москва,Грузоперевозки 20 тонн открытый борт,"Свой человек в Самаре, грузоперевозки Ларгус",Грузоперевозки по городу/области/регионам,Грузоперевозки Самара-Москва-Самара Ежедневно
iTPxG5G311XIhLKm,шью на заказ брюки,,Школьные брюки из костюмной ткани 140,Шью на заказ,"Швейное производство, пошив штор и одежды",Пошив мужских брюк на заказ,Пошив штор любой сложности. Шьём на заказ
eNhstJrY34y5xGjl,груминг обучение,Вид услуги Уход за животными,Груминг обучение,Груминг обучение пушистый бро обучение грумингу,Ищем моделей на груминг/Автозавод,Груминг собак и кошек,Груминг собак
zdRpDHbGtqRLe7FU,ремонт в квартире,Тип услуги Ремонт квартир и домов под ключ Вид услуги Ремонт и отделка,Ремонт и отделка квартир и домов,Ремонт квартир под ключ с гарантией,Отделочные работы под ключ арзамас,Ремонт квартир / Отделочные работы,Ремонт и отделочные работы под ключ
qYQfync1Ym6b3h25,перевозка продуктов питания,Вид услуги Грузоперевозки,"Грузоперевозки, рефрижератор, продукты питания",Грузоперевозки рефрижератор 20 тонн,Грузоперевозки,"Грузоперевозки, грузовое такси, рефрижератор",Грузоперевозки Межгород/Доставки по Керчи/Переезды
3tfDVhNZVfq7n0MP,магистерская диссертация,"Вид услуги Обучение, курсы",Магистерская диссертация,Магистерская диссертация,Магистерская диссертация,Магистерская диссертация,Магистерская диссертация
xOwx65ex6pGCnqkr,ремонт пуско зарядных устройств,Тип услуги Другое Вид услуги Ремонт и обслуживание техники,"Ремонт АКБ самокатов, инструмента и пылесосов","Ремонт сотовых,смартфонов,планшетов и ноутбуков и",Ремонт телефонов и ноутбуков на Одоевского,Скупка айфонов Скупка iPhone Скупка Apple,Ремонт частотных преобразователей и пускателей
FrZea2LgaL3m81aq,ведение ип с ндс,,Бухгалтер для ООО и ИП с ндс/Бухгалтерские услуги,"Бухгалтерские услуги УСН, НДС, патент,WB",Бухгалтерские услуги для ИП и ООО,Бухгалтерия для ИП,Бухгалтерские услуги / Бухгалтер для ИП и ООО /НДС
0pVk0VNOc6QxhTUD,поменять двигатель,,"Замена масла в двигателе, АКПП, МКПП",Лазерная очистка- чистка вин/vin/двигателя/ рамы,Ремонт автомобилей Hyundai Kia,Автомеханик моторист,Ремонт двигателей внутреннего сгорания (двс)
Hlu8EHPvpY1SmIbH,замена стекла в очках,,VR очки Oculus Quest 3s + настройки + игры,Ремонт очков. Очки по рецепту,Солнцезащитные очки max co,"Сделать очки, изготовление очков, очковые линзы",Ремонт очков. Лазерная сварка
rPyrzAPxjjk1utne,ремонт холодильников с выездом никольское,"Тип услуги Холодильники, морозильные камеры Вид услуги Ремонт и обслуживание техники",Ремонт холодильников,"Ремонт холодильников Колпино, Никольское, Отрадное",Ремонт холодильников в Колпино.Частный мастер,Ремонт холодильников. Ремонт холодильников на дому,"Ремонт холодильников Колпино,Тельмана,Металлострой"
tqpemOYrtZe8kbZ6,мойка окон,Вид услуги Уборка,Мойка зеркал и окон,Мойка окон и балконов,"Клининг квартир, мойка окон, уборка после ремонта",Мойка балконов и окон,Мойка балконов и окон
Tq88fadUQMXIgKHh,игровых рулей скупка,,Скупка игровых рулей,Выкуп Игровых Рулей,"Скупка игровых пк, Скупка комплектующих",Скупка игровых компьютеров,Скупка игровых приставок в любом состоянии
F2BHO5nfGDTa4ol6,лимузин с водителем,Вид услуги Пассажирские перевозки,"Аренда, прокат лимузинов с водителем",Аренда лимузина с водителем,Прокат лимузинов с водителем по Москве и области,Аренда лимузинов с водителем по Москве и области,Аренда/прокат лимузина с водителем
ddLXpkynewzWO1Hk,обвязка котельной,,"Сантехник, монтаж отопления,водопровод,тёплый пол","Сварка трубопроводов, услуги сварщика, итп",Профессиональные услуги сантехника,"Котельные, итп и уутэ Краснодар",Газификация под ключ. Монтаж отопления
z8gYVaE42okJa47E,стекло для межкомнатной двери,Вид услуги Ремонт и отделка,Замена стекол/Ремонт дверей,Замена замков,Замена стекол/Ремонт дверей/замена ручек/и замки,Установка ремонт межкомнатных и входных дверей,Замена замков
J5W6EEhVhZll9PH3,световой короб вывеска,Вид услуги,Световой короб на заказ / Изготовление вывесок,Световой короб на заказ / Изготовление вывесок,Наружная и интерьерная реклама,Изготовление световых вывесок,Световые буквы на заказ / Вывески
5D0EFutqKQ5CFY3E,ремонт системы отопления в частном доме,,Ремонт системы отопления в частном доме,Ремонт системы отопления в частном доме,Промывка системы отопления в частном доме,Промывка системы отопления в частном доме,Промывка системы отопления в частном доме
mbuxc7lObtObnQdJ,косметолог невский район,,Косметолог обучение без мед образования онлайн,Няня для котиков,Сантехник Невский район спб. Кудрово,Воронение,"Сантехник Невский район, Большевиков, Дыбенко"
8MXarTvF1XWpoPwx,ремонт котлов наполных,,"Промывка,ремонт котлов и газовых колонок",Ремонт и обслуживание газовых котлов,Ремонт газовых котлов,"Ремонт газовых котлов,плат,промывка теплообменнико","Ремонт газовых котлов, в т.ч.плат управления"
IPoD37c5tfJSJVUe,шарики с доставкой,"Вид услуги Праздники, мероприятия","Воздушные шары, шарики с гелием",Воздушные шары (шарики) с Доставкой,Воздушные шары с доставкой шарики с гелием,Гелиевые шарики с доставкой,"Воздушные Шары,воздушные шарики с доставкой"
l4dSlWcQMcI2QjJD,штукатурные работы,,Штукатурно- малярные работы,Штукатурные работы,Штукатурка,Механизированная штукатурка стен,Штукатурка стен
wx0x2AqwwOgYHzBd,трансфер для детей,Вид услуги Пассажирские перевозки,"Трансфер, пассажирские перевозки","Трансфер, минивен, пассажирские перевозки","Аренда минивена с водителем,пассажирские перевозки",Пассажирские перевозки трансфер минивен Хендай,Пассажирские перевозки минивэн заказ минивэна
jTZGjvbn6058mpXd,монтаж отопления,,Монтаж отопления/ Монтаж итп цтп/ Монтаж котельных,Монтаж отопления/ Монтаж итп цтп/ Монтаж котельных,Монтаж отопления и котельной,Радиаторное отопление под ключ,Ремонт монтаж котлов. Дымоходов. Отопления
IXoBUUTYn3eUhBEB,дерматолог онлайн частный,,Прием врача дерматолога в клинике,"Консультация дерматолога, подолога",Лечение акне и постакне у дерматолога,Дерматолог Косметолог Лечение Акне,Удаление папилом и новообразований лазером
52mPXcH6oAhwRFPk,установка столешницы на кухне,Тип услуги Сборка и ремонт мебели Вид услуги Ремонт и отделка,"Замена Фасадов, Столешниц и Фурнитуры",Сборка мебели/сборщик кухни,"Замена фасадов, столешниц, мебель на заказ",Сборка кухни /Сборщик кухонь /Частный мастер,Сборка мебели/Сборка кухонь /Разборка мебели
NFKEVadSbTTIyTWc,курсы груминга обучение,Вид услуги Уход за животными,Груминг обучение,Груминг обучение пушистый бро обучение грумингу,Базовый курса груминга с «0»,Груминг собак,Ищем моделей на груминг/Автозавод
CIxHPhMqdEsbkWx0,монтаж  дверей,,Установка межкомнатных дверей. Монтаж дверей,Монтаж дверей \ Установка с гарантией,Монтаж сейф дверей,Установка дверей скрытого монтажа invisiвlе,Установка межкомнатных дверей
hLxnWl5ftfoiZm65,перевозка тел умерших,,"Перевозка умерших, перевозка усопших, катафалк",Международная транспортировка умерших,Ритуальные услуги перевозка тела,"Перевозка умерших(усопших, погибших)",Перевозка умерших по России. Ритуальные услуги
Q1y2FtJwWvS7Kde2,титры к бешенству без карантина,Вид услуги Уход за животными,"Ветврач,ветеринарный паспорт с прививками,Титры,Ф1","Титры,антитела,Ветеринарный паспорт","Ветеринарный паспорт, титры",Зоогостиница для животных / забота без выходных,"Зооняня, Зоотехник"
u7szmEqDsiI82ph9,база,,Репетитор по математике ЕГЭ профиль и база,Тротуарная плитка. Брусчатка,Поребрик садовый 1000*200*50мм,"Щебень, песок, отсев керамзит доставка",Производство
CS52cT4ELbKsjvFN,мастер по сборке кроватей,,Услуги мастер на час,"Сборка мебели любой сложности,Быстро.Гарантия","Сборка мебели на дому, Мастер по сборке мебели","Сборщик мебели.(Сборка,разборка)",Услуги мастер на час
8JK8lBNQzVKiZ2xm,реставрация старинной деревянной мебели,,Реставрация любой мебели,Реставрация деревянной мебели,Реставрация старинной и антикварной мебели,Выкуп Старинной Мебели Оценка,Реставрация мебели.Опыт работы 20 лет
xpGviuzBrYxOL7bK,установка замков гараж,,Строительство и ремонт,"Изготовление ключей,заточка,аварийное вскрытие",Вскрытие замков.Замена замков и личинок,Вскрытие замков/Вскрытие авто Заволжье,"Вскрытие замков, квартир/ открытие квартир/ машин"
0lkhFd5QOdfcNDQa,грузоперевозка магнитогорск,,Грузоперевозки по всей России и странам снг,Грузоперевозки Газель / Фура / Москва и область,Грузоперевозки,Грузоперевозки - Переезды - Грузчики - Такелаж,Грузоперевозки газель по Москве и обл
7tKxWzD1Wevl9E2T,прием отходов пленки,,Приём вывоз скупка стрейч плёнки пластика,Прием отходов бопп пленки,Прием отходов плёнки стрейч и пвд. Вывоз от 500кг,Прием вторичного сырья,Покупаем отходов стрейч плёнки
9yJhw5i7pNNKiLEw,торты на заказ день рождения под фото,Тип услуги Другое Вид услуги Доставка еды и продуктов,Торты на заказ,Торты на заказ. Торт в день праздника. Бенто торт,Бенто торты в наличии и под заказ,"Бенто торты, торт на заказ","Свадебные торты/торты на заказ, капкейки и трайфлы"
o8gTc5zFOcjAQI1y,выкопать дерево,,Выжигание портретов на дереве,"Спил деревьев, обрезка, расчитка участка, спилить","Обрезка деревьев, спил, расчистка участков",Садовник. Обрезка деревьев и кустарников,Спил деревьев расчистка отсыпка участков
7WaEXwLGoXYawnPv,монтаж металлических дверей бу,Тип услуги Двери Вид услуги Ремонт и отделка,Монтаж входных металлических дверей,Монтаж противопожарных и металлических дверей,Установка межкомнатных дверей всех типов,Установка только входных металлических дверей,Установка входных металлических дверей
47mAJXlZA2OixU0T,3d моделирование ювелирных изделий,,3D моделирование ювелирных изделий,3 D моделирование ювелирных изделий,3D моделирование ювелирных изделий,3D моделирование ювелирных изделий,3D дизайн ювелирных изделий
dxE26Nsz37paMthR,утеплить с пеной,,Утепление потолка пеной,Электровелосипед аренда без залога,Установка межкомнатных дверей,"Утепление пенополиуретаном ангара,склада,дома",Промышленное утепление пенополиуретаном от 100 м.к
ap3Cm2JZ3dzkppNz,стрижка мужская на дому,"Вид услуги Красота, здоровье",Парикмахер.Выезд на дом,Парикмахер мужской и т.д. на дому,Все виды парикмахерских услуг с выездом на дом,Парикмахер,Модель на мужскую стрижку
E8lK6oibOhG0Hdw4,шпонирование,,Шпонирование,Шпонирование Фанерование Покраска,Шпонирование деталей до 340 см длинной,Шпонирование,Шпонирование листовых материалов гор и хол прессом
RXMsrZKc77EieXPX,курсы ро ламинированию,,Обучение маникюру,Курс обучение ламинирование ресниц,Курсы ламинирования ресниц с нуля,Курсы ламинирования ресниц с нуля,Курс ламинирование ресниц. Обучение
OG9c8az876nXIG9o,швейные курсы,,"Швейная фабрика в Кыргызстане, оптом пошив одежды",Пошив изделий с нуля.Ускоренный курс,Швейные курсы в Теплом Стане и Троицке,Швейный цех пошив одежды,Выездной ремонт швейных машин
DJAyyVgfKfhHmfAF,гадание,"Тип услуги Другое Вид услуги Обучение, курсы",Гадание на картах Таро и обучение,Гадание. Магические услуги,Гадание снятие порчи сглаза обучения,"Гадалка,Гадание,Приворот,Обучение",Гадание магия приворот
yuGGYBjV1JH8EGwf,мастер класс по созданию духов,,Мастер-класс по созданию духов в Москве 31 мая,Мастер-класс по созданию духов,Парфюмерный мастер класс по созданию духов,Мастер-класс создание духов на мероприятие Москва,Мастер класс по духам в Москве
i0kFbmn6XRdOe91j,курсы по росписи стен,,"Роспись стен, аэрография",Роспись стен,Роспись стен Граффити,Роспись стен / граффити / мурал / художник,"Художник по росписи стен, созданию картин"
gT2STwAIpgF51PWN,против тараканов,Вид услуги,"Уничтожение клещей, травля тараканов, клопов,ос","Уничтожение клопов, травить тараканов. Дезинфекция","Уничтожение клопов, тараканов, муравьёв, блох",Уничтожение тараканов клопов блох муравьев мышей,"Уничтожение клопов, тараканов, муравьёв, блох"
Sk5GWOHj90vIyEnq,пение вокал,,Педагог по горловому пению,Педагог по эстрадному вокалу,Уроки вокала,Уроки вокала/научу петь даже с нуля/Москва/Онлайн,Педагог по вокалу онлайн
JMlQdVoDxvt98LRU,стерилизация кошек на дому,Вид услуги Уход за животными,Стерилизация кошек и собак,Стерилизация кошек на дому. Все районы города,Ветеринар.Стерилизация и кастрация собак и кошек,Стерилизация и кастрация кошек и собак на дому,Помогу поймать кошку или котят
kl5Q9wdn4m3uBCrZ,ремонт вакууматоров,Тип услуги Другое Вид услуги Ремонт и обслуживание техники,Ремонт косметологической и медицинской техники,Ремонт и обслуживание мототехники (СССР),Ремонт кухонного комбайна термомикс тм31,"Прийму в дар неисправные приборы, учусь ремонту",Ремонт косметологического оборудования
5BpFO6EyX0UdrBim,стяжка пола цена за м2 с материалом,Вид услуги Ремонт и отделка,"Выравнивание пола, наливной пол, полусухая стяжка",Полусухая стяжка пола под ключ,Ремонт и замена полов,Ремонт и замена полов под ключ,Стяжка пола за 1 день
UBEWFa0MhGMM5Iuz,химчистка паласа,Тип услуги Чистка ковров Вид услуги Уборка,"Стирка ковров, паласов, дорожек, пледов","Химчистка Ковров и ковровых покрытий, ковролина",Стирка ковров химчистка чистка с вывозом доставкой,"Мойка ковров,паласов","Химчистка,стирка,чистка ковров. Вывоз и доставка"
BBjfc6xpBeIdwlix,аренда туристического снаряжения,,"Палатки Туристическое снаряжение аренда, прокат",Аренда туристического снаряжения,"Аренда,прокат туристического снаряжения(доставка)",Прокат байдарок и туристического снаряжения,Аренда палаток
oGkMLGWKHp6t5EQx,ремонт электроники пайка,Вид услуги Ремонт и обслуживание техники,Ремонт пайка электронных плат электроники,Ремонт бытовой техники и электроники,"Ремонт электроники, плат (PCB), модулей управления",Ремонт электроники,Ремонт и производство электроники
FaZojDcF3gE48TWA,монтаж вентиляции с круглой на плоскую,Тип услуги Вентиляция Вид услуги Ремонт и отделка,Монтаж дымоходов в многоквартирных домах,Монтаж/проектирование/вентиляции/кондиционирования,Монтаж и обслуживание систем вентиляции,"Установка (монтаж) вентиляции кровли, аэратора","Чистка мангальной, жировой, приточной вентиляции"
p00eemWhxWbcbg8F,реставрация плитки напольной,,Реставрация плитки / керамогранит,Реставрация паркета и напольных покрытий,"Реставрация плитки, керамогранит",Реставрация. Плитка. Паркет. Шпон. Столешницы,Реставрация напольных покрытий/ дверей/ мебели
JYKJHLC5mnywer0X,аренда подметально уборочной машины,,Аренда уборочной техники пылесос,Аренда подметально-уборочной машины,Аренда вакуумно-подметальной машины,Аренда трактора с щеткой,"Щетка коммунальная мтз, подметание территорий"
jBsjjl2X19eSULyA,укладчик тротуарной плитки,"Тип услуги Дорожное строительство Вид услуги Сад, благоустройство",Укладка тротуарной плитки,Укладка тротуарной плитки,Укладка тротуарной плитки брусчатки,Укладка тротуарной плитки,Укладка тротуарной плитки под ключ укладка плитки
SJvnQ7w8H0Xa0zEE,поздравление от мишки,,"Белый мишка,бурый,кот,зайка поздравление ульяновск",Поздравление белого мишки 3 метра,Белый Мишка,"Белый мишка, ростовая кукла,Горилла",Белый мишка поздравление
HucUG4xpPDbxTxuU,аренда по часам для мастер-класса,,Аренда рабочего места мастера маникюра и педикюра,Аренда авто на свадьбу Мерседес 777 с водителем,Аренда помещения под мероприятия,Аренда зала для мастер-классов /мероприятий,Аренда студии для мастер-классов/мероприятий
gNOBbQC6jXaawrwl,плазмотерапия,"Вид услуги Красота, здоровье",Бровист/визажист,Сдам в аренду рабочее место,Рабочее место в аренду,Рабочее место,Аренда кушетки
vr6nqJshNRNa4xnY,lpg массаж,"Онлайн-запись Тип услуги СПА-услуги, массаж Вид услуги Красота, здоровье",LPG массаж тела и лица,LPG-массаж,Массаж LPG. Аппаратный массаж.прессотерапия,Массаж LPG тела и лица,LPG массаж
xbrVqjQwdJedpvAN,услуги грузчиков и разнорабочих,"Вид услуги Грузчики, складские услуги",Грузчики/Разнорабочие/Газели,Грузчики - разнорабочие,Грузчики на час разнорабочие,Грузчики Разнорабочие Копка земли Переезды,"Грузчики,разнорабочие,газель,копка,ремонт,электрик"
S4gu5GYYkZB5bvT3,установка подвесного унитаза,Тип услуги Сантехника Вид услуги Ремонт и отделка,Установка унитаза под ключ,Сантехник. Услуги сантехника. Вызов сантехника. Установка унитаза. Установка смесителя. Засоры,Мастерок на часок,"Монтаж, установка душевых кабин,Сантехника",Сантехник Частник все виды работ
xt1kHRn7Kslj3V6g,замена труб водоснабжения на улице,,Монтаж систем отопления и водоснабжения,"Монтаж отопления, водоснабжения",Сантехнические работы,Услуги сантехника сантехнические работы,Частный сантехник
rwYZ8YMGQdBLGbpa,мультиинструменталист,Вид услуги Искусство,"Виолончель. Запись, выступления, коллаборации",Студия звукозаписи того самого Игоря Нестеровича,Аранжировка / сведение / мастеринг,"Напишу песню под ключ, аранжировку, текст","Запись, сведение, создание песни с нуля"
UXRoJIWOYPYVQ7fD,ремонт диванов замена пружинного блока,,Ремонт диванов замена пружинных блоков,Ремонт диванов и кроватей на дому,Ремонт мягкой мебели. Замена пружинных блоков,Ремонт замена пружинных блоков на мягкой мебели,"Ремонт мягкой мебели,кроватей на дому"
4LLLLwl4V625ldID,специалисты по укладке плитки в ванной,,"Ремонт квартиры,ремонт ванной,укладка плитки",Ремонт ванной комнаты под ключ,Плиточник.Укладка плитки/керамогранита,Ремонт ванной комнаты,Плиточник укладка плитки ремонт ванной под ключ
xGvyQnYefWJiaVz2,серебрение,,"Золочение, серебрение, родирование гальваническое","Золочение, серебрение, родирование, меднение и др",Золочение и серебрение родий платина Гальваника,"Золочение,Серебрение Омск.Гальваника.Электролиты",Гальваническое покрытие
cinhoLsIOGgoIayR,поклейка фотообоев,Тип услуги Поклейка обоев и малярные работы Вид услуги Ремонт и отделка,Поклейка фотообоев Москва,Поклейка обоев,Поклейка обоев/малярные работы,Покраска стен и потолок Поклейка обоев Шпаклевка,Поклейка обоев
qGF4BEbxoaLtqTFF,проект здания,,Проектирование зданий. Раздел кр,Проектирование зданий. Раздел км,Проектирование зданий. Проектирование коммерческих зданий,Проектирование зданий. Проектирование коммерческих зданий,Художественная роспись стен на зданиях
qHWBvJXMojUXPKvw,надуть шары гелием,"Вид услуги Праздники, мероприятия",Надуть свои шары Гелием,Надуть шары гелием,Надуть свои гелиевые шары,Гелиевые/ воздушные шары/ надуть шары,Гелиевые шары
nGNrF87Pscqv9ohu,дельфинья кожа,"Вид услуги Красота, здоровье",Процедура дельфинья кожа,Липолитик Стройность.Дельфинья кожа. Обучение,Курс идеальная кожа без макияжа биоревит. пилинг,Ботокс со скидкой 50% Ищу моделей для портфолио,Прессотерапия
dvIfvptM1JoqbRD6,помощь с автомобилем,,Выкуп авто в любом состоянии,"Автоподбор, проверка автомобиля перед покупкой",Автоподбор Проверка автомобиля перед покупкой,Подбор авто. Диагностика автомобиля перед покупкой,"Прикурю ваш автомобиль, грузовик, спецтех. 12-24v"
2jLlY3ssfHC48bQQ,ремонт журнальных столиков,,Аренда столика визажиста,Плетение из лозы,Сдам в аренду лодку с мотором,Аренда балкона для фотосессии,Аренда рабочего места для лэшмейкера
Erp32BUTjN3FXWOB,газель  перевозки 6 метров,,Грузоперевозки Межгород Газель 6 метров Переезды,Грузоперевозки газель 6 метров открытый борт,Грузоперевозки газель,"Открытый борт, газель бортовая, открытая газель го",Бортовой открытый 3 тонны 6-9 м. Попутная доставка
oTPWZzGDC5NdLCNA,новоильинский район,"Вид услуги Обучение, курсы",Репетитор по английскому языку,Репетитор начальных классов,Репетитор по математике,"Грузоперевозки газель"" Ильиныч""",Репетитор по английскому языку
MXK3l6MPUW01n9QZ,арты на заказ,,Рисунки на заказ. Арт на заказ. Аниме арт.Коммишки,Рисую комишки/арты на заказ,Рисунки на заказ Арты на заказ Коммишки,"Рисунок на заказ, арт пони, mlp, предложная цена",Коммишки арты на заказ
eeVYxeLHzBXCR9x0,категория тракториста a3 обучение,"Вид услуги Обучение, курсы",Обучение на категорию а3,Обучение на трактористов всех категорий,Обучение на тракториста категории С,"Обучение, профессиональная подготовка, аттестация",Курсы трактористов водителей специальной техники
kFj9GEzwdjvRak9W,прочистка системы отопления,Вид услуги Ремонт и отделка,"Промывка,прочистка,системы отопления",Промывка системы отопления и теплых полов,Отопление Промывка отопления Ремонт отопления,Промывка систем отопления,Прочистка очистка промывка системы отопления
hL8GreGOSucyEXvW,эвакуатрр грузовой,Вид услуги Услуги эвакуатора,Услуги грузового эвакуатора,Грузовой эвакуатор грузовых автомобилей,Грузовой эвакуатор,Грузовой эвакуатор,Грузовой эвакуатор 24 часа
94AJYAgBuhXUyD9l,прием пластиковых ящиков,Вид услуги Вывоз мусора и вторсырья,"Прием вторсырья, картон, пленка, пнд,канистры",Пнд труба прием,Прием вторсырье пластик,Прием отходы пнд трубы,"Прием стекла, бутылок"
FCbECLP6TMjDewrC,реставрация чемоданов,,"Ремонт и реставрация чемоданов, сумок",Ремонт рюкзаков/сумок/чемоданов,Ремонт чемоданов,"Ремонт обуви, сумок, чемоданов. Реставрация обуви","Ремонт одежды, сумок,чемоданов, покраска кожаных и"
qWbKuiekubRBnShx,отдых в бане архыз,,Отдых в Архызе с баней,Дом с баней 150кв в Архызе,Отдых в Архызе с видом на горы (от собственника),База отдыха с бассейном и баней посуточно,Отдых в Архызе с теплым бассейном
aUtR1gtb8tQ2TWX5,репетитор физика 10 класс,,Репетитор по физике,Репетитор по математике и физике ОГЭ,Репетитор по физике,"Репетитор по алгебре, геометрии, физике",Репетитор по физике ЕГЭ онлайн
ZwTBCol0GonYkJeH,модель на окрашивание в тотал блонд,,Модель на сложное окрашивание,Модель на тотал блонд,Модель на окрашивание волос,Модели на окрашивание волос,Г.Владимир. Требуются модели на окрашивание волос
mI0Cp6kxq6s38EWO,гид по калининграду и области,,"Экскурсии. Куршская коса, Калининград и область",Необычные экскурсии с гидом по Петербургу: авторские маршруты,Гид-Экскурсовод по Санкт-Петербургу и пригородам,Гид экскурсовод по санкт петербургу и пригородам,"Нескучный гид по спб, экскурсии (офиц.лицензии)"
cqOuo0UqHmbye6Rw,репетитор истории егэ очно,,Репетитор по истории и обществознанию ЕГЭ/ОГЭ,Репетитор по истории,Репетитор по истории ОГЭ ЕГЭ,Репетитор по истории. Подготовлю к ОГЭ ЕГЭ,Репетитор ЕГЭ по истории
YNTXHaPa5ZXrMRKy,косметолог чистка лица,"Онлайн-запись Вид услуги Красота, здоровье",Комбинированная чистка лица (маска в подарок),Косметология чистка лица,Услуги косметолога,Массаж лица классический + альгинатная маска,"Гидропилинг: чистка лица, омоложение, увлажнение"
F1fFmHXdyq55QuRm,чистка колодцев рощино,,Чистка колодцев Без предоплаты,Чистка и ремонт колодцев,"Копка колодцев под ключ, чистка колодца",Чистка колодцев ремонт углубление колодцев,Чистка ремонт углубление колодца
QKuVLng1gRgl3KSo,установка откосов,,Установка откосов на окна и входные двери,Установка откосов пвх окон лоджий и балконов,Откосы на окна и откосы на входные двери из мдф,"Откосы на окна, монтаж откосов, подоконников","Установка и ремонт окон пвх,замена уплотнителя"
k3HpOWGB0TXSZN8X,вождение по экзаменационному маршруту мккп,,"Инструктор по вождению, маршрут экзамен гибдд",Автоинструктор АКПП. МКПП (экз-е маршруты),Инструктор по вождению механика,Автоинструктор акпп-мкпп,Инструктор по вождению Механика (МКПП)
vltWKwuWbxEOip95,подключение к электросетям,,Подключение к электросетям,Оформление заявки на подключения к электросетям,Технологическое присоединение к электросетям,Юрист по Россетям,Технологическое присоединение к электросетям
hFZ12P8v3HIqzi2E,ремонт кровли / кровельные работы / ремонт крыши,Тип услуги Кровельные работы Вид услуги Строительство,Кровельные работы Ремонт кровли крыш замена кровли,Монтаж ремонт крыш Кровельные работы под ключ,Ремонт кровли / Кровельные работы / Ремонт крыши,Кровельные работы Ремонт замена кровли крыши,Кровельные работы частник
4VE4KPjqjiv4ERub,ремонт ворот дархан,,Профессиональный ремонт ворот с гарантией 6 месяцев,Ремонт и диагностика секционных ворот и автоматики,Ремонт и диагностика откатных ворот и автоматики,Ремонт Автоматических ворот,"Автоматика для ворот.Монтаж, ремонт, настройка"
ychgM1NIJVV1zavC,грузоперевозки челябинск екатеринбург,,Грузоперевозки Межгород,Грузоперевозки межгород из/в Челябинск,Грузоперевозки каблук largus,Грузоперевозки и переезды межгород от 500 км,Грузоперевозки переезды газель межгород Челябинск
TlwaaKGtnYISUx8c,люди крыш,,Замена панорамной крыши автомобиля,Свидание на крыше,Ремонт и замена кровли – крыши любой сложности,Кровельные работы (Ремонт крыш),Теплица сдвижная Люкс
3XsZwTGUQ1CLPzU8,аксиальный пресс,"Вид услуги Оборудование, производство",Аксиальный пресс аренда,"Опрессовка медных, алюминиевых наконечников","Прокат, аренда электро-бензо инструмента",Производство косметики под стм ваш бренд,Толщиномер
nXMw3bl0rU8MD0n9,репетитор начальных классов метро алтуфьево,"Вид услуги Обучение, курсы",Репетитор начальных классов подготовка к школе,Репетитор по математике онлайн,Репетитор начальных классов (русский /математика ),Преподаватель английского языка онлайн,Репетитор начальных классов. Подготовка к школе
LgoaJkH4hLQ7MD0S,ремонт москитных сеток,Вид услуги Ремонт и отделка,Ремонт и отделка окон. Маскитные сетки,Ремонт москитных сеток,Москитная сетка на заказ,Москитные сетки на окна изготовление и установка,Москитные сетки
D3pXBBBjEvj6QcOx,строительство бани сауны,,"Строительство, ремонт бань, саун","Строительство бань, саун","Отделка бань, саун","Отделка бани, сауны",Внутренняя отделка бань и саун
5iS3atZInX3rAtkl,укладка стен,,Плиточник и сантехника,Штукатурка стен ручная,Ремонт полов в доме,Отделочные работы,"Гадание,приворот,верну мужа/жену,чистка,обучение"
MAaSKPc3ZDVOMAms,мастер по установки газовых котлов,,"Ремонт, Установка Бойлеров Водонагревателей Котлов",Ремонт газовых котлов,"Замена газовых котлов, пуско-наладочные работы","Ремонт газового котла Baxi, Protherm, Vaillant",Ремонт газовых котлов
f1vwE3pw1UMRnmWA,скважина на воду,"Тип услуги Скважины, септики, колодцы Вид услуги Сад, благоустройство",Бурение скважины под воду Водоснабжение под ключ,"Поиск воды на участке, для колодца или скважины",Бурение Скважин на воду под ключ,Бурение скважин на воду,Обустройство скважин на воду с кессоном
gf6wNHUfC46Xq4n9,замена радиаторов отопления не дорого,Тип услуги Сантехника Вид услуги Ремонт и отделка,Промывка систем отопления,Опрессовка и промывка системы отопления,Промывка системы отопления круглый год,Промывка системы отопления. сантехнические работы,Промывка системы отопления в частном доме
WW0wh86UgQq1tgqS,трансферы,Вид услуги Пассажирские перевозки,Автобус на заказ. Трансфер. Пассажирские перевозки,"Трансфер, пассажирские перевозки",Пассажирские перевозки,Пассажирские перевозки. Трансферы. Вахта,Трансфер Краснодар — Тбилиси — Ереван — Батуми
N3oWnDaZ4EksEYvl,настройка pin на роутер,,Прошивка роутеров и настройка openwrt удаленно,"Настройка роутера,WiFi точек,Интернет сетей","Монтаж локальных сетей, настройка Интернета, Wi-Fi",Локальные сети. Оптоволокно. Wi-Fi. Интернет,"Монтаж интернет кабеля, радиомосты, видеонаблюдени"
c8FtLY4dCB7KhdVh,подключение к drivee,Вид услуги Пассажирские перевозки,Подключение Drivee Драйви Индрайвер,Подключение к Индрайвер(Drivee),Подключение к Индрайвер (Drivee) на ваш авто,Подключение Индрайвер Без Л Drivee авто любое,Подключение к Drivee такси
YdA3QTNc4XlkJaZS,обзвон клиентов,,Обзвон баз Колцентром Холодные звонки,Маникюр педикюр на дому,Массаж,Химическая завивка волос,Массаж
97riL8KqQJ3RDw6Z,перемотка генераторов,Вид услуги Ремонт и обслуживание техники,"Перемотка и ремонт электродвигателей, генераторов","Ремонт, перемотка электродвигателей","Перемотка и ремонт электродвигателей, насосов",Перемотка электродвигателей. 24 часа,Перемотка электродвигателей и трансформаторов
9P08STAlVEmsevUr,укладка плитки в санузле,Вид услуги Ремонт и отделка,Плиточник.Укладка плитки. Ремонт ванной и санузла,Санузлы под ключ - плиточные работы,Плиточник Укладка плитки Ремонт ванной комнаты,Ремонт санузла под ключ,"Плиточник.Укладка плитки.Ванная,Санузел под ключ"
Mz8pjZqmTgYqE9Fo,промоутер раздача листовок,Вид услуги,Промоутеры Раздача листовок,Услуги промоутера раздача листовок,"Промоутеры, раздача листовок, громкоговоритель",Промоутер раздача листовок(есть громкоговоритель),"Промоутер, раздача листовок, громкоговоритель"
vCu4S5A5UPqe46v4,шахты база,,В Шахтах гайковерт аккумуляторный на 1200нм,Бетон с доставкой,"2-к. квартира, 51,9 м², 5/5 эт.","Launch x431 Thinkcar BD6 Diagzone Pro, X-Pro 5","Гараж, > 30 м²"
fqhZF535oB1vaenF,отдых в лесу,,Домики в Архызе в лесу,"Отдых с бассейном, чаном, баней у озера в лесу","Отдых с бассейном, чаном, баней у озера в лесу","Отдых с бассейном, чаном, баней у озера в лесу","Отдых с бассейном, чаном, баней у озера в лесу"
NNJHMEWmcjRzGFnC,монтаж брущатки,,Монтаж\замена\ремонт кровли. Опыт и договор,Кровля. Кровельные работы. Ремонт кровли. Монтаж кровли,Монтаж газовых котлов,Кровельные работы,Проектирование и монтаж навесных вент фасадов
fB8ZT5yqRG2gceit,доставить товар  из магазина на квартиру,,Доставка товара из Китая с фабрик на прямую,"Байер США Европа, Поиск и Доставка Под Ключ",Доставка товаров из Эстонии.Байер. IKEA,Курьерская доставка,"Байер Европа. Баер. Поиск, выкуп товаров из Европы"
ZLD2SqR3TbsxdlGJ,мне можно тату,,Тату,"Тату в Севастополе, тату-студия, тату-мастер, тату",Татуировки,Тату мастер,"Начинающий тату мастер (быстро, качественно)"
ZzacaOHMbNokWYCp,прокат квад,,Квады прокат. Тренировка на квадах Тюмень,Обучение катаню на роликах квадах,Тренер роликовые коньки квады,Тренер по квадам. Танцы на квадах и роликах,"Обучение катанию на роликах, беговеле"
qXte9Fv85q7jjQoA,с китая,,Доставка товара из Китая по всей России,Байер. Посредник в Китае. Карго. Доставка из Китая,Выкуп товара из Китая Таобао Рoizon 1688 Pinduoduo,"Доставка из Китая, 1688, poizon, taobao",Стоматология в китае
NJ7ZXEg8OH4UDnkY,бухгалтерские услуги для ип и ооо,,Бухгалтерские услуги для ИП и ООО,Бухгалтерские услуги для ИП и ООО бухгалтер,Бухгалтер. Бухгалтерские услуги для ООО и ИП,Бухгалтерские услуги для ООО и ИП. Налоговые консу,Бухгалтерские услуги
mEfNigE4D3uGp7wp,американский аккаунт appstore,,Создание Apple ID США / AppStore любая страна,Создание Apple ID icloud под ключ,Создам Apple ID USA,Создание Американского Apple ID США USA,Создать американский/китайский apple id под ключ
WVYamoPCjMM1jAZr,сервис apple наушники,Тип услуги Мобильные устройства Вид услуги Ремонт и обслуживание техники,Выкуп/Ремонт Техники Apple,"Выкуп Техники Apple,Xiaomi,Samsung",Выездной Ремонт Мобильных телефонов,Покупка- продажа- обмен техники Apple,"Ремонт iPhone, iPad, MI, Samsung, Honor, Huawei"
6Lwro8D5RPG8RbGx,передержка+собак,Вид услуги Уход за животными,Передержка собак,Передержка собак,"Передержка домашних животных (собак,кошек,котов)",Индивидуальная передержка кошек и собак,Передержка домашних животных
wR6jjAqj2VyuL8eY,аренда виртуального сервера,,Аренда виртуального сервера под любые задачи,Виртуальный сервер Ryzen 9950x,Виртуальный сервер Windows,Аренда виртуальных серверов. vps/vds,"Аренда VM с GPU, VDI (Nvidia Quadro, Tesla)"
IsixYCduqaQxONHt,строим дома из сип панелей под ключ,,Строительство домов из сип панелей в Дмитрове,Строительство домов и зданий из сип панелей,Строительство каркасных домов под ключ / дом,Строительство домов / коттеджей / бань / пристроек,Строительство домов под ключ
OizWYj8kL82M9ZT5,аренда рефконтейнера,,Аренда рефконтейнера,Аренда рефконтейнера 40 футов,Сдача в аренду Рефконтейнера,Аренда рефконтейнер 40 футов,Техническое обслуживание и ремонт рефконтейнеров
Y9uLvLGh0ReLn4rR,восстановление волос  модель,"Тип услуги Услуги парикмахера Вид услуги Красота, здоровье",Модель кератиновое выпрямление волос ботокс,"Модели на кератин, ботокс, холодный уход",Модель Блонд,Модели на кератиновое выпрямление/ботокс волос,Модель Кератиновое выпрямление/Боток/Теплый ботокс
Rdl1AYrm6NolKYYW,ремонт приточно вытяжной вентиляции,,Монтаж систем вентиляции,Монтаж приточно вытяжной вентиляции в доме,Приточно-вытяжная вентиляция с монтажом,Монтаж приточно-вытяжной системы в доме,Монтаж систем приточно- вытяжной вентиляции любой
2KMuZQmIHHJFOoIb,сессионный гитарист,,Сессионный Гитарист,"Сессионный музыкант, бас-гитарист, клавишник",Сессионный Гитарист,Сессионный гитарист онлайн,Сессионный барабанщик
eanVNQt3OIUJRm7I,экспресс педикюр,"Онлайн-запись Тип услуги Маникюр, педикюр Вид услуги Красота, здоровье",Педикюр,Маникюр/педикюр,Маникюр педикюр гель лак,Педикюр,"Педикюр, маникюр с покрытием"
aBJ6Fad9ByDxVToI,свадебная площадка в лесу,,Свадебный декор в аренду,"Отдых в лесу, аренда бани и чана","Отдых на природе с баней, отдых в лесу",Свадебный фотограф г. Тюмень,Аренда площадок для мероприятий
lHs57bQdd3SCJBvk,устранение засора канализации,,Прочистка канализации/Видеодиагностика канализации,"Прочистка канализации,устранить засор,чистка труб",Прочистка канализации. Устранение засоров,Прочистка Канализации Устранение Засоров Труб,Устранение засоров труб Прочистка канализации
CkOYWrDwxMjJDqAx,плетение кос сормово,"Тип услуги Услуги парикмахера Вид услуги Красота, здоровье",Косы и причёски для Вас и ваших дочурок,Афрокудри афролоконы термозамещение,Африканские косички,"Афрокосы,зизи,де-косы, се-косы, афропрически","Брейды, афрокосы, афрохвост, косы"
Q7iZm8GuBw0RVy3n,моушн дизайнер,Вид услуги Деловые услуги Тип услуги,"Графический дизайнер,баннер,сертификат,меню",Графический дизайнер,Графический дизайнер,Графический дизайнер,"Графический дизайнер, иллюстратор, оформление сооб"
3rIJriwH04DtMPZ6,грузоперевозки в красноярске,,Перевозка автомобилей автовозами в/из Красноярск,Грузоперевозки Межгород Грузовое такси Грузчики,Автовоз Красноярск Владивосток Красноярск,Грузовое такси газель,Грузоперевозки Газель Грузчики Грузовое Такси
gDTdLOyLRt6Yj3vT,сборка пк под заказ,,Сборка пк на заказ под любые задачи,Сборка Пк на Заказ под любые задачи,"Сборка пк под заказ, подбор комплектующих",Сборка пк на заказ под любые задачи,Сборка пк на заказ
hGrPUb8F5VoHf5Pq,микроволновая печь ремонт,,Ремонт микроволновых печей. Ремонт микроволновки,Печка камин ремонт печи,Клининг уборка квартир мытье окон,Чистка дымоходов мангалов и вытяжек плит,"Уборка квартир, коттеджей. Мытье окон. Химчистка"
KjXuuEOJtqV57R3A,3d визуализация,Тип услуги Дизайн интерьеров Вид услуги Ремонт и отделка,Дизайн интерьера / 3D-визуализация,3D визуализация интерьера в 3ds max,3Д визуализация,3D Визуализация интерьера,"3D визуализация мебели, интерьера"
bPB7Wvu4aW4J4yRb,строительство печей,,Печник. Камины печи мангалы барбекю,Помпейская печь из шамотного кирпича,"Печник. Кирпичный мангал, барбекю зона","Зона барбекю, мангал, печь. Услуги печника",Камины печи барбекю
SqsalLJMVMsq0pwQ,омск павлодар,Вид услуги Пассажирские перевозки,Пассажирские перевозки минивен Омск Павлодар Аксу,Омск-павлодар: пассажирские перевозки,Омск - Павлодар: Пассажирские перевозки(такси),Такси межгород Омск Павлодар,"Пассажирские перевозки, такси Павлодар-Омск-Экибас"
EzAChoiKpNOOxKtA,муж на час плиточник,Тип услуги Вид услуги Ремонт и отделка,"Муж на час, электрик,сантехник",Муж на час,Мастер универсал Муж на час,Муж на час,Мастер/Муж на час/Сборка мебели- частник
gkFso4YyKq8QyrVC,у тановка замков услуга,,Вскрытие замков дверей. Замена. Установка замка,"Дубликаты ключей на авто, ремонт замков","Вскрытие дверей, авто, гараж, рем. замков зажигани",Замена замка. Ремонт замка. Установка замка,Замена замков / Ремонт замков / Врезка замков
UdMSCWGUOhu7qHQO,безводный аммиак,,Внесение аммиака безводного в почву,Селитра - нет. Безводный аммиак 82.2 азота - да,"Перевозка, аммиака",Доставка безводного аммиака,Внесение безводного аммиака в почву
DKcf2cOSmH1bS3Hn,постоянная прописка собственник,,Внесение собственника в ЭПТС,ЭПТС Выписка Изменение Внесение Собственника,Аренда экскаватора от собственника,Аренда гусеничного экскаватора собственник,"Грузоперевозки бортовой машиной 3,5 и 10 тонн"
Wcd0ECisdwrPgVBn,изготовление шкафов купе,,Изготовление по вашим размерам Шкафы купе Кухни,Изготовление мебели на заказ кухни шкафы прихожие,Альмебель.Шкафы купе на заказ,"Шкаф-купе. Индивидуальное изготовление, под заказ",Шкаф купе от производителя
1vLMj2GQWeRVi8LH,иин казахстана,Вид услуги,ИИН казахстана за 1 день,Зарубежная банковская карта снг ИИН Казахстана,Международная карта снг,"Карты Казахстана, Беларуси, Армении и Киргизии",Банковская карта зарубежного банка
C4aom1fhpPgo3aA1,фото с овчаркой,,"Немецкая овчарка, прогулка с собакой","Знакомство с породой, прогулки с овчаркой (бшо)",Вязка Восточно-Европейская овчарка,"Фотосессия, праздник с красавицей овчарко","Фотосессия детская, индивидуальная"
TN2HakCpBYnUfvTp,кератиновое выпрямление волосы,,Кератиновое выпрямление волос,Кератиновое выпрямление/ботокс волос,Кератиновое выпрямление волос,Кератиновое выпрямление волос,Кератиновое выпрямление волос от проффесионала
tQ4hK8TVD8Lsq85n,демонтаж сейфов,,Вскрытие дверей сейфов авто 24/7,Вскрытие замка/сейфа/двери,Вскрытие замков машин дверей сейфов 24/7,Вскрытие замков машин дверей сейфов 24/7,"Аварийное вскрытие замков, машин, сейфов"
nBpQeTt1L3RDsqQT,аренда катера без капитана,,Аренда катера без капитана,Аренда катера без капитана,Аренда катера без капитана самый мощный(5 чел),Прокат аренда катера без капитана,Аренда катера без капитана
5dSQbve1NeLinvQ2,окрашивание ленты для художественной гимнастики,,Окрашивание лент для художественной гимнастики,"Обмотка и покраска предметов, лент для худ. гимн",Художественная гимнастика ск «Золотая лента»,Аэрография предметов для художественной гимнастики,Роспись предметов для художественной гимнастики
xB75W4fXZAk3NEco,машинная вышивка на заказ,,Машинная вышивка от 1 дня,Машинная вышивка на заказ оптом и в розницу,"Машинная вышивка, Компьютерная вышивка",Машинная вышивка на одежде,Машинная вышивка на одежде
BWhFg8DYk4TTZj6b,семейный бассейн,,Сауна с бассейном подогревом,Дом у моря посуточно с бассейном,Оживление фото / Трогательное семейное видео,Психолог. Очно/онлайн,Экскурсия
tgMWsPDNoywOxBkA,демонтаж здания,,Снос домов Демонтаж зданий в Ростове,Снос домов и демонтаж зданий,"Снос домов, снос построек",Демонтажные работы под ключ качество,Демонтажные работы
ONt76nXib2g0Liv2,ремонт наушников airpods,Вид услуги Ремонт и обслуживание техники,Ремонт наушников airpods max и airpods max 2,Ремонт наушников Apple AirPods Max,"Ремонт наушников Airpods, jbl, samsung, sony","Ремонт AirPods Pro. Треск, хрипят, шипят",Airpods замена аккумулятора
9iUBpipDGN5CaIqZ,аренда катера спб,,Аренда катера без капитана без прав СПб,Аренда яхты аренда катера в центре СПБ,Аренда катера в СПб,Аренда катера с капитаном в СПб,Аренда катера с теплой каютой в СПб
ANq76KW4Badh24k2,услуги частника круглосуточно эвакуатора от,,Услуги эвакуатора от частника круглосуточно,Эвакуатор частный /частник без посредников 24 часа,Услуги эвакуатора круглосуточно частник,Услуги эвакуатора круглосуточно.частник,Эвакуатор.услуги эвакуатора частник
fGqrEJtDr711Wcpm,преподаватель по биологии,,Репетитор по химии и биологии,Репетитор по биологии ЕГЭ онлайн,Репетитор по биологии,Репетитор по биологии ЕГЭ,Репетитор по биологии ОГЭ ЕГЭ
96GjKnN1Pplzkwen,огнетушители покупка,,Покупка Огнетушитель оу2 оу3 оу5 оу10,Огнетушитель оп-4 нержавеющая сталь хромированный,Покупка баллона кислородный 40л,Перезарядка огнетушителей,Огнетушитель для Гендер Пати
NabpQAh1D2XZo6LZ,грузоперевозки газель переезды грузчики,,"Грузоперевозки, переезды газель","Грузоперевозки, грузчики, газель, переезды","Грузоперевозки, Газель, грузчики, Переезды",Грузоперевозки переезды газель грузчики,"Грузоперевозки, Газель, Переезды, грузчики"
h1jchkxmfTek4RvK,приемка квартир после ремонта,Вид услуги Деловые услуги,Приемка квартир,Приемка квартир в Новостройках СПБ и Лен. области,Приемка квартир / Строительная экспертиза СПБ,Приемка обьектов недвижимости от Застройщика,"Приемка квартир, оценка квартир, тепловизор"
P0CWqNYy2Rl6iZF7,наращивает ресницы,,Наращивание ресниц,Наращивание ресниц,Ламинирование ресниц,LED Наращивание ресниц/Лами ресниц и бровей,Ламинирование и ботокс ресниц
6CmN8VgewXU3fHFM,пескоструйная обработка дисков авто,"Вид услуги Оборудование, производство",Пескоструйная обработка дисков и других металлов,Порошковая покраска дисков.Пескоструйная обработка,Пескоструйная обработка/Пескоструй,Пескоструйная обработка и полимерная покраска,Пескоструйная обработка с выездом
MuXUO9warGVz1Izb,укладка ламината на стену,Тип услуги Полы и напольные покрытия Вид услуги Ремонт и отделка,"Укладка ламината, кварцвинила, отделка балконов",Укладка ламината кварцвинила линолеума,Укладка ламината и кварцвинила.Мастер на час,"Укладка линолеума с заводом на стену, пвх, резины",Укладка ламината кварцвинила линолеума
xEccFq435VTPxZ82,услуги проектировщика,,"Сметчик, Инженер пто, ППР, Проектировщик",Допуск СРО для проектировщиков,"Проектировщик. Чертежи, Схемы, Документация",Проектирование наружных сетей. Проектировщик,Проектировщик по электрике
oXOrNFR2EhYMjj5u,проектировка навеса,,Изготовление навесов и проектировка,"Навесы, входные группы Металлоконструкции на заказ",Навес любой сложности под ключ,Изготовление навесов. Монтаж. Отделка,"Проектирование металлоконструкций, расчеты"
igl1aRvsPNwW5c0m,домик для рыбалки,,Эллинг,"Отдых с баней, чаном и рыбалкой","Рыбалка, отдых, Уфа беседка","Рыбалка с гидом, Уфа, Павловское вдхр",Рыбалка с гидом
AqwaTUlUgWMgmNoR,заправка сплит систем,"Тип услуги Кондиционеры, вентиляция Вид услуги Ремонт и обслуживание техники",Ремонт кондиционеров и сплит-систем,"Ремонт заправка, чистка сплит систем",Ремонт кондиционеров и сплит систем,Мойка и чистка сплит систем,Ремонт Кондиционеров/Сплит-систем
lRANSn2TdQJG8mLB,убрать дерево,"Тип услуги Озеленение, уход за садом и огородом Вид услуги Сад, благоустройство","Уход за садом, обрезка плодовых деревьев","Садовник, посадка, озеленение, уход за садом",Спил деревьев. Расчистка участков,Спил деревьев,Прополка травы уборка участка
lvHlwIJmBNJvrKzu,изготовление ножей под заказ,,Изготовление ножей под заказ,"Изготовление ножей, ремонт, заточка, ножны","Изготовление, реставрация, заточка ножей","Заточка ножей, топоров, ремонт, изготовление ножей",Болты крепления ножей гильотины по металлу
TK2H80IULK8hzeIc,сервисный центр iphone,Тип услуги Мобильные устройства Вид услуги Ремонт и обслуживание техники,Скупка выкуп iPhone,Замена стекла (экрана) модуля на телефон / iPhone,Замена аккумулятора (АКБ) Телефон iPhone Samsung,"Ремонт телефонов iPhone, Samsung, Xiaomi, Honor",Выкуп/Скупка iPhone/Apple
IPPzqV17BXTaExB8,изготовление корпусов из металла,,Изделия из металла Гибка металла,Услуги по обработке металла,Лазерная резка и гибка металла по чертежам,Изготовление изделий из металла,Гальваническое золочение
Z2BKsUw5yRprzoMm,земляные работы зао коп,"Тип услуги Земляные работы Вид услуги Сад, благоустройство",Ручная копка земли и благоустройство территории,"Дренаж участка, ливнёвки, колодцы, канализация",Копка земли,"Минипогрузчик, благоустройство,корчевание",Услуги мини экскаватора копка земляные работы
vEwwt2EaZVtTyLMc,услуги печника недорого,,Печник/Услуги Печника/Кладка печей СПб и ло,"Печник, кладка печей СПб",Печник профессиональный,Ремонт печей \ Печник сделаю как себе,Новая печь \ Печник – кладем с душой
eNXl953W71TknBk8,установка приточной вентиляции,,Монтаж систем приточно- вытяжной вентиляции любой,"Вентиляция,кондиционирование",Приточная вентиляция,Устройство дымохода вентиляции.Чистка,Вентиляция в частном доме
ecY0EfwcxPvohdTY,скупка торгового оборудования,,Скупка торгового рестораного холодильного оборудов,Скупка кассового и торгового оборудования,Скупка торгового оборудования,Скупка торгового оборудования,Выкуп Скупка оборудования
M3smt5AEjHuOvZh8,сложное окрашивание волос в уудрово,,Модель на сложное окрашивание волос,Сложное окрашивание волос,Окрашивание волос/ сложное окрашивание,"Окрашивание волос,сложное окрашивание,полировка,ке",Сложное окрашивание волос
E4GUoD2mBC9Kl2Bq,master установки унитаза,,Муж на час,Услуги мастер на час,Сантехник Установка сантехники Разводка труб,"Мастер добрых дел, мастер на час",Услуги сантехника сантехнические работы
aTP91ksfZys07cAE,монтаж свай ручой,,Железобетоные сваи с обвязкой бетоном и без,Монтаж винтовых свай,Монтаж винтовых свай под ключ за 1 день,Установка винтовых свай. Закручивание свай,Монтаж свай 200х4000
HPJmS1LVmlAa3Ayj,грузоперевозки газель калининград,,Переезды грузоперевозки грузчики газель,Грузоперевозки / газель / переезд,Грузоперевозки. Газель. Грузчики,Грузоперевозки газель доставка грузчики,Грузоперевозки Грузчики Газель
PtIrQCoc3CR9iiAi,проектировщик домов,Тип услуги Проектирование и сметы Вид услуги Строительство,Проектировщик каркасных домов,Проектировщик каркасных домов,Проектировщик каркасных домов,Проектировщик каркасных домов,Проектировщик каркасных домов
ihLwp62mO812ycTl,косметический ремонт фасада дома,,Ремонт и отделка квартир домов без посредников,Ремонт квартир и дома,Фасад Отделка сайдинг панели Ремонт,"Отделка фасада деревянных домов,бань,беседок",Фасадные работы / Утепление / Сайдинг и др
OfhBWymU7uOQdRNB,стяжка полов,Тип услуги Полы и напольные покрытия Вид услуги Ремонт и отделка,Полусухая стяжка пола под ключ,Полусухая стяжка пола от 40м2,Полусухая стяжка пола под ключ,Механизированная стяжка пола в беседке,Капитальный ремонт напольного покрытия
sqq4IWgrJKf7MHtt,газель для вывоза мусора,Вид услуги Вывоз мусора и вторсырья,Вывоз мусора Газель,Вывоз мусора,Вывоз мусора Газель,Вывоз мусора Газель,Вывоз мусора/строительного мусора
py4T5W2RZtwJhMzn,испанский язык егэ,"Предмет или специальность Испанский язык Тип услуги Иностранные языки Вид услуги Обучение, курсы",Репетитор по испанскому языку А1-B1,Репетитор по испанскому языку,Репетитор по испанскому языку,Репетитор по испанскому языку (носитель),Репетитор по испанскому языку
qSCEUDkyhryUauqR,грузоперевозки грузчики,Вид услуги Грузоперевозки,Грузоперевозки газель город межгород грузчики,Грузоперевозки газель+грузчики,Грузоперевозки газель с грузчиками,"Грузоперевозки, газель",Услуги грузоперевозок. Arenda Автовыwка-воровайка
cJzVqIbXMkeqJtZC,акатово откачка септика,,Откачка септиков. Ассенизатор,Откачка септиков. Ассенизатор,"Ассенизатор, Откачка септиков",Услуги ассенизатора откачка септиков,Услуги ассенизатора
MgOyswOexdRV7lEe,косы,"Тип услуги Услуги парикмахера Вид услуги Красота, здоровье","Косы, брейды с канекалоном и без",Плетение кос с канекалоном),Афропрически,Плетение кос с канекалоном,"Плетение брейдов, де кос, афрокос"
Y5QsFamoQ3kvV7RI,установить мойку в столешницу,,Мастер на час-Сборщик мебели,Сборщик Мебели-Домашний Мастер,Врезка(установка моек из камня,Замена столешниц,Замена кухонных фасадов и столешниц
5aDeSKzAoZaZKpjA,плетение кос подростку парню,,Брейды плетение кос,"Разные косы, афрокосы,афронаращивание,афролоконы","Парикмахер, косы плетение для женщины и девочки","Брейды, плетение кос",Брейды косы прически
OPMeX1Fo5dDcHz79,заправка холодильников,"Тип услуги Холодильники, морозильные камеры Вид услуги Ремонт и обслуживание техники",Ремонт холодильников. Заправка холодильников. Ремонт холодильника. Ремонт холодильников с выездом,Ремонт холодильников с гарантией,Ремонт холодильников на дому,Ремонт холодильников,Мастер Виталий. Ремонт холодильников на дому
ferHs4j35M3OpQfG,заправка картриджей hp,Тип услуги Принтеры Вид услуги Компьютерная помощь,Заправка картриджей с выездом,Заправка картриджей. Только для Юридических лиц,"Заправка картриджей, ремонт мфу, прошивка",Заправка Картриджей в Марьино,Заправка картриджей для плоттеров HP
cgv14BzV0kdgWFBQ,гибка резка  металла,"Вид услуги Оборудование, производство","Резка, гибка, рубка металла","Лазерная резка, сварка,гибка металла","Производство корпусов, ограждений, металлоконструк","Ток. фрезер. раб, лазерная резка, гибка. Гравировк",Лазерная резка гравировка Гибка металла
2F3fRdgkGmDxBqvm,выровнить полы,Вид услуги Ремонт и отделка,Замена пола ремонт деревянных полов,Ремонт полов замена лаг,"Услуги мастер на час, мелкий ремонт","Ремонт пола, замена лаг","Услуги мастера на час, Мастер на час"
REET2bXPahcOBXWy,починка джинс,,Штопка джинс,Починка и изготовление протезов,Ателье в ЖК Мандарин,Ремонт одежды,Швея портной услуги
ckpWmLlIVQAFHUHr,архыз такси,,"Трансфер, Такси Архыз, Романтик, Минводы",Трансфер такси Архыз,Эксруксий. Архыз. Такси. Трансфер. Квадроциклы,"Трансфер/Такси Архыз, Романтик,Минводы,аэропорт",Экскурсии Архыз
udxYksuXOSoSN7xn,панорамное стекло балкон,,Безрамное остекление веранд под ключ,"Замена стеклопакета,стекла,зеркала",Обшивка балконов и лоджий. Окна. Балконы под ключ,"Остекление балконов лоджий, обшивка, утепление",Обшивка балконов и лоджий. Балконы и Окна под ключ
bml5oWYvWI4d9doJ,покраска межкомнатных дверей,,Установка межкомнатных дверей,"Ремонт дверей, дверной фурнитуры, замена стёкол",Установка межкомнатных дверей,Установка межкомнатных дверей,Покраска квартир
V2d0ZKdZJ2xhIhcx,монтаж лесов на храм,,"Фотограф на праздник, крещение, выписку",Монтаж строительных лесов,Аренда строительных лесов,Монтаж и демонтаж строительных лесов под ключ,Фотограф на крещение и венчание
euLWpiQND9db9RPK,капельницы животным выезд,,Уколы и капельницы животным на дому,"Уколы, капельницы для животных, вакцинация на дому","Анализы, уколы, капельницы, на дому для животных",Вакцинация собак кошек на дому. Ветеринарный врач,Передержка животных И врач на дом
nXE64HkjmdD6g3Nx,химчистка диван и матрас,,"Химчистка мебели, дивана, матраса, ковра","Химчистка мягкой мебели,кресел, диванов,матрасов","Химчистка мягкой мебели,дивана,матраса","Химчистка мягкой мебели, диванов, матрасов","Химчистка мягкой мебели, дивана, матраса на дому"
hyMZJIp9YDOSL6Vw,карета с лошадью,,"Пони, лошади, кареты. Конные прогулки",Фотосессии с лошадьми Казань,Прогулка на лошадях и романтический ужин,"Конные прогулки, постой для лошадей, фотосесси",Катание на лошадях казань
rbP9kQbyIuQNrrUM,ремонт велосипедов шоссейные,Вид услуги,Ремонт велосипедов,Сборка и обслуживание велосипеда с выездом,Ремонт велосипедов ремонт электросамокатов,Ремонт и обслуживание велосипедов. Veloville,Ремонт \ обслуживание велосипеда Москва
6wNhL17wksjVdZH0,народные танцы на свадьбу,,Шоу-балет на мероприятие Орёл/Брянск/Курск/Москва,Свадебный танец,"Шоу программа.Театр танца""Вдохновение ""","Дуэт, вокалистка на праздник",Свадебный танец
qBRZ86g7VUUWigjU,трансфер из краснодара,,Трансфер / такси из Краснодара / в Краснодар,Трансфер из Краснодара в горы и морю на минивэне,Трансфер минивэн из Краснодара в Тбилиси и Ереван,Трансфер. Такси межгород из Краснодара и области,Комфортные поездки для семьи — Краснодар
iUng73UhH43kpuxh,оценка ремонта сданных квартир,,"Залив квартиры, пожар. Оценка ущерба","Экспертиза, обследование, перепланировка, оценка",Риэлтор,"Риэлтор, купить/продать квартиру, открыть ипотеку",Приемка и Оценка квартир
b1dCVzXWCzMUfL2d,наращивание ресниц парнас,"Онлайн-запись Вид услуги Красота, здоровье",Наращивание ресниц. Парнас,Наращивание ресниц Парнас,"Наращивание ресниц,ламинирование м.Парнас","Ресницы и брови Парнас СПб, Опыт 10 лет, LED","LED- наращивание ресниц с ноской 1,5 месяца"
30ACIhQpz8QxWqdh,установка пакета office,Вид услуги Компьютерная помощь,Установка программ Windows Office Удаленно,Установка программ:Word Excel Photoshop Автокад,Установка программ Аutocad Office Word Excel Adobe,Установка программ Office Word Excel Edobe чистка,Компьютерный мастер на дом Ремонт компьютеров и ноутбуков Установка Windows и программ
vyp6fmuWtlnzJN3V,ремонт потолка штукатурка,Вид услуги Ремонт и отделка,"Ремонт квартиры,дома,штукатурка,обои,заливка пола","Поклейка обоев, покраска, полы, потолки, стены",Отделочные работы под ключ,Отделочные работы(ремонт и отделка квартир),Ремонт и отделка квартир
pvHzUdj6xy3NldFp,грузоперевозки москва батуми,,Грузапассажирски перевозки,Москва-Владикавказ -Тбилиси -Кутаиси-Батуми,Грузоперевозки москва грузия переезды,Гузоперевозки Грузия,Грузоперевозки Газель / Фура / Москва и область
qjSrURAd9FdHwGdm,ремонт электроники плат пайка,Вид услуги Ремонт и обслуживание техники,"Муж на час, Пропайка плат приборок,стиральных маш",Ремонт станков с чпу,Ремонт плат GEA,Пайка/заделка узлов прохода мембраной,Ремонт телефонов и мелкой бытовой техники
6NcOwPQmaRm0JVH4,японский язык с нуля,,Преподаватель японского и английского языка,Репетитор по японскому языку онлайн,Репетитор по японскому языку онлайн,Репетитор по японскому языку,Японский с нуля и до экзамена
2RaVmfzH0QBFSS1O,кремация животных,Вид услуги Уход за животными,Кремация животных Усыпление,Усыпление Животных Собак и Кошек Кремация Животных,Усыпление Животных Собак и Кошек кремация Животных,Усыпление Животных /Собак Кошек /Кремация Животных,Усыпить собаку.Усыпить кошку.Кремация
5Dk6Q7FE4BnZX7Mm,софийские озера,,Экскурсии по Архызу и кчр,Экскурсий Трансфер Такси по Архызу,Джипинг в Архызе,Услуги экскурсии,Экскурсии Архыз
PO3liloY22pKb8TS,настройка газовых котлов baxi,,Ремонт газовых котлов baxi,Ремонт газовых котлов,"Ремонт котлов, тех.обслуживание, настройка",Ремонт газовых котлов baxi ariston и другие,Ремонт газовых котлов
lZTj0fDTnMlTe5Pf,забор из профнастила,"Тип услуги Ограждения, навесы, рольставни Вид услуги Сад, благоустройство",Забор из евроштакетника / установка заборов,"Установка забора, ворот, навеса под ключ",Установка заборов профнастил штакетник,"Забор под ключ / Профнастил, штакетник, 3D сетка",Каркас забора. Стоимость за работу с материалом
7RpMGtLW2GrObPHG,изготовление брелков под заказ,,"Изготовление медалей, брелоки, флаги, вымпелы",Корпоративный брелок обвес на заказ,Изготовление ремувок с логотипом на заказ,Брелки с фото акриловые,Деревянные брелки с Вашим логотипом
8DWqG1FCNOmIiJYK,чистка унитаза,Тип услуги Сантехника Вид услуги Ремонт и отделка,Сантехник Услуги сантехника Слесарь,Проверка качества ремонтных работ,Устранение сложных засоров. прочистка канализации,Сантехник.Все виды работ,Сантехник Услуги сантехника Слесарь
L6ZIKes1c4lvTgUL,аренда грузового автомобиля на час,,Автоподбор Грузовой техники Тягачей Диагностика,Машиноместо,Эвакуатор,Грузоперевозки газель,Аренда автомобиля с водителем премиум класса
uqkAHTzA5KUeUuIH,шлифование бетона,,Шлифовальная машина по бетону,"Аренда шлифовальной, затирочной машины по бетону",Аренда Мозаично-шлифовальная машина Сплитстоун GM-122 380v,Аренда мозаично-шлифовальной машины по бетону со-300,Шлифование и полировка бетонных полов
4sAOSzUFwpJNTl8I,такси везет,,Пластиковые карты такси,Водитель в такси Работа в такси аренда авто выкуп,Грузовое такси грузоперевозки доставка каблук,Грузовое такси грузоперевозки доставка каблук,Вахта 15/20/30 Сортировщик (Нижний Новгород)
8emo0xr1RdaBwLd0,открытие авто и изготовление ключа,,"Вскрытие авто, открытие замков автомобилей всех ма",Вскрытие открытие замков дверей АВТО,"Вскрытие авто, открытие замков автомобилей всех ма","Вскрытие авто, открытие замков автомобилей всех ма",Открыть замок. Открытие авто без ключа. Закрылось
vNOeQdoUwj0ge6Bu,выравние и штукатурка стен под покраску,,Шпаклевание стен покраска,"Штукатурка, шпаклевка стен под обои, покраску","Покраска, Шпаклевка, Штукатурка стен и потолков",Механическая штукатурка стен Нижний Новгород,Механическая штукатурка. Гипсовая штукатурка
urs5qmo03NS8Ljcr,репетитор по  егэ обществу бежицкий район,"Вид услуги Обучение, курсы",Репетитор по географии. Подготовка к ОГЭ и ЕГЭ,Репетитор по истории и обществознанию ЕГЭ / ОГЭ,Репетитор по обществознанию / Подготовка к ЕГЭ,Репетитор по истории и обществознанию ЕГЭ/ОГЭ,Репетитор по английскому языку
jGRrBxEuPXzklBSk,грузовик такси,,Водитель с грузовиком 2 т,Сдам грузовик в аренду,Аренда автомобиля под такси комфорт +,Переезды Грузчики. Грузоперевозки.Межгород,Подключение к Яндекс такси
stoAS8Jijg7BJ9nP,цинкование,,Горячее цинкование автомобиля,Горячее цинкование,Гальваническое цинкование,Анодирование алюминия цинкование металла,"Гальваника, цинкование, реставрация"
Hz8Cb6Sna1BrLeU2,создам школьный проект,,Школьные предметы. Школьные проекты,Школьные предметы. Школьные проекты,Школьный проект 9-10-11 класс,Школьный проект 9-10-11 класс,Школьный проект 9-10-11 класс
TGksODrDbRpyi5dH,шугаринг холодный,"Вид услуги Красота, здоровье","Шугаринг Некрасовка ЖК ""Самолёт""","Шугаринг Р-н Выхино, Некрасовка",Шугаринг,"Шугаринг, эпиляция для девушек, Люберцы",Шугаринг депиляция + депиляция фитосмолой
aisvpj9CNzOcW5vO,заделка крыши герметик балкон,,Крыша на балкон крайнего этажа,Крыша над балконом,Ремонт крыши балкона / Ремонт кровли балкона,Крыша над балконом под большим углом,Установка крыши на балконы и лоджии
am7gw3uoFnzf4YuG,проводка электрики в доме,,Электрик - Услуги Электрика,"Электромонтажные работы,скс",Услуги электрика на дому / электрик,Электрик Сантехник Мастер на Час,Электрик
Ys8uO0VYUcoU1lgV,ремонт стиральных машин. запчасти с собой,,Ремонт стиральных машина на дому,Ремонт стиральных машин,Ремонт стиральных машин. На дому (Качественно),Ремонт стиральных машин. Ремонт сушильных машин,Ремонт стиральных машин. Частный мастер
QllwpTrOEwNZFvLQ,сантехник новочеркасская протечка,,Мастер на час Сантехник Электрик,Ремонт сантехники. Устранение протечек,Качественный ремонт и установка сантехники,Аренда танцевального зала,"Сантехник, частный мастер, слесарь"
g9RlhKxvbqBtLEva,френч с лак дизайном маникюр гель,,"Модель на французский маникюр, френч/гель лак","Маникюр, френч, покрытие, гель лак,наращивание","Маникюр гель лак, наращивание ногтей, педирюр",Маникюр и педикюр,Маникюр Luxio М. Беляево
QoRbIEZ2o2S1Walg,вскопать землю вручную,"Тип услуги Земляные работы Вид услуги Сад, благоустройство","Земляные работы, копка вручную, работа по участку",Земляные работы вручную(Ландшафтные работы),Земляные работы / Бригады в Чебоксарах,Землекопы /Ручная копка,Ручная копка земли
OICcC6XWnYLEaaiY,вынос  без вывоза дивана из квартиры,,"Вынос/вывоз мебели,хлама,техники/очистка квартир","Разборка/вынос мебели, услуги грузчиков","Вынос и вывоз старой мебели, мусора, техники",Вывоз мусора / хлама,Вывоз старой мебели СПб
NjN1ejLAO1syg4cX,"оценка , независимая экспертиза ущерба",,Экспертиза ущерба / оценка / независимая эксперт,Независимая экспертиза оценка ущерба автомобиля,Независимая экспертиза ущерба / оценка имущества,Независимая оценка ущерба,Независимая экспертиза
U1NTn495ugMhaQBO,тренер по шахматам офлайн,"Тип услуги Дизайн, рисование Вид услуги Обучение, курсы","Тренер по шахматам, репетитор по шахматам, шахматы",Тренер репетитор по шахматам международный мастер,"Тренер по шахматам, авторская методика, прогресс",Тренер по шахматам (репетитор),Тренер по шахматам
1x4c4WSBzEKbcbQJ,репетитор по физике и математике онлайн,"Тип услуги Предметы школы и вуза Вид услуги Обучение, курсы",Репетитор по математике и физике,Репетитор по математике и физике/ЕГЭ/ОГЭ,Репетитор по математике и физике Онлайн,"Репетитор по математике, физике, информатике","Репетитор по Математике, Информатике и Физике"
oxRsLHlhbTgWNoWm,баня басейн,,Аренда бани с бассейном,"Баня на дровах, бассейн, дом 65м²",Баня на прицепе,"Русская баня, сауна на дровах",Баня-караоке на дровах с купелью
V1pUvq5IGr7ATO3N,коммерческая мебель,Тип услуги Сборка и ремонт мебели Вид услуги Ремонт и отделка,Мебель на заказ от производителя,Сборка мебели.Ремонт мебели. Сборщик мебели,Сборка металлических шкафов и стеллажей для юрлиц,Сборка и разборка мебели,Кухни на заказ под ключ
MFa8ite8dx7kN1HX,гравировка на камне,,Гравировка на камне (памятник),"Лазерная гравировка на металле, пластике, камне",Лазерная гравировка на металле/пластике/камне,"Лазерная гравировка металла, пластика, камня и пр",Гравировка на памятниках / Гравер по камню
ZggPZcllvmvNw4s4,аренда лофт,,Аренда лофта для ваших событий,Лофт с караоке AST и PlayStation 5 PRO,Аренда лофта с караоке,Пространство/зал/лофт для мероприятий,"Кафе ""Прайд"""
ZmZYn3wx63gJkRYj,забить сваи,Тип услуги Фундаментные и бетонные работы Чем вы занимаетесь Фундаментные работы Вид услуги Строительство,Свайный фундамент. Забивка бетонных свай,Фундамент жб сваи под ключ / Установка свай,"Забивка свай, свайные работы, лидерное бурение",Монтаж (установка) винтовых свай под ключ,Монтаж винтовых свай под ключ
5frpLbM25ThygjNR,печать фотт,,Печать фото и документов,Футляры для печати б/у,Печать логотипов и надписей на одежде. Термопечать,Печать стикеров наклеек,Наклейки. Печать от 1кв.м
uXlbigXvBQygCSqB,работа само занятыми бухгалтер,,"Бухгалтер для ИП, ООО (усн,осно,псн) дистанционно",Регистрация ИП и ООО,Персональный фитнес-тренер,"Бухгалтер усн,осно",Бухгалтер удаленно + налоговый юрист
iCzOVimdZ1UNJoPZ,вскрытие замков автомобиля,Тип услуги Вид услуги Ремонт и отделка,"Замена замков, вскрытие авто, вскрытие замков","Вскрытие замков, вскрытие автомобиля, ремонт",Вскрытие дверных замков и автомобильных,Вскрытие замков Дверей Автомобилей Замена Ремонт,"Вскрытие замков, вскрытие авто, замена замков"
rKc18J0nv7UaZ7bu,маникюр брагино,,Маникюр/наращивание ногтей в брагино,"Маникюр брагино, укрепление гелем","Маникюр, педикюр, дизайн брагино центр",Маникюр Брагино Норское,Маникюр брагино
y84TZxaswLCRv4JM,лофт для девичника,,"Лофт для праздника, девичника, вечеринки","Аренда лофта ""Очень странные дела"" для мероприятия","Идеальный лофт для девичника, караоке в центре СПб",Аренда лофта в парке Сокольники с караоке,Аренда зала Лофт для дня рождения
pfadiqkPxmuZPI2a,пиканиска купить,,Аренда пиканиски,Аренда ножничного подъемника (пиканиска),Аренда ножничного подъемника 8 м,"Аренда пиканиски, ножничный подъемник 22 метра НДС",Аренда ножничного подъемника / пиканиски 12 м
TiPVoUH7KQXfjMHK,аренда бассейны,,Аренда бассейн -джакузи и сауной,Семейный теплый бассейн,Аренда Бани Джакузи Бассейн спа,Аренда сауны с бассейном,Баня сауна с теплым бассейном
2ETYggoFdT17FCBM,скупка микроволновок,,Ремонт микроволновок любой сложности с гарантией,Ремонт микроволновок на дому,"Ремонт микроволновых печей (Микроволновок, свч)","Ремонт микроволновок, свч",Ремонт микроволновок на дому
S5zg6bLpPBODJWOk,сауна с бассейном либерти,,Сауна с бассейном и джакузи,Сауна Баня с теплым бассейном,Сауна с теплым бассейном,Сауна с теплым бассейном,Сауна с бассейном
RCgXME5Z0m4qRzLA,закрыть навес,,"Навесы, ворота, заборы И Т. Д",Навесы и терасы под ключ,Терраса под ключ навес под авто,"Лестницы, заборы, ворота, навесы","Заборы, ворота,калитки, навесы,веранды и оградки"
JQhqDbjrvwdp3hDU,масляный массаж,,Расслабляющий масляный массаж тела,"Мойка деталей двигателя от мазута, редукторов, кпп",Массаж,"Массаж на совесть, работа на результат","Массаж, р-н Южный"
V7kGiZ0NAPw2Pi96,мелирование приокский,,Ци Мень. Прогулки за удачей,"Кастрация/стерилизация кошек, вызов на дом",Подбор Мотоцикла,Фотограф свадебный/ семейный/на мероприятие,Видео через нейросеть
NnYCu8JRmsMzh6iD,газель без водителя,,Аренда газели без водителя посуточно,Водитель с личной газелью,Вывоз мусора Газель,Грузоперевозки переезды газель,Ремонт газелей
kZuEkpl2fjywp7Dj,кровля из пвх мембраны,,"Монтаж пвх мембраны, утеплителя, профлиста",Кровли из пвх мембраны под ключ,Монтаж кровли из пвх мембраны,Монтаж кровли из мембраны пвх,Монтаж кровли из пвх мембран / мембранная кровля
XlO8o1LIoUJOzKH4,авито дренаж участка,,Дренаж участка под ключ. Ливнёвка,"Дренаж участка под ключ,ливневка,отмостка",Осушение участка / Дренажные работы,Дренаж участка/ливнёвка/водоотведение,"Дренаж участка, Ливневка, Отмостка"
ROv3nUQvJyIsL2XY,ремонт фундамента дома,Вид услуги Строительство,Подъем дома Ремонт фундамента Замена венцов,"Строительство любых фундаментов, домов, бригада",Отмостка вокруг дома Фундамент всех видов,Подъем дома домкратами. Реконструкция фундамента,"Ремонт и замена любых фундаментов, подъем строений"
hLR7C4xRztjo46Bh,массаж эротический часные,"Онлайн-запись Тип услуги СПА-услуги, массаж Вид услуги Красота, здоровье",Массаж на дому. Стоун массаж,Массаж,"Массаж лица, скульптурно-буккальный массаж лица",Общий массаж тела,Массаж оздоровительный
eOiNpJlKTCl8IqGF,мужской расслабляющий массаж,,Релакс массаж мужской,Массажи для мужчин расслабляющий,Массаж простаты. Массаж мужской,"Расслабляющий, авторский, тантрический массаж",Расслабляющий массаж
u03gVfgivQhaoAGR,механическая штукатурка стен,Тип услуги Штукатурные работы Вид услуги Ремонт и отделка,Механическая штукатурка. Гипсовая штукатурка,Механическая штукатурка стен,Механическая штукатурка стен Нижний Новгород,Механическая штукатурка стен в Нижнем Новгороде,Штукатурка. Механизированная штукатурка
UbKSQVGjy6H3fLfF,педикюр снятие,,Маникюр и Педикюр,Маникюр,Педикюр,Маникюр/Педикюр/Наращивание ногтей/ мкр.Нагорный,"Маникюр, педикюр, наращивание"
EEoyXPxMvxJSToJO,дом с чаном снять,,"Домик с баней,чаном и тёплым бассейном у озера","Дом с джакузи, баней и чаном","Баня с Бассейном, Банным чаном, беседкой и домом",Баня на дровах с чаном,"Отдых у озера с джакузи, баней, банным чаном"
etFrcPQeJZlaqHsH,скупка радио диталей,,Радио детали на лом,Скупка радиодеталей разъемов реле Ставрополь,Скупка-Комиссия-Продажа 24/7(T),Скупка холодильников,Скупка цифровой техники
vYNsClRVbJduG81F,стрижка когтей у собак с выездом на дом,,"Грумер.Стрижка кошек и собак,с выездом на дом",Грумер стрижка собак и кошек с выездом на дом,Груминг / Стрижка кошек и собак/обучение,Груминг собак с выездом на дом,Грумер стрижка собак и кошек
GZdE1oAPPrJQ0Mmv,няня к малышу 1 год и 2 месяца,,Няня у себя на дому,Фитнес для мам с малышами 0+,"Детский сад, группа выходного дня, ночная няня","Няня, Ночная няня, Няня на сутки",Бережная и развивающая детей няня
q60rpMcL82SwGqBI,плойка 5 в аренду,"Вид услуги Оборудование, производство",Озонатор в аренду,Аренда генератора 3-5 кВт,Бензобур в аренду,Эндоскоп с артикуляцией в аренду,Строительные леса в аренду
jsvWZhutbS8RDbLv,перевозка детей автобусом,Вид услуги Пассажирские перевозки,"Аренда автобуса, туристические перевозки, перевозк",Пассажирские перевозки автобус,"Пассажирские перевозки по рб. РФ, Автобус",Пассажирские перевозки микроавтобус,Аренда автобуса/трансфер
cRBMup7kkF1as9Oa,замена дисплея huawei планшет,,Переклейка дисплеев iPhone/айфонов,Замена дисплея,"Замена стекла, дисплей samsung, xiaomi","Замена дисплеев всех tecno infinix oppo, huawei",Замена стекла/дисплея в iPhone/Samsung/Huawei/Mi
LKdzjxego6mKiHPd,водопровод установка счетчика,Кто оказывает услуги Частный исполнитель Кто оказывает услуги Компания,Банный Комплекс кит устрой себе праздник,Установка водяных счетчиков,Подолог,Массаж нижних конечностей,"3 d косы, брейды, афрохвост, косички, афрокудри"
viYDYy8TXjwwyqIo,грузовики 5 тонники грузоперевозки,Вид услуги Грузоперевозки,Грузоперевозки 5 тонн,Грузоперевозки газель бортовая,Грузоперевозки 5 тонн на Hyundai hd78,Грузоперевозки до 12тон,Грузоперевозки Межгород Газель Фура 1 5 10 20 тонн
vDmDrT324D6EewdZ,обучение на бухгалтера с нуля индивудальные занятия,,Обучение на главного бухгалтера с трудоустройством,От нуля до главного бухгалтера+ 1С:Бухгалтерия,"Обучение на главного бухгалтера, индивидуально","Обучение зарплата и кадры, 1С зуп",Обучение УСН научим с нуля вести всю отчетность ИП
VYweh84bqqMsh158,фотограф неформальный,,Нишевый неформальный фотограф,Переводчик английского и итальянского языков,Уроки игры на скрипке,"Свадебный фотограф, фотограф на свадьбу",Фотограф
OyBdLQzxnzayOprh,техническое обслуживание котла,,"Ремонт,настройка,установка газовых котлов",Ремонт и обслуживание газовых котлов,Ремонт газовых котлов,Ремонт и обслуживание газовых котлов Baxi (бакси),"Ремонт и установка газовых колонок, котлов и плит"
AG2z5zlF6uFFqRQg,mercedes аренда,,Аренда авто с водителем Mercedes E-class 2022г,Аренда vip авто Mercedes Maybach с водителем,"Вип трансфер. Аренда Mercedes майбах, Байкал",Аренда Прокат Премиальных авто Mercedes G63,Прокат кабриолета Mercedes Benz C-Class
yuoADT0sxVFVuoWA,барнаул кудри,,Биозавивка волос,"3D-кудри,брейды,косы,термозамещение","Требуются модели на 3Д кудри, де косы, брейды","Афролоконы, кудри, косы",Биозавивка волос. Химическая завивка. Кудри
YMAfusiUYp0lnIvj,собрать диван,Тип услуги Сборка и ремонт мебели Вид услуги Ремонт и отделка,"Сборка мебели, разборка мебели, мелкий ремонт",Сборка мебели. Собрать шкаф. Собрать мебель,Сборка и разбор мебели,"Сборка мебели, кухни,корпусной мебели,сборщик",Сборка мебели
yXMHKUZ4XqaWk9Zx,переварить газовую трубу в квартире,,"Профессиональная переварка порогов, арок, днища",Вентиляция и дымоотводы,"Услуги по переносу газовой трубы, счетчика",Перенос газовой трубы. Подключение газовых плит,Газификации частных домов
3uxAiHAIg9rSXMkT,ремонт тв на дому,Тип услуги Телевизоры Вид услуги Ремонт и обслуживание техники,"Триколор тв: обмен, установка, ремонт, оплата",Ремонт телевизоров на дому,Ремонт телевизоров с выездом на дом гарантия 1 год,Ремонт телевизоров на дому. За 1-день. Звоните,Ремонт телевизоров \ гарантия \ выезд на дом
JmGGRVRpAk3Z2ZR8,творческие мастер классы для взрослых,,Творческие мастер классы,Выездные творческие мастер классы,Проведение мастер классов для детей и взрослых,Творческие мастер классы тольятти жигулёвск,Мастер-классы для детей и взрослых в Тольятти
VU1VNNxpGR6mfGRo,визитки за час,,Расклейщик и почтальон,Визитки корпоративные,Печать визиток + дизайн. Типография,Печать визиток + дизайн. Типография,Печать визиток + дизайн. Типография
m8w7MFoND2cK8AFh,сделать маникюр на дому купавна,,Услуги маникюра на дому,Мастер маникюра на дому,Аренда BMW 2021г. с водителем,Мастер маникюра на дому,Маникюр и педикюр на дому
XzLIwx3XlJIHnWoA,сдать сломанный жк телевизор,,Ремонт ЖК телевизоров на дому. Телемастер. Настройка каналов,Ремонт ЖК телевизоров Настройка и обслуживание телевизоров на дому,Ремонт ЖК телевизоров I Мастер по телевизорам I Ремонт телевизоров на дому I ремонт тв,Ремонт ЖК и LED телевизоров. Телемастер на выезд,Ремонт телевизоров ЖК. Настройка. Выезд на дом
QSTDr27JfuMG4l7Y,роспись матрёшек,,Матрешка под роспись,Роспись матрешек,Ручная роспись матрешек,Абашевская игрушка.Роспись матрешки Мастер классы,"Роспись портретной матрешки, неваляшки и шаржи"
G9tFvqnCpqYCK0gt,аренда лофта детского,,Аренда детского лофта,Аренда лофта для детского дня рождения,"Аренда лофта, детские и взрослые праздники",Аренда детского лофта,Аренда лофта на день рождения
OXk0YU7gDGkNgPi5,акб в аренду wenbox,,Аренда электровелосипедов для курьеров wenbox U3,Аренда электровелосипедов для курьеров,Аренда электровелосипеда для курьеров с 2 АКБ,Аренда электровелосипедов для курьеров wenbox U5,Аренда электро велосипеда для курьеров Wenbox U3
B25wLwI9EYz9ly9I,всервтие замков,Тип услуги Вид услуги Ремонт и отделка,Мастер по замене и ремонту замков,"Установка ""умных"" замков",Ремонт замков.Ремонт ручек.Вскрытие дверей,Установка/ Замена/ Ремонт дверных замков,"Вскрытие замков. Ремонт, замена, установка замков"
DKIwmRDNW9vz0qvl,варовайка,,Автоняня,"Демонтаж стен, построек, вывоз, утилизация","Обучение кофеманов и бариста, кофейный аудит",Вязаные вещи ручной работы,Кровельные работы
UIw1MgyJLd8S1moU,аренда мебели,,Аренда стола всепогодный 170х90,Аренда мебели для Вашего мероприятия,"Аренда стульев, столов, кресел, диванов, мебели",Аренда столов Аренда стульев,Аренда мебель посуда
prroPQG9HfIlmpqe,массаж предстательной железы,,Массаж,Увеличение молочных желез,Стрижка собак и кошек,Груминг Стрижка собак и кошек,Груминг собак и кошек
cVEHtfG3X1OM5d6N,ремонт домофонов urmet,,Urmet ремонт и обслуживание домофонов Урмет,Ремонт домофона Urmet 1709/11 CxModo,"Домофон Fermax, Comelit, Urmet, Siedle, BPT и др","Urmet 1038, ремонт установка видеодомофонов",Установка трубок домофона
wJQSskCNDI8Id5bD,настроить видеокамеру,,Видеонаблюдение / монтаж видеокамер Иркутск,Видеонаблюдение установка / монтаж видеокамер,Видеонаблюдение установка/монтаж видеокамер,"Монтаж видеокамер, ip камер, видеонаблюдения, скуд",Мастер. Монтаж видеонаблюдения
sRH6xRr8PJbfY3T2,мастер по ремонту варочной панели,"Тип услуги Варочные панели, духовые шкафы Вид услуги Ремонт и обслуживание техники","Ремонт варочных панелей, духовых шкафов, плит",Ремонт варочных панелей / Ремонт духовых шкафов,Ремонт варочных панелей Электроплит Духовых шкафов,Ремонт духовых шкафов и варочных панелей,Ремонт духовых шкафов и варочных панелей
PowXC5x73KT9CJVL,мастер класс нижнее белье,,Девичник мастер класс по пошиву трусиков,Мастер-класс по шитью,Производство нижнего белья - швейный цех,Обучение пошиву нижнего белья,Пошив одежды и нижнего белья
9vt02FUCvBzU2qaX,женское комьюнити,,Женское комьюнити москва,Женский клуб для москвичек,Репетитор по английскому языку онлайн носитель,"Тренер по большому теннису, Москва",Полусапоги женские 40 размер
10RZdP046pFP08wF,модель на мужскую стрижку,"Вид услуги Красота, здоровье",Ищу модель на мужскую стрижку,Модель на мужскую стрижку,Модель на мужскую стрижку,Мужская стрижка,Мужская стрижка
xrQ9eeWXdZLPZkdB,репетитор английского онлайн,"Предмет или специальность Английский язык Тип услуги Иностранные языки Вид услуги Обучение, курсы",Репетитор английского языка,Репетитор по английскому языку,Репетитор по английскому языку онлайн,Репетитор по английскому языку для взрослых,Репетитор по английскому языку
AyHTftILaHXE9d9K,репетор по русскому егэ онлайн,,ЕГЭ по русскому языку. Репетитор по русскому языку,"Репетитор егэ/огэ по литературе, русскому языку",Репетитор по русскому ЕГЭ,Репетитор по русскому языку ОГЭ и ЕГЭ онлайн,Репетитор по русскому языку ЕГЭ и ОГЭ
dOkMGT15iHV5jLsl,астролог натальная карта,,Астролог/ Консультация/ Натальная карта/ Таролог,"Астролог, натальная карта/ Хорар","Натальная карта, астролог, нумеролог, соляр",Натальная карта под ключ. Астролог,"Консультация астролога, натальная карта, онлайн"
BG9mEsEOYoh3x9of,автошкола права в,,Автошкола Категория Б. Рассрочка 0%,Автошкола Категория Б. Рассрочка 0%,Автошкола Категория Б. Рассрочка 0%,Автошкола Категория Б. + за 0 Категория А,1-ая Автошкола
TCjBRet4AM7YND21,вывоз канализации,,"Мини экскаватора копаем траншей и ямы,канализация",Канализация под ключ/Ямобур копка ям,"Проектирование водоснабжения, канализации",Откачка канализации,"Откачка канализаций,мойек"
wYuWuZPsARqwv3jt,ремонт трубы дымохода,,Вакуумная Чистка дымохода за 30 минут Омск,"Дымоходы и Вентиляция. Установка, монтаж","Чистка дымоходов, чистка печей и дымохода","Продажа и монтаж банных печей, дымоходов",Чистка печей и дымоходов
BJ60ZS11GZoVeIYm,рабочее место для парикмахера,,Аренда рабочего места парикмахера,Аренда рабочего места парикмахера,Аренда рабочего места мастера парикмахера,Сдам в аренду рабочее место парикмахера,Аренда рабочего места парикмахера
XrI8YAhJ28TPtXRr,аренда света на свадьбу,"Вид услуги Праздники, мероприятия",Аренда света на свадьбу / корпоратив,"Свет на свадьбу, аренда света",Звук и свет на свадьбу. Караоке,Свет в аренду Световая стойка LED Bar,Ведущий на свадьбу+ вокал+звук + свет
YOWz5yGonWJUI4AY,лизинг без первоначального взноса,,"Авто в лизинг для физ лиц, ООО, ИП / Лизинг авто",Помощь в покупке авто Камаз 54901 без банка лизинг,Лизинг,Помощь с лизингом автомобили/спецтехника,Помощь с лизингом автомобили/спецтехника
7C7EOYTRdcOXnGNO,карта для оплаты зарубежом,Вид услуги,"Оплата картой Visa/Mastercard, Европа США Китай","Сочи, зарубежная банковская карта",Оплата зарубежных сервисов и товаров,"Оплата сервисов, вывод оплата пейпал, paypal",Карты Таро Таролог
9yxrO826Ov0Bxmmy,разработка мобильных приложений,,"Разработка мобильных приложений. Android, iOS",Разработка мобильного приложения,"Мобильное приложение для кафе,пиццерий,суши баров","Мобильные приложения, разработка программ, сайты",Разработка мобильных приложений iOS/Android
3wrE9oSGsPTz6VNY,скупка ipad,,Скупка техники Apple iPhone Android Ps4 / Ps5,"Скупка Игровых Приставкок PlayStation, Nintendo","Скупка, выкуп, ремонт техники Apple","Скупка пк, Ноутбуков и комплектующих. Не рабочие",Скупка Выкуп техники Apple iPhone Samsung PS5
KlOXcp8mstPifY04,няня мусульманка,,Няня мусульманка,Няня для ребенка,"Няня для ребёнка. Няня на пару часов, на ночь",Няня для ребенка на час,Няня для ребенка
0Mflm159FSXnIMGN,окрашивание корней,,"Смывка из черного, колорист, окрашивание, аиртач","Окрашивание волос, выход из черного — колорист",Окрашивание волос аиртач,Окрашивание волос модель,Услуги парикмахера
V60AL1E7OLTXLhTW,газовая сварка,"Тип услуги Сварка, ковка, металлоконструкции Чем вы занимаетесь Сварка, ковка Вид услуги Строительство",Сварщик,Сварка сварочные работы г. Камышин,Сварочные работы авто,Сварочные работы,Сварка «Аргон»
rVW7JtCjJ2kR2DD9,купить вашу ванну,Вид услуги Вывоз мусора и вторсырья,Вывоз мусора и вторсырья,Помощь в вывозе ванн и радиаторов (0-00 p),Утилизация холодильников,Вывоз мусора. Услуги самосвала,Вывоз мусора газель с грузчиками
M2lesjEZO2mLgv6z,сделать маникюр недорого,,Маникюр,Маникюр,Маникюр педикюр на дому,Маникюр на дому,Маникюр
zVtJb0G3buVrsdue,мужское бритье бикини,"Вид услуги Красота, здоровье",Бритьё,Модель на мужскую стрижку,Восковая депияция женская мужская,Мужская бережная депиляция (воск и шугаринг),Восковая депиляция
g8PiJI4q56sP62Ul,нужен проект 2 этажного дома,,Проект дома из газобетона. Проектирование домов,Проект дома из газобетона. Проект каркасного дома,Проект дома. Конструкторский проект,Проект дома. Конструктивный проект,Проектирование домов из газобетона
lkd4o3imWBQfqjOO,перетягивание стульев,,"Перетяжка мебели, обивка мебели",Стулья в аренду,Ремонт деревянных стульев,Стул,"Чехлы на любые стулья (в аренду), банты, юбки"
saqMtBrHVYrIW6lj,ремонт колодца,"Тип услуги Скважины, септики, колодцы Вид услуги Сад, благоустройство",Прокладка водопровода проколом,Бурение скважин на воду,Канализация и септик под ключ,"Ремонт люков, септиков, водопроводных колодцев",Бурение скважин на воду
jSRFXF2iSjhdVwSy,гелий надуть шары,,Надуть свои шары Гелием,Надуть шары гелием,Надуть свои гелиевые шары,Гелиевые/ воздушные шары/ надуть шары,Гелиевые шары
NEfImivbDRrJTClD,разблокировка iphone блокировка активации,,Разблокировать iPad 2/iPad 3/ iPhone 4S/ iPhone 5,Разблокировка iPhone/Восстановление Apple ID,"Разблокировка телефона, iPhone, android",Разблокировка iPhone iCloud Apple ID с гарантией,Разблокировка iPhone iCloud Apple ID с гарантией
NpDnlZvYEEWdDIQN,замена стекла на apple watch,Тип услуги Мобильные устройства Вид услуги Ремонт и обслуживание техники,Ремонт часов Apple watch,Полировка часов Apple Watch,"Ремонт Apple (iPhone, MacBook, iPad, Apple Watch)",Ремонт телефонов iPhone/iPad/MacBook/Watch/Samsung,"Ремонт Apple (iPhone, iPad, Macbook, iMac, Watch)"
TU1CcvJcoVXKuAY5,дипломная работа,"Вид услуги Обучение, курсы","Дипломная работа, Отчет, Реферат",Дипломные и курсовые работы,Магистерская диссертация дипломная работа mba,"Курсовая работа, Дипломная работа, Диссертация",От курсовой до дипломной: оформление по ГОСТ
6JActrrCFNWR5eff,ремонт промышленных весов,,Ремонт и поверка весов,Обслуживание и ремонт весов,Калибровка и ремонт весов любого типа,"Организация поверки весов, ремонт весов и касс",Ремонт электронных весов
SVO01iwgBxQJc8Fo,мотоблок аренда,,Ремонт культиваторов и мотоблоков,Вспашка земли мотоблоком. Окос травы,"Мотокультиваторы, скарификатор аренда в Туле",Вспашка земли мотоблоком,Вспашка земли мотоблоком мотокультиватором
YgxvktDRtYVFDtn3,заправка кондиционера автомобили cruze,"Тип услуги Кондиционеры, вентиляция Вид услуги Ремонт и обслуживание техники",Заправка кондиционеров сельхозтехники,"Установка, ремонт и обслуживание кондиционеров","Чистка, заправка, ремонт кондиционеров",Ремонт кондиционеров Чистка Заправка Обслуживание,Ремонт и заправка кондиционеров
yyQQB8Wc5Qrg30Mn,монтаж ограждения,,Монтаж барьерного ограждения,Монтаж ограждений,Монтаж ограждений,Монтаж дорожного и пешеходного барьерных ограждени,Монтаж пешеходного ограждения
2LPjPvu4WWWjqENk,сварщик головка автомобиля,,"Сварка алюминия. аргон,полуатомат,рд",Ремонт ГБЦ на BMW 3-er VI Рест.2015-20,Сварщика услуги,Скоростные фрезерные головки,"Восстановление, ремонт головок звукоснимателя"
6hPre31HSNuDW2To,репетитор английский,,Репетитор по английскому языку онлайн для школьников,Репетитор по английскому языку онлайн для школьников,Репетитор по английскому языку онлайн для школьников,Репетитор по английскому языку онлайн для школьников,Репетитор по английскому языку онлайн для школьников
gVmDB53ys3i4GWJR,разбор мебели,,Переезд с грузчиками Разбор сбор мебели Газель,Мастер на час,Вывоз мусора ломовозом. Демонтаж строений,Разбор матрицы судьбы,Подбор мебели осмотр разбор сбор перевозка
Ez1npAM9sTiLaFP1,джибитсы на заказ,,"Селфи зеркало, Зеркало на свадьбу",Торты на заказ/Свадебные,Услуги мастер на час \ Мелкие ремонты,Медали металлические на заказ по вашему дизайну,"Cахарная, вафельная печать, топперы на мастике"
8HanN66fGTclg5de,пескоструйные работы,"Вид услуги Оборудование, производство",Пескоструйные работы,Пескоструйная обработка с выездом,Пескоструй. Пескоструйная обработка,Пескоструйная обработка с выездом,"Пескоструйная обработка, покраска дисков"
6ykwejS9tkRYIKbB,лечение плоскостопия,,Лечение акне/PRP/Плазмотерапия/Плазмолифтинг,Косметолог Чистка лица Лечение акне,Декларация 3 НДФЛ для физических лиц,Детский массаж и электрофорез на дому,"Остеопатия, костоправ, сколиоз"
4NEaiHmM0zDboJtl,вывоз мусора курортный район,Вид услуги Вывоз мусора и вторсырья,Вывоз строительного мусора в Курортном районе,Вывоз строительного мусора камаз самосвал,Вывоз мусора и вторсырья.Вывоз мусора,"Торф, земля, навоз,листья, приму","Вывоз мусора, вывоз вторсырья"
iobeOEctXbf4npyC,3 д визуализация,,Предметная и интерьерная 3D визуализация,3D визуализация,3D Визуализация экстерьера,3D визуализация памятников,3D визуализация памятников
DVYLhTjGsr89bptg,стрижка у вас дома,,Стрижка креативная на дому,Парикмахер с выездом и другие варианты,Стрижка женская на дому,Стрижка кошек с выездом на дом или у меня. Груминг,Стрижка женская на дому
ZqI5eEphCuwMyy0D,запчасти для стиральных машин,,Ремонт Стиральных машин - на Дому,"Ремонт стиральных машин Мыски,Калтан,Малиновка",Ремонт стиральных машин и бытовой техники,Ремонт стиральных машин частный мастер,Ремонт стиральных машин
e7PZRUKXIqCJAWZX,трансфер межгород с животными,,Такси Кубань Трансфер,Минивен Трансфер такси межгород,Краснодар такси межгород трансфер аэропорт жд,Краснодар Такси Трансфер Межгород Сочи / Аэропорты,От 350 км Межгород такси Трансфер Без попутчиков
Fpgi27l93y48bwHw,установка кондиционеров караман,Вид услуги Монтаж и установка техники,Установка кондиционеров,Установка Кондиционеров,"Установка кондиционеров, чистка, мойка, заправка",Продажа монтаж обслуживание кондиционеров,Установка кондиционеров
JzJKuoz15ePQQuif,накат на обувь,,Ремонт подошвы на кроссовках и другой обуви,"Ремонт дорогой, элитной обуви",Ремонт и Реставрации обуви,"Ремонт обуви, изготовление ключей",Ремонт Химчистка Реставрация Покраска Обуви Сумок
Ef5Vt80wmgNtsI5i,образование,Кто оказывает услуги Частный исполнитель,Интимное отбеливание,Услуги маникюра на дому,Психолог Консультации онлайн,Услуги подолога,Психолог онлайн / Семейный психолог
2O5jlZ6Z90EFDOqs,грузоперевозки по брянской области,,Грузоперевозки,Грузоперевозки,Грузоперевозки,"Грузоперевозки Брянск, Москва, Россия",Грузоперевозки Грузчики Газель Переезды
cVVSdHVoAJCANuKH,морозостойкий натяжной потолок,Тип услуги Потолки Вид услуги Ремонт и отделка,Натяжные потолки,Натяжные потолки с установкой за 1 день /РАССРОЧКА,Натяжные потолки в Грозном Монтаж за 1 день,Натяжные потолки в рассрочку,Натяжные потолки
FrTE1nmgk36JthgK,вертолет затирочный в аренду,,Затирочная машина по бетону / вертолет в аренду,Аренда вертолета для затирки по бетону Карелия,"Затирочная машина ""Вертолёт"" аренда",Затирочная машина вертолет в аренду,Затирочная машина по бетону аренда с оператором
Lhrru2z2FugE515U,вывоз мусора пухто 27м3,Вид услуги Вывоз мусора и вторсырья,"Вывоз мусора, пухто, ломовоз, контейнером",Вывоз мусора,Вывоз мусора перевозки строительного тбо пухто,Вывоз строительного мусора контейнер 8м3 27м3,Вывоз мусора
bp64ej0rTUHHpRrz,коуч по финансам,,Коуч онлайн. Коуч по финансам,Лайф коуч по стандартам ICF,Разговор по душам/ коуч,"Коуч, психолог онлайн",Коуч по открытию медицинских клиник — под ключ
Y1aJc8poXyWAjFdS,тёплое беседка,,Аренда теплой беседки,Аренда теплой беседки,Аренда теплой беседки,Аренда теплой беседки 4сезона,Теплая беседка большая с мангалом
iZnBVxznIJgvQolw,тренер по восстановлению,,Персональный тренер по фитнесу,"Аренда спорт зала, фитнес коворкинг","Тренер для беременных до и после родов, Самара",Тренер по стретчингу,"Прикладная кинезиология, реабилитация"
fvNcdIi0JI0urwth,мастер чтобы сделать лестницу,,Деревянные лестницы,Бетонные лестницы,Лестницы из дерево изготовление и сборка,Лестницы любого вида и стяжка,"Лестницы (Дуб,бук и ясень)"
YcWrK6dgP3VbflZW,аренда sprinter с водителем,,Аренда микроавтобуса Sprinter с водителем,Аренда микроавтобуса mercedes sprinter 2024 г/в,Аренда микроавтобуса с водителем в г. Москва,Пассажирские перевозки аренда автобуса с водителем,Заказ микроавтобуса мерседес белого цвета
VgbuK87qSgWEGElz,эцп без рутокена,,Копирование эцп настройка эцп электронная подпись,"Настройка эцп, установка укэп, фнс, еис, этп","Копия эцп,копирование электронной подписи","Настройка эцп, копирование эцп, регистрация еис",Rutoken Lite чистый
lL41jZkxBGxkLh3H,фотограф пхукет,Вид услуги Фото- и видеосъёмка,Фотограф на Пхукете,"Таиланд — помощь, консультации, фото и видеосъёмка",Фотограф,Фотограф,Фотограф
SaphOIMmjyspThAv,регистрация газа,,Регистрация гбо и переоборудований на авто,Установка гбо 4 поколение. Газ на авто,Внесение изменений в конструкцию транспорта,Регистрация переоборудования в Гибдд. Тюнинг,Расчет максимального расхода газа Ставрополь
O7s4qN8GfDGssis8,судебные приставы,Вид услуги Деловые услуги Тип услуги Юридические услуги,"Юрист. Долги, суд. приказы, приставы, гражд. споры",Помощь с судебными приставами,"Отмена судебного приказа,ареста фссп",Долги у приставов,Грамотная отмена судебного приказа
FjWtCKNu9WM8O9Km,парикмахер по африканские волосам,,Плетение косичек зизи,Голливудское наращивание волос (афронаращивание),"Брейды, Афрокудри, Африканские косички",Ищу молель на капсульное наращивание волос,"Плетение афрокосичек, афрокудри, локс"
mpCxddZQGM6zZdIx,ремонт раздвижных дверей,Тип услуги Двери Вид услуги Ремонт и отделка,Установка межкомнатных раздвижных дверей,"Двери револьверные,раздвижные автоматические",Раздвижные перегородки и двери.Зонирование пр-ва,Установка межкомнатных дверей,Изготовление и установка раздвижных дверей
zP0OFJDbDlaZUpfG,перевозка автомобилей автовозом,Вид услуги Грузоперевозки,Автовоз. Перевозка автомобилей на автовозе,Перевозка автомобилей на автовозе и эвакуаторе,Перевозка автомобилей автовозами в/из Тольятти,Перевозка автомобилей автовозом по России,Перевозка автомобилей по России на автовозе и фуре
E1vvivMYC3MdIfD8,обложка меню,,Обложка для меню,Папка для меню с файлами 235х320 мм пвх коричневая,Меню деревянное обложка папка кожаный переплет,Книга Миллион меню,Дизайн меню. Дизайн полиграфии
OwySGTKNFCAyswzi,печать на банере,Вид услуги,"Печать на банере, пленке, наклейки,таблички, Фотоз","Баннеры, плакаты, афиши, наклейки, стенды",Наружная реклама Штендеры Стенды Стелы,"Графический дизайнер, Логотип, Визитка",Наружная реклама баннеры рекламная вывеска
X5e89EdEv5u7Qxlj,электрик под ключ,,Монтаж электрики под ключ. Гарантия,Электрик. Услуги электрика. Электрика под ключ. Электрик на дом,Электрик. Услуги электрика. Электрика под ключ. Электрик на дом,Электрик. Услуги электрика. Электрика под ключ. Электрик на дом,Установка опор лэп/ Монтаж сип/ Электрик под ключ
l5oelsKwpj3Lst3w,перманент,"Вид услуги Красота, здоровье",Перманентный макияж и удаление ремувером,Аренда массажного кабинета,"Татуаж бровей волосковый, алопеция бровей","Натуральный Перманентный макияж бровей,губ,век",Перманентный макияж бровей и губ
uKgvDcS9cVQXJCKB,ремонт газовых котлов,"Тип услуги Газовые котлы, водонагреватели Вид услуги Ремонт и обслуживание техники",Ремонт газовых котлов и колонок,Ремонт и техническое обслуживание газовых котлов,"Газовые котлы ремон, диагностика, монтаж",Ремонт и обслуживание газовых котлов,Ремонт газовых приборов:колонки плиты котлы
1SwgTjzXb6hQybid,установка каркаса для заборов,,"Заборы Откатные ворота, Навесы","Монтаж забора из штакета, профнастила",Установка заборов под ключ,"Установка столбов для забора, забор из профнастила",Установка забора / профлист / штакетник / рабица
DrnQHibk674whbGM,опалубка перекрытий аренда,,Опалубка (Аренда\продажа),Аренда опалубки для бетона,Аренда стоек телескопических,Аренда вышки-тура в Пензе,Аренда строительных лесов и другого оборудования
fH0A2MCVLFVuIBmy,танцевальная студия на час,,Корпоратив новогодний в танцевальной студии,"Аренда танцевального зала звоните,не пишите",Танцевальный фитнес,Декорации для сцены,Танцевальный зал в аренду Ижевск
wqmWm92L32eimpvC,уколы на дому затон,"Вид услуги Няни, сиделки",Услуги сиделки в больницу и на дом,"Сиделка на час, день или ночь",Медсестра на дом сиделка,Медсестра на дому фирма Мир/сиделка,Сиделка Уфа
FzujL8Tvr7cbSNMp,печать на бумаге,Вид услуги,Печать и вырезка лекал(выкроек) на электрокартоне,Печать лекал,Печать ваших фото/документов,"Широкоформатная печать плакатов, лекал и чертежей","Печать документов А3, А4, сканирование, брошюровка"
tPWmATASsDeXVWeo,внесение изменений в конструкцию автомобиля,,Внесение изменений в конструкцию транспорта,Внесение изменений в транспортную конструкцую,Внесение изменений в конструкцию транспорта,Переоборудование (изменение конструкции авто),Оформление переоборудования автомобиля регистрация
ACA48f8Y0ZxGZ7Ko,акция маникюр педикюр,,Маникюр педикюр,Маникюр Педикюр Наращивание,Маникюр педикюр наращивание ногтей,"Маникюр, педикюр, наращивание",Требуются модели на маникюр и педикюр
hNp0A0cBuEoAnIPj,приёмка чермеда с выездом,,Доверительное управление недвижимостью,Прием черного лома с выездом,Бритье кошек с выездом,"Лазерная Чистка авто, металла с выездом",Ультразвуковой контроль (узк) с выездом
d3pMh7umk0pTeKKd,реставрация  кухонной мебели,Тип услуги Сборка и ремонт мебели Вид услуги Ремонт и отделка,"Покраска кухонных фасадов, реставрация мебели","Ремонт сколов, царапин, вмятин на мебели",Сборка мебели,"Сборка мебели, установка и подключение бытовой тех",Ремонт мягкой мебели
N0n2Q7vN2WGYuiFZ,биопротеиновые волосы,"Тип услуги Услуги парикмахера Вид услуги Красота, здоровье",Биопротеиновое наращивание волос,Наращивание биопротеиновых и натуральных волос,Ленточное наращивание волос,Наращивание биопротеиновых волос,Наращивание биопротеиновых волос
9xVZPQZBbpMYOhGd,регрессолог медиум,Вид услуги,Психолог онлайн/ Гипнотерапевт /Гарантия результат,Психолог Гипнотерапевт онлайн,Услуги разнорабочих все виды работ,"Все виды парикмахерских услуг, мужские, женские","Вскрытие, Замена, Ремонт замков / Круглосуточно 24"
ram9M45YH2cwGTCX,реставратор,Вид услуги Ремонт и отделка,Реставрация мебели и паркета,Художник - реставратор,"Реставрация сумок, химчистка обуви","Реставрация,ремонт / замена ламината без разбора","Реставратор мебели, плитки и камня"
fPMKxRbaXvPTrPvZ,монтаж дверных проемов,,Установка дверей межкомнатных/входных,Установка межкомнатных и входных дверей,Отделка откосов. Откосы,Отделка откосов дверных и оконных,"Установка меж комнатных дверей любой сложности,а т"
H51x1QkI4L7GeC8C,выравнивание стен гипсокартоном,Вид услуги Ремонт и отделка,Монтаж гипсокартона,"Покраска, шпаклевка, штукатурк, гипсокартон, обои",Монтаж гипсокартона,Монтаж гипсокартона потолки/стены/перегородки,"Монтаж - Демонтаж l Потолки,стены,перегородки гкл"
dXr9b6EK4vDGUFin,бурение ямок,,Аренда ямобура услуги бурения,Аренда услуги ямобура вездеход,Алмазное бурение/Алмазная резка,"Аренда ямобура,вездеход без посредников",Аренда ямобура услуги
G9DHu7mDlWY889ST,разработчик проектировщик мебели,,Конструктор-проектировщик мебели,Конструктор проектировщик мебели,Проектировщик базис мебельщик,Устрою на Frontend разработчика,Устрою на Frontend разработчика
TAIp11dxlWCOtrJu,прокат мопедов,,Ремонт - обслуживание скутера мопеда,"Обучение вождению на мотоцикле, скутере, мопеде",Электромобили для проката,Прокат аренда мотоциклов,Аренда прокат легкового прицепа
29LZqSVEhC05CW4y,аппарели 3т,,"Сходни Трапы Аппарели / Трап складной 0,3т Сорокин","Грузоперевозки 3,5,7тонн аппарель(гидроборт) рохля",Грузоперевозки рефрижератор 3 тонны,Грузоперевозки межгород,"Грузовик с манипулятором, сходни, монтажная люлька"
8JfS5hkffmslWx3R,банковская карта оаэ,,Регистрация компании в ОАЭ/Гонконге/Сейшелах,Зарубежная банковская карта,Зарубежная банковская карта Казахстана,Банковская карта зарубежного банка Visa,Зарубежная банковская карта для моряков visa
sy8xZdG0Ga96mXwl,макияж на дом,,Укладка и макияж,Макияж и прическа для гимнастки.Спортивный стилист,"Макияж, визажист",Вечерние и свадебные макияж и причёски визажист,Визажист
UH8Ohv7kuEyL1CkP,лофт для мероприятий с караоке с кальяном,,"Аренда лофта с караоке и кальяном,ps 5, проектор","Аренда Лофта с караоке, сценой, мангалом, верандой",Аренда лофта с зоной BBQ и караоке,Аренда лофта для мероприятия с караоке и верандой,Лофт Crystal с караоке и Playstation5 Менделеевска
MPXsePDmyRJ120PM,чистка лица раменское,,"Косметолог, Массаж, Чистка Лица Раменское",Косметолог-эстетитст/Подолог,"Косметолог, губы, ботокс, чистка. Раменское","Чистка лица,RF,карбокситерапия,Жёлтый пилинг",Косметология/косметолог
74zF8dVA8skANpp1,прочистка дымохода от шершней,,"Ремонт дымоходов, прочистка и ремонт труб на крыше",Монтаж дымоходов и вентиляции. Акт форма 15,Акт форма 15 (ф 15)вентиляция и дымоходы в Рязани,Чистка дымохода от сажи за 30 минут,"Печник. Установка печей, каминов и дымоходов"
8Wvw1g8Xh0rEV3lh,сопровождающая охрана,"Вид услуги Охрана, безопасность",Личная охрана,"Личная Охрана, Решение конфликтов",Предоставление профессиональной охраны,Охрана,Личная охрана решение проблем
Lk6jdFz0KEw9NMId,перекрытие татуажа,,"Перманентный макияж, перекрытие старго татуажа",Обучение Перманентному Макияжу,Удаление тату/ татуажа/ ПМ,Удаление татуажа / ПМ / tatu,Перманентный макияж/татуаж/Камуфляж шрамов
Uz0QUh3K4asLsPtC,ресницы брови,"Тип услуги Ресницы, брови Вид услуги Красота, здоровье",Модель на брови и ресницы,"Ламинирование ресниц, ламинирование бровей","Наращивание, ламинирование ресниц и бровей","Наращивание ресниц,Ламинирование ресниц и бровей","Наращивание ресниц, ламинирование ресниц и бровей"
YzS5397M0lhyfdyS,обучение танго для взрослых,"Тип услуги Дизайн, рисование Вид услуги Обучение, курсы",Обучение плаванию детей и взрослых,Проведение мастер классов,Восточные танцы обучение/ танец живота,Постановка свадебного танца,Танец живота обучение
DMV7tvRkAkX1qC1j,газорезчик,,Газорезчик,Газорезчик 5 разряд вахта Москва,Услуги газорезчика,Газорезчик выездной Режу металл на металолом,"Услуги газорезчика, сварщика. демонтаж/монтаж"
4BWiatiXgdcOZjDw,обработка пола,Тип услуги Полы и напольные покрытия Вид услуги Ремонт и отделка,Ремонт полов замена лаг балок,Ремонт полов замена лаг,Ремонт полов замена лаг,Полы ремонт монтаж под ключ,Ремонт полов / Монтаж полов
zIHnSynuYL5tx3N9,простые люди на фотоссесию,Вид услуги Фото- и видеосъёмка,Фотоссесия через нейросеть. Смени аватарку,Доберман для фотосессии,Видеосъемка на Кипре,Портрет по фото на заказ,Услуги фотошопа - Удаление фона - Замена лица(ии)
EqaW4ZdzYC8glGz6,надувная лодка аренда,,Надувная лодка пвх под мотор бу,Аренда надувной палатки,Аренда надувного реквизита на мероприятие,Аренда (прокат) сапбордов,Сдам лодки в аренду с мотором (6 л.с.)
fXk7qh02FoLboUYf,плитка мусор,,Вывоз мусора,Вывоз старой мебели.Вывоз мусора,"Демонтажные работы, вывоз мусора, грузчики",Демонтажные работы и вывоз мусора,Укладка плитки
s0ZLNbTAKf2XeCE0,поклейка обоев шпаклевка,Вид услуги Ремонт и отделка,Шпаклёвка стен Поклейка обоев качественно,Поклейка обоев Шпаклевка Покраска,Поклейка обоев. Подготовка стен. Шпаклёвка,"Поклейка обоев, фресок, бесшовных обоев, шпаклевка",Поклейка обоев
vzXvKB2eOJrNBT4h,аренда кабинета психолога,,Аренда кабинета психолога,"Аренда кабинета психолога, логопеда, массажиста",Аренда кабинета психолога/детского психолога,Почасовая аренда кабинета психолога,Аренда кабинета психолога почасовая
EeFEjNS0pCnsg4qr,маляр валентина,,Маляр услуги,"Маляр, крашу все, свое оборудование",Маляр на безвоздушную покраску,Штукатур-маляр,Услуги маляра штукатурка
XTMkKbHY1slvMmvn,прием металлолома вывозом,Вид услуги Вывоз мусора и вторсырья,"Прием черного металлолома всех видов, вывоз","Выкуп металлолома, Вывоз металлолома, прием мет","Выкуп металлолома, Вывоз металлолома, прием мет",Прием Черных и Цветных Металлов,Прием металлолома
9SA8VmXjmHr8t4HB,лазерная эпиляция глубокое бикини акция,"Вид услуги Красота, здоровье",Лазерная эпиляция диодный лазер,Лазерная эпиляция для женщин,Лазерная эпиляция лица и тела,Лазерная эпиляция без боли,Лазерная эпиляция
zVczyEUCqiBZymu9,подбор автозапчастей,,"Автозапчасти из США, Китая, Европы,ОАЭ","Автозапчасти для иномарок, Автотовары, Запчасти",Автозапчасти для иномарок,Доставка товаров из Польши и Европы,Частный авторемонт
2yeHaCbczm0VDlDS,укладка,"Тип услуги Макияж Вид услуги Красота, здоровье",Макияж / Макияж + укладка/прическа (Полный образ),Макияж /Укладка/Брови,Макияж/укладки,Визажит/Макияж/Укладки/Брови/Прически/Обучение,Макияж петрозаводск
wO3zI24BL4YJYsjM,лофт на день рождения,"Вид услуги Праздники, мероприятия","Лофт для вечеринки, дня рождения в Москва Сити",Аренда лофта в парке Сокольники с караоке,Аренда лофта для дня рождения и мероприятий,Аренда лофта для дня рождения / любых мероприятий,"Аренда лофта для дня рождения, праздника с караоке"
q50WMHJUaf7umLFn,заправка кондиционера автомобили,"Тип услуги Кондиционеры, вентиляция Вид услуги Ремонт и обслуживание техники",Заправка кондиционеров сельхозтехники,"Установка, ремонт и обслуживание кондиционеров","Чистка, заправка, ремонт кондиционеров",Ремонт кондиционеров Чистка Заправка Обслуживание,Ремонт и заправка кондиционеров
MBtfvkpsSOsTqTJM,лицензия в яндекс,,Аренда Лада веста (пропан) с лицензией такси,Работа Яндекс такси Пройдем Фотоконтроль,Аренда авто Haval M6 под такси с лицензией,Образовательная лицензия на любой вид обучения,"Реклама в яндекс, вк и телеге. Эффективно"
RdR7PYUXvGhZX8RZ,бортовой 5 тонн,Вид услуги Грузоперевозки,Грузоперевозки борт 5 тонн,Грузоперевозки 6 тонн открытый бортовой,Грузоперевозки 1 2 3 4 5 6 7 8 9 10 Тонн Перевозки,Грузоперевозки межгород 5 10 20 тонн 1 2 3 фура,Грузоперевозки борт 5 тонн 6 метров
xxbKmwe9Ut4cWSju,снятие старого кафеля,,"Кафельные работы, Кафельщик, Плиточник",Ремонт квартир,"Укладка кафеля, керамогранит,плитки,камня, гранита",Хромирование металлизация золочение декор,Укладка керамогранита
lLU2KbA9KDWnb9ez,курс оформление бровей,,"Оформление бровей, ламинирование ресниц",Оформление Бровей Восстановление,Оформление бровей и ламинирование ресниц,Оформление бровей Геленджик коррекция,Оформление бровей. Ламинирование ресниц
9wfBU9iYx4tINuLd,танцы лежневская 119,"Вид услуги Обучение, курсы",Ремонт Часов,Свадебный танец,Уроки кавказских танцев(кавказские танцы ),Свадебный каравай на заказ,Обучение восточным танцам
XfWOVaBnAE38Nwfk,установка двери,Вид услуги Ремонт и отделка,"Замена замков, замена личинки,замена ручек дверей","Замена замков,личинок,ручек.Ремонт дверей Барнаул","Замена замков,личинок,ручек Ремонт дверей",Замена замков \ Ремонт замков \ Установка замков \ Замена ручек,"Вскрытие замков, Вскрытие дверей"
uIjFWgTfZqPlLWvB,кошу траву,"Тип услуги Озеленение, уход за садом и огородом Вид услуги Сад, благоустройство",Покос травы,Покос травы триммером / сбор травы по мешкам,Покос травы и спил деревьев,Покос травы триммером в Самаре,Покос травы
1Y8VuQYLKxbk89tL,плитка напольная работа,,Плиточник. Укладка плитки,"Укладка ламината, поклейка обоев",Укладка плитки,Плиточник укладка плитки,Идеальные углы плитки
NX4xwjOWfEzGx4l9,настройка гитары,,Ремонт и настройка гитар,"Ремонт, настройка и обслуживание гитар",Ремонт и настройка гитар,"Ремонт гитар, настройка, замена ладов, распайка",Ремонт и отстройка гитар в благовещенске
vbFEw66xKB4z27EC,гелий доставка баллон,"Вид услуги Праздники, мероприятия",Гелий в портативных баллонах для шариков,Заправка и продажа Гелия для шаров,"Баллоны пропан,гелий,кислород,аргон,углекислота,ац",Заправка Гелия в баллон 40л(балон на обмен),Баллон для гелия 30 литров
ScD7QFS6riJTs3cN,установка дымоходов,,Установка печи и дымохода,"Чистка каминов, банных печей,дымоходов",Установка печей монтаж дымоходов в Егорьевске,"Чистка, ремонт дымохода и вентиляции в квартире",Печник. Печи/камины/дымоходы
hEYynTLVrjxjwM2n,бассейн прл ключ,,Строительство бассейнов и хаммамов,Бассейн,Строительство бассейнов,"Бассейны из полипропилена""Оренбург""","Изготовление / ремонт бассейнов, купелей, емкостей"
rWRv2rl21Dn1IRIP,снять дом с баней и бассейном,,Аренда А-фрейм дома с бассейном и чаном у леса,"Аренда дома с бассейном, баней, чаном","Бассейн,баня,аренда",Аренда А-фрейма у леса с бассейном. Чан и баня,Баня с теплым бассейном на улице и мангал
yt0KeYuSIbBtqQcc,обрезь пвх,,Вывезу отходы окон пвх,"Фрезерная резка на чпу пвх, акрила, акп, фанеры","Окна, лоджии двери пвх","Муж на час мастер, ремонт. Все виды работ",Уф-печать на любых материалах
2rkoZDHj8FvjgShZ,ворота калитки,,Забор Ворота Калитка,Гаражные ворота.Металлоконструкции,"Изготовление заборов, ворот, калиток, конструкций",Изготовление ворот,"Забор, Ворота, Калитки, сварочные работы"
RtI3SpyyAmnS7pkg,дробилка для камня,,"Дробилка камня ""Дипсис - 290""","Дробилка для бутылки, молотковые, щековые, шрёдер",Дробилка для камня,Дробилка по камню,Дробилка молотковая
gkumOW44h0obdq0Z,копка погреба,"Тип услуги Земляные работы Вид услуги Сад, благоустройство",Ручная копка земли и благоустройство территории,"Земляные работы,копка сливных ям,траншей",Копка траншей вручную,Землекопы.ручная копка /траншей/септик/погреб,Ручная копка траншей
LxGxvoIczTaN5d1n,печать наклеек и стикеров,Вид услуги,Печать наклеек и стикеров на заказ,Печать наклеек/стикеров наклейки стикеры оптом,Печать наклеек и стикеров любой формы и размера,Печать наклеек и стикеров,"Печать наклеек, стикеров, этикеток любого размера"
Pf7q8hGy8bwMiQUo,мастер-классы,,Мастер класс,Выездные мастер классы для детей и взрослых,Выездные творческие мастер-классы,Женский клуб/мастер класс,Мастер-классы по изготовлению арома свечей
FKPujNqLqjCThGNh,бассейн баня мангал,,"Подогреваемый бассейн. банкетный зал, баня мангал","Баня, мангал, родник, бассейн",Семейная баня с подогреваемым бассейном,Русская баня с бассейном,Русская баня на дровах
aWz82vnFLJcO679n,грумминг мальтипу,Вид услуги Уход за животными,"Грумминг. Стрижка собак,кошек, уход за питомцами","Груминг животных, собачек/ кошек",Груминг собак и кошек,Стрижка (груминг) собак и кошек всех пород,Груминг
e6pMp02hOoBiIYYL,аренда парового очистителя,"Вид услуги Оборудование, производство",Паровой очиститель Karcher SC 3 Anniversary,Аренда пароочистителя karcher,Аренда. Моющего пылесоса. Пароочиститель,Аренда обогревателей и тепловых пушек Иркутск,Аренда промышленных парогенераторов 15 бар 500 л/ч
cc26sGNpf11I1YxX,парикмахер колорист,"Тип услуги Услуги парикмахера Вид услуги Красота, здоровье","Парикмахер. Колорист. Окрашивания, стрижки любой с",Яркое окрашивание волос / Парикмахер-колорист,Парикмахер-колорист с выездом на дом,Парикмахер-колорист Тольятти,Услуги парикмахера колориста
aGUhK6YeXIoxoyRG,мастера монтаж крыши на балконе,,"Любые виды остекления (Дома, террасы, веранды, бал","Окна пвх veka, KBE, proplex. Алюминий все виды",Остекление балконов и лоджий,Окна входные группы балконы лоджии под заказ,"Установка окон, балконов, лоджий и дверей под ключ"
AtAw6J4TBPKNiy1N,заполнение носослезной борозды,"Вид услуги Красота, здоровье",Косметолог,Увеличение губ,"Коррекция подбородка, углы Джоли",Уменьшение носа Безоперационная ринопластика,Контурная пластика + Профиль Джоли углы Воронеж
VApCMb5DSw326QUL,наращивание цветных ресниц,"Тип услуги Ресницы, брови Вид услуги Красота, здоровье",Наращивание ресниц,Наращивание ресниц. Обучение. Ламинирование ресниц,Наращивание ресниц,Наращивание ресниц,Наращивание ресниц
5RZSZ3uRXrWFB7lX,эвакуатор в сормовском районе нижнего,,"Эвакуатор Город, область, Россия",Сопровождающая няня для ребенка,Грумер Сормово Стрижка собак,Баня с чаном в Сормовском парке,Услуги эвакуатора частник
kZXQHYzaGimdGyNc,на маленькое производство,,Изготовление дубликатов гос знаков юзао,Токарные сверлильные сварочные работы,Гос номер на мото нового образца дубликат,Боттарга - Bottarga - Икра Кефали,Выкуп авто на разборку
nYJjt5LDqG6oiauk,поклейка обоев вао измайлово,,Муж на час мелкие услуги,Поклейка обоев,Поклейка обоев,"Поклейка обоев,шпатлёвка,покраска",Качественно поклею обои любого типа
8YVXjmG1UnMjibic,ремонт элетрокотлов,,Ремонт рвд трубок высокого давления Гур / АКПП,Ремонт под ключ,Ремонт квартир под ключ,Качественный ремонт домов коттеджей под ключ,Ремонт квартир.Частник.Без посредников
D2zAeVALOh3VOk2i,курсы excel,,Обучение Эксель. Курсы Excel с нуля до профи,Корпоративные курсы Excel,Курсы Excel,"Курсы по Excel, Word, PowerPoint. Сертификат",Курсы Microsoft Excel
4PLL3VlDpfHSo2nY,услуги по укладке ламината,,Укладка ламината и кварцвинила,"Укладка плитки, ламинат, штукатурка,шпаклевка",Укладка ламината и кварцвинила,Ламинат SPC Укладка - Быстро и Качественно,"Укладка ламината,spc,линолеума,кварцвинил,лвт"
hTmnvC9pTddPNTbK,вывоз хлама из гаража,Кто оказывает услуги Частный исполнитель,Уборка и вывоз хлама с участка,Вывоз мусора,Вывоз строительного мусора/Старой мебели/Хлама,Вывоз старой мебели строительного мусора и хлама,"Вывоз хлама.Расчистка подвалов,гаражей,чердаков"
1rgvZK2VhCvmfIPv,ремонт телевизора lg,Вид услуги Ремонт и обслуживание техники,"Ремонт телевизоров samsung, Lg, Sony и других","Разблокировка, установка Российского региона тв LG","Установка онлайн кинотеатра Samsung, LG,Xiaomi",Установка онлайн-кинотеатров на тв,Ремонт ЖК телевизоров
mbGCnW1WyZkgBFxE,сварщик по,,Услуги сварщика / Выезд сварщика,Услуги сварщика / сварка пнд труб / сварщик,Сварщик,Курсы/обучение на Сварщика/сварка(MMA/TIG/MIG-MAG),Рабочие-сварщики/Арматурщики для стройки в Москве
aI1CURqhG2uBspVk,тур на яхте турция,,"Туры на яхте в 2026, Турция",Аренда яхты в турции,Яхта-тур Турция на 8 человек,Аренда яхты с капитаном. Турция,Прогулка на яхте в Аланье Турция
7hSdfVMflUHGvNXi,залить двор бетоном,Вид услуги Строительство,Сверление подрозетников,Вскрытие замков замена,Демонтаж бетона,Сборка пк под ключ,"Бетонные работы Фундамент, отмостка, стяжка, дорожки"
VEOJy8zbDVyVOZhZ,целительница,"Тип услуги Другое Вид услуги Обучение, курсы",Таролог Приворот Гадание Гадалка Верну мужа/жену,"Снять порчу,сущность,магия,приворот,обучение",Гадание Приворот Обряды Любовная Магия,"Чистка сглаза,зависти,испуга,обид, негатива",Курс перманентный макияж. Обучение
C2TaoG0LPWHuOhw3,мастер колорист,"Тип услуги Услуги парикмахера Вид услуги Красота, здоровье","Парикмахер, колорист женский мастер",Сдаю рабочее место для парикмахера,Парикмахер стилист колорист,Место в аренду для мастера по волосам,Аренда места для парикмахера
kRdVTqG97YQjhOVV,репетитор высшая математика студенту,"Вид услуги Обучение, курсы",Онлайн репетитор по высшей математике (студентам),"Репетитор по Высшей математике, ОГЭ, ЕГЭ","Высшая математика, Физика - Помощь студентам",Решение задач Высшая математика Мат анализ,Репетитор по высшей математике и информатике
ekqAYg91qY7ByxPK,встроенная мебель,,Встроенная мебель из дерева,Стол письменный детский для школьника /дошкольника,Профессиональная сборка корпусной мебели. Частник,Отделка и утепление балконов. Остекление и шкафы,Делаю Демонтаж Слом Вывоз Мусора
mwG4lH7lEZwpawsE,занятия для детей спорт дзюдо,,Занятия дзюдо самбо индивидуальные занятия,Индивидуальное занятие по Дзюдо,Тренер по дзюдо и самбо,Секция борьбы дзюдо и самбо,Дзюдо тренировки
IW8mS4SQ9wZXSJzJ,сварщик трубопроводов,Вид услуги Строительство,Услуги сварщика с выездом,Сварщика услуги,"Поиск подземных коммуникаций, кабеля, трубы",Услуги сварщика,Услуги сварщика
cIa5QgdMe6bUs7HL,установка гардин,Вид услуги Ремонт и отделка,"Услуги мастер на час, мелкий ремонт","Услуги мастера на час, Мастер на час","Услуги мастер на час, сантехник, электрик",Мастер на час,Мастер на час
LaPv6YnUmDUYwzap,услуги ремонта поклейкка обоев,Тип услуги Поклейка обоев и малярные работы Вид услуги Ремонт и отделка,Услуги поклейка обоев,"Малярные работы, поклейка обоев, шпатлевание",Малярные работы шпатлевка поклейка покраска стен,Услуги поклейка обоев,Поклейка обоев
FfxV6pTE0flolRWB,услуги трактора с роторной косилкой,,"Щётка, отвал, скос травы,вспашка плуг,фреза","Вспашка земли.Скос,покос травы.Уборка участков",Услуги мини трактора с ковшом,Услуги трактора,"Изготовление номеров, Жирный шрифт, сувенирные"
HLFKAuV219l9EcIk,оценка ущерба дтп,,Оценка ущерба авто после дтп / независимый эксперт,Независимая автоэкспертиза / Оценка ущерба авто,"Независимая экспертиза, оценка ущерба автомобиля","Автоэкспертиза, оценка ущерба от дтп",Независимая экспертиза / Оценка ущерба автомобиля
7AXliONTxepTDgVp,услуги рабочего на дачу,,Подключу Интернет. Многоэтажные и частные дома,"Помощник по даче, подсобный рабочий",Баня на колесах аренда Пенза,Видеограф на свадьбу / Свадебная видеосъёмка,"Фото на документы и паспорт онлайн, ретушь"
SPLcwauEnBU0t25D,кулаков грузоперевозки,Вид услуги Грузоперевозки,"Грузоперевозки фура 1, 5, 10, 20 тонн",Грузоперевозки межгород,Грузоперевозки 700 кг,"Грузоперевозки, доставка",Грузоперевозки
T97ipW6lrCUm318s,аренда грузового автомобиля с водителем,,Аренда грузового фургона без водителя,Грузовой фургон для переезда аренда без водителя,Прокат авто Лада Ларгус пассажирский,LADA Largus (Лада Ларгус) фургон в аренду,Аренда Fiat Ducato без водителя
xuBsDKTX8zSObCFe,пристрой к даче,,"Терраса под ключ,веранда,пристрой к дому","Пристрой к дому,веранда,терраса","Террасы, пирсы, беседки, пристрои","Пристрой к дома Веранда,Терраса хозблок",Пристрой к дому веранда терраса обшивка
yXSLtT9nmHUvM6TQ,установка карнизов на натяжной потолок,,Натяжные потолки на любой бюджет,Натяжные потолки,Натяжные потолки от мастера,Натяжные потолки Гарантия Качества,Натяжные потолки
4MLhSHbCPPG4sbHi,пеная вечеринка,"Вид услуги Праздники, мероприятия",Пенная вечеринка,Пенная вечеринка. Аниматоры,"Услуги аниматора, пенная вечеринка, серебряное шоу",Пенная вечеринка под ключ,Пенное шоу
7MfSjtoQ2Qm9XBGz,отдых с бассейном,Вид услуги,Отдых с теплым бассейном / Рыбалка,Отдых с подогреваемым бассейном и Рыбалкой,Отдых на природе с подогреваемым бассейном,Отдых в Адыгее с горячим бассейном и баней,Аренда бани на дровах с бассейном
btTIAmMJEfuG0Kct,ремонт асфальта,"Тип услуги Дорожное строительство Вид услуги Сад, благоустройство",Асфальтирование. Укладка асфальта благоустройство,Благоустройство территории,Асфальтирование благоустройства,Асфальтирование укладка асфальта,Благоустройство дворовой территории
8RRMab4zq7TwjC8t,вывести чугунную батарею,Вид услуги Вывоз мусора и вторсырья,"Прием, вывоз чугунных батарей,ванн",Вывоз металлолома ванны чугунные чугунных батареи,Прием чугунных батарей.Прием чугунных Ван,Прием чугунных батарей и ванн,"Вывоз чугунных ванн, чугунных батарей, агв"
1OOU7p4wO21REZNA,тренер мма,,"Pro тренер бокс, мма, ОФП",Тренер по единоборствам,Тренер по единоборствам: Бокс/Тайский бокс/ мма,Персональный тренер по мма и ОФП,"Тренер по мма, бокс, греплинг, самооборона"
w4PYCBMJvaU1Irj3,вывоз мусора в мешках,,"Вывоз мусора, демонтаж",Вывоз мусора,Вывоз мусора,"Вывоз мусора газель, демонтаж. Грузоперевозки",Вывоз мусора
RFGFxq1FF6yUjXKh,мастер по ремонту вытяжки,,Ремонт мелкой бытовой техники,Ремонт стир и посуд машин. Запчасти. Выезд,Мастер на час,Ремонт бытовой техники выезд,Ремонт бытовой техники
TQ3t5RRQxWzJW5cT,цветы из шаров,"Вид услуги Праздники, мероприятия","Композиции из воздушных шаров, Доставка\Самовывоз",Гелиевые воздушные шары,Гелевые шары с доставкой,Воздушные шары,Шары с доставкой
MLKF1YvDl1UTTVpJ,фотозона для свадьбы,,"Декор на свадьбу, оформление свадьбы, президиум",Фотозона,Фотозона,Фотозона для мероприятие,Фотозона. Оформление праздника
QuwGGjiqiXwj94ZV,тиснение на бумаге,,Наклейки на одежду,"Пакеты с лого на заказ, пакеты оптом",Производство коробок от 500 шт,Картина Портрет на холсте по фото печать на холсте,Авто в аренду под выкуп на газу
2VVD0ymMuMaOsu0U,обустройство колодцев и выгребных ям,,"Септик, выгребная яма, кессон, погреб, канализация",Прочистка канализационных колодцев и выгребных ям,Откачка. Чистка септиков и выгребных ям Илосос,"Обустройство скважин Септики,сливные и выгребные я","Септик под ключ, выгребные ямы, кессоны"
eAAR7MPdfzwIogPy,гадалка приворот,"Вид услуги Обучение, курсы",Гадалка Ясновидящая Гадание Приворот Таролог,Гадание приворот гадалка отливка воском обучение,Гадание Таро/Приворот/Расклад/Гадалка,Гадалка приворот Точные расклады таро,Любовный приворот гадалка белая магия
xRHk5UoPQwb2829a,фотограф и видеограф на свадьбу,,Фотограф и видеограф на свадьбу,Видеограф фотограф,Свадебный Фотограф и Видеограф на свадьбу,Свадебный фотограф и видеограф,"Фотограф,видеограф на свадьбу"
Kbymld7gMY2UsjW1,скупка проводов,Вид услуги Вывоз мусора и вторсырья,"Скупка медного кабеля, проводов","Приём / скупка кабеля, проводов",Скупка выкуп утилизация вывоз ноутбуки телефоны,"Скупка/вывоз оргтехники, компьютеров, электроники",Вывоз скупка холодильных витрин
yIN6wsfxEV15nuCJ,стерлитамак грузчики,,Грузоперевозки газель грузчики переезды,Грузоперевозки газель грузчики,"Грузоперевозки,газель,грузчики","Грузоперевозки, газель, грузчики. Вывоз мусора",Грузоперевозки/газель/услуги грузчиков
kGkgghxPOxXCUR65,аренда места для кератина,,Аренда места мастеру по кератину/наращиванию волос,Сдам место для мастера кератина,Аренда парикмахерского кресла,Парикмахерское кресло в аренду,Модели на кератин ботокс
81wSCQCULy2eaoJK,мини татуировки тату мастер тату москва,,"Татуировки, мастер татуировки, мини тату",Тату мастер / тату Москва,Ищу моделей на средние и мини татуировки,"Тату-мастер, аккуратные тату Москва, мини тату","Тату Москва,Тату мастер,Тату модели"
Kn8TUA6bU0KAQd2Y,нарколог,Вид услуги,Ремонт и диагностика FAW. Все виды работ,Ремонт груз авто выездной,Психолог восстановление отношений,"Уничтожение тараканов,блох,клопов,крыс,плесени,ос","Курсовой проект, Чертежи"
PvccMzer2b4Op7Mp,маникюр комбрига,"Онлайн-запись Тип услуги Маникюр, педикюр Вид услуги Красота, здоровье",Маникюр педикюр,Маникюр- педикюр,Маникюр с покрытием и укреплением,"Маникюр ""все включено "" -300 р до конца мая",Маникюр и педикюр в 4 руки
x1yQZhcE1O92Ymcs,романтическое свидание на яхте,,Романтическое свидание на яхте,"Ужин,прогулка на катере/яхте в Москве",Романтическое свидание с видом на Москва сити,Свидание на крыше с обзором 360 градусов,Романтическое спа свидание в зале с джакузи
HkgjjxENu5OCszFi,откидные пластиковые остекление окна распашные,,Пластиковые окна Распашные Откидные Остекление,Пластиковые окна с установкой. Остекление,"Ремонт окон,Пластиковых,AL, дверей.Москитных сеток","Алюмивые окна, Окна пвх и двери от производителя",Остекление балконов и лоджий под ключ
7f9R3TbxocJBW7SO,заменить экран на телефоне,Тип услуги Мобильные устройства Вид услуги Ремонт и обслуживание техники,Замена дисплея на телефоне,"Скупка-Ремонт-Продажа,телефонов",Ремонт сотовых / Замена Дисплея / Стекла / Сенсора,Замена стекла iPhone. Защитное стекло в подарок,Замена стекла (экрана) модуля на телефон / iPhone
UpthoHPrrHArZ5vK,подземелья и драконы,"Вид услуги Праздники, мероприятия",Новогодний шоу-номер Ниндзи с драконом и змеёй,"Декор праздников, фотозоны, оформление праздников",Детский праздник. Самый модный формат,"Праздники и мероприятия, Вау Квиз","Аниматоры, Пенное шоу, Мыльные пузыри"
Q9aNvUB8K4k58mf8,вывоз пещевого истроительного мусора,,Вывоз строительного мусора вывоз старой мебели,"Вывоз мусора,утилизация, демонтаж, газель",Вывоз строительного мусора,Вывоз мусора,Вывоз строительного мусора
1KXGyPHX6b4g4wbD,подручный,,ППР за 24 часа - С гарантией согласования,Ремонт электросамокатов и гироскутеров,Услуги агентства недвижимости в Конаково и районе,Гадание приворот,Комплексный ремонт и модернизация конвейерных систем
HgrZ74RnSgNB6ooA,надувные шары с доставкой на 1 сентября,"Вид услуги Праздники, мероприятия",Воздушные шары доставка по городу,Воздушные шары на день рождения с доставкой,Воздушные шары с гелием,Воздушные шары № 1/Гелиевые шары доставка,Шары на ваш праздник
GpSfE4RJVnw5CrlO,фургон аренда,,Аренда фургона вис без водителя,Аренда новой Газели 4.2м изотермический фургон,Прокат фургона,Аренда газели без водителя,"Грузоперевозки Ларгус Фургон,Вис,Каблук,Пирожок"
m4w9U0bq89MRvkIT,восстановление канализационных труб,,Замена канализационных труб,Бестраншейная замена канализационных выпусков и тр,"Сантехник,Ремонт канализационных насосов",Водопровод и канализация,"Прокол Бестраншейная замена труб,Замена выпуска"
L7C41DUBucaz5VWs,экстрактор,"Вид услуги Оборудование, производство",Мрсб ямобур три в одном бкм-317 мрк-750 мрс бм302,Литье пластика пластмасс под давлением,Металлоискатель аренда,Прокат инструмента,Аренда инструмента и оборудования
TDpb1u79AF1RiRKk,аренда кабинета наращивание ресниц,,Кабинет в аренду,Каворкинг Аренда места мастера наращивания ресниц,Аренда рабочего места для наращивания ресниц,Аренда кабинета 2/2,Аренда кабинета 2/2
LfdcaUDNV7dzF1Tp,психолог эжва,Вид услуги,Маникюр Эжва,Грузоперевозки газель,Изготовление ключей,Консультация психолога,Психолог
2Vf7utjsiWwVZygc,пошив из кожи куртку,Вид услуги Бытовые услуги Тип услуги Пошив и ремонт одежды,Пошив и ремонт меховых изделий,Пошив и ремонт меховых и кожаных изделий,"Пошив толстой кожи, строп, материалов",Ремонт одежды,Ремонт кожаных изделий
rmFv6v6etyw0DXJa,грузоперевозки омск недорого,,Песок,Грузоперевозки межгород,"Грузоперевозки, Попутно, Переезды, Газель",Грузоперевозки газель с грузчиками,Грузоперевозки и переезды межгород от 500 км
34JFYbjbPFseoToq,выкуп электроники,,"Выкуп электроники Телефонов, Ноутбуков и др",Выкуп электроники. Телефоны Ноутбуки Apple Android,Ремонт электроники,Ремонт-скупка пк-ноутбуков-телефонов,Выкуп автомобиля
qF2Ov1klJDpF40lX,ремонт балконов и лоджий под ключ,Вид услуги Ремонт и отделка,Остекление балконов. Отделка балконов,Балконы & Лоджии под ключ. Щёкино,"Установка окон, остекление балконов под ключ",Установка лоджий и балконов под ключ,Отделка балконов. Балкон под ключ качественно
juPL4fhGsRAfz4RA,ровный срез,,Кератин/Ботокс/Холодное восстановление/Счастье для,"Кератиновое выпрямление, ботокс волос",Кератин и ботокс волос,Кератин боткс,"Модель на наращивание волос,загущение,цветной ряд"
W4mcfi6PUIykyRvD,паспорт спортинвентаря на квадроцикл,,Спортинвентарь паспорт электронный эпсм,Спортинвентарь оформить кросс,Спортинвентарь оформить в базе псм ЭПТС,Аренда прицепа для квадроцикла-мотоцикла,Оформление в базе спортинвентарь
JFlDZgHWwzHpLU2J,мастер пк на дом,Тип услуги Компьютеры Вид услуги Компьютерная помощь,Ремонт компьютеров и ноутбуков с гарантией,Мастер по ремонту пк с выездом на дом,Проверка объявлений по комплектующим и сборка пк,"Компьютерный мастер. Ремонт, Сборка пк, ноутбуков",Компьютерная помощь
gH5atukowSD4aBLS,горилла  поздравление,"Вид услуги Праздники, мероприятия",Поздравление Аниматор Горилла на любой праздник,Поздравление от гигантской Гориллы,Горилла поздравление / Серый Волк / Ростовая кукла,Ростовые куклы поздравление от Котика или Гориллы,"Поздравление белый Мишка, горилла, аниматор"
sj4otPYgnZi0aXZX,грузопевощки у грузчики,,"Грузоперевозки на Газели.Вывоз мусора,грузчики""",Грузчики,Грузчики на час разнорабочие,Грузчики,"Грузчики на час, Грузоперевозки,Переезды"
k8WpZKJn6vY6HD7i,отлов кошек,Вид услуги Уход за животными,"Консультант по питанию, воспитанию кошек","Стрижка собак и кошек,м-нСадовый","Стрижка собак, кошек","Стрижка кошек, экспресс линька. Груминг","Грумер,стрижка собак,вычес и стрижка кошек"
5arZSzwtK0aAuwFv,сдвг зпр,,Дефектолог в Сипайлово. Есть выезд,"Адаптивная физкультура, гимнастика для детей с овз","Песочный терапевт, с применением балансира, коври",Дефектолог химки,"Дефектолог, подготовка к школе"
38JLJqhw1ZVgw0qy,чёлка,"Тип услуги Услуги парикмахера Вид услуги Красота, здоровье",Полировка волос и подравнивание кончиков,Услуги парикмахера,Услуги парикмахера,"Контуринг, аиртач, мелирование, окрашивания","Стрижка, окрашивание волос)"
htqOyRpZ0BYVvDrQ,монтаж плинтуса из дюрополимера,Тип услуги Полы и напольные покрытия Вид услуги Ремонт и отделка,"Монтаж плинтусов, молдингов, карнизов, полов","Монтаж дюрополимера, плинтус, молдинг, панели","Монтаж плинтусов, молдингов, багетов, 3D панелей","Укладка ламината и кварцвинила, установка плинтуса",Монтаж напольного и потолочного плинтуса
2Njmse8NP0Y4VwPM,разборка и строительство домов бань,,"Строительство Домов Бань из бруса,6м*6м,8м*8м","Ремонт и отделка деревянных домов, бань","Строительство домов,бань","Строительство домов, бань, гаражей и т. д","Строительство домов,бань"
U49v5mhN43ojeiW4,работники залить фундамент под забор,,"Строительство и ремонт дачных домов, беседок и тд",Забор. Забор под ключ. Установка заборов,Плотники всё виды строительство,Монтаж забора и откатных ворот,Фундамент под ключ любого типа и уровня сложности
OlB6jPYz4YOY7Yeq,ремонт колеровочного оборудования,,Ремонт колеровочного оборудования,Ремонт и обслуживание оборудования,Ремонт консервного оборудования Закаточных машин,"Ремонт лифтового оборудования, плат управления",Ремонт станков производственного оборудования
KzFAJyxhgK8ONzBz,возьму попутчика,Вид услуги Пассажирские перевозки,"Трансфер, Такси межгород Екатеринбург Челябинск","Трансфер, минивен, пассажирские перевозки",Пассажирские перевозки трансфер минивен Хендай,"Трансфер, пассажирские перевозки",Автобус на заказ.Пассажирские перевозки. Трансфер
6eXmubcvrWsrk4Ja,штукатурка покраска стен,Тип услуги Штукатурные работы Вид услуги Ремонт и отделка,Декоративная штукатурка стен,Шпаклёвка стен под обои / покраска,Шпаклёвка стен и штукатурка стен,Механизированная штукатурка,Штукатурка стен по маякам
gpFZCzerl418gpl7,тонирование окон,Тип услуги Окна и балконы Вид услуги Ремонт и отделка,Тонирование стекол дома/ на балконе,"Тонирование окон, балконов,тонировка,бронирование","Окна, сетки, стекла","Тонировка окон.Тонировка балконов,лоджий",Тонирование окон балконов бронирование окон
MfvtU5Z7EaI8WyB5,обшивка пластиковыми панелями балкона,,Остекление и отделка балконов. Пластиковые окна,Откосы на окна. Отделка балконов. Входные двери,"Балкон под ключ, лоджия под ключ, остекление балкона, утепление балкона, теплый балкон, отделка лодж",Отделка панелями пвх любой сложности,Балкон под ключ окна
inqtgmQd6tAN5xcY,аренда фотостудии домашний стиль,,"Аренда фотостудии, зал в стиле СССР",Фотостудия в аренду,Аренда фотостудии,Аренда фотостудии циклорама,Аренда фотостудии с циклорамой
gykKkMb1OoevzMQh,вывоз строительного мусора газель,Вид услуги Вывоз мусора и вторсырья,"Вывоз Мусора,бытовой, строительный","Вывоз строительного мусора, газель,каблук,грузчики",Вывоз мусора газель камаз,Вывоз строительного мусора с грузчиками,Вывоз мусора
B42bi5KpEsxb5lBe,продленка 40 гимн,"Вид услуги Обучение, курсы",Продленка для детей,Продленка ставропольская,Продленка для детей,Продленка 2025-2026 учебный год,"Продленка-Московская 59, Лузана 19, Сормовская 204"
h1QCtDc5jh47g39c,брокер по продажи бизнеса,,Брокер по продажи бизнеса,Продажа/покупка готового бизнеса. Бизнес-Брокер,Продажа бизнеса. Оценка бизнеса. Бизнес брокер,Услуги по продаже готового бизнеса. Бизнес брокер,"Услуги бизнес брокера, по недвижимости/ ипотека"
DHEmhCeTWb0j7iRX,бригада разнорабочий для прокладки кабеля по потолку,Вид услуги Строительство,Разнорабочие РФ,Грузчики/разнорабочий/разнорабочие/аутсорсинг,Грузчики/разнорабочий/разнорабочие/аутсорсинг,Грузчики и разнорабочие (будут за 2 часа),Разнорабочие Подсобники Русские бригады
JC0Hit2IRJlZxisF,переводчик китайского языка в шанхае,,Переводчик китайского,Технический Переводчик китайского языка,Переводчик китайского языка,"Переводчик китайского языка, Ваш Друг из Китая",Переводчик китайского языка
VlWy5jM7HGUzU02R,замена фронтальной камеры iphone,,Замена камеры или стекла на iPhone – оригинал,Восстановление Face ID iPhone в Омске - Гарантия,Ремонт iPhone любой сложности,Новый аккумулятор Apple iPhone 100% Оригинал,Замена аккумулятора iPhone без ошибки в Омске
qYHTlCsQMdLvBCmS,английский язык для школьников в мини группах,,Английский индивидуально и в мини-группах,Подготовка к ОГЭ и ЕГЭ по английскому языку,Репетитор. Уроки и консультации по англ. языку,"Репетитор по английскому индивидуал, мини группы",Английский детям 1-4 класса
9orGX7Ni3mVcpCKW,украшение зала на свадьбу,"Вид услуги Праздники, мероприятия","Украшение зала на свадьбу, юбилей, организация",Прокат свадебных украшений на машину,"Тяжёлый дым на сухом льду на свадьбу, танец, торт",Оформление свадьбы,Фотозона на день рождения
kbc5RHrifEsvlBa5,работа радиаторами отопления,Тип услуги Сантехника Вид услуги Ремонт и отделка,Замена радиаторов отопления в Петрозаводске,Водяной теплый пол отопление под ключ,"Монтаж систем отопления, водоснабжения","Сантехник - водопровод, отопление, канализация","Сантехник, слесарь сантехник, частник"
TcUhuClXPVrIXIKq,ремонт ножей типа microtech,Вид услуги Бытовые услуги Тип услуги Изготовление ключей,Заточка и ремонт ножей,"Изго. ключей и ремонт обуви,чемоданов,сумок,кнопки",Изготовление ключей и заточка инструмента,Изготовление ключей,"Автоключи ключи, изготовление ключей"
4WOmMDZiP3bTkxXY,каркасный дом пмж,,Каркасный дом 72м² для пмж,Каркасный дом 8х5 всесезонный,Каркасный дом одноэтажный с гарантией,Строительство под ключ каркасных домов,Каркасный одноэтажный дом 6x7
7JEyVraUWOcntQdo,разблогировать гугл аккаунт,,Разблокировка Гугл аккаунт Xiaomi Poco Redmi,Регистрация Gmail гугл почты,"Сброс аккаунтов, паролей, ремонт телефонов, пк,тв","Разблокировка телефона, гугл аккаунта",Разблокировка Samsung Honor Huawei iPhone Vivo
UGUJm1tqrqrQGcsE,реставрация кресел,Тип услуги Сборка и ремонт мебели Вид услуги Ремонт и отделка,Кресло перетяжка Реставрация,"Перетяжка, реставрация, ремонт мягкой мебели","Ремонт кресел, стульев",Ремонт перетяжка реставрация мебели,Перетяжка и ремонт офисных кресел
iiMP1Oqp1VF22MH3,распилка дров,Тип услуги Разнорабочие Вид услуги Строительство,Разнорабочие,Услуги разнорабочих/подсобники,"Разнорабочие, дворники, уборщицы, уборка снега и с",Разнорабочий,Разнорабочие
wOU1den96XUom8MM,грузовой бортовой машины,,Грузовые перевозки,"Грузоперевозки, открытая бортовая до 7тонн,9метров","Грузоперевозки фура 1, 5, 10, 20 тонн",Грузоперевозки. Открытый борт. До 3.6т до 6м,"Аварийное вскрытие, дверей и машин без повреждений"
A8IijQHJjcWtfoC0,установка люстр,Тип услуги Электрика Вид услуги Ремонт и отделка,"Электрик, услуги электрика, установка люстр штроба",Услуги электрика,Электрик/ Электромонтаж,Муж на час,Электрик. Услуги электрика
54DQmxmUML6tJv5K,алмазное бурение без пыли,,"Алмазное бурение, сухое сверление бетона и кирпича","Алмазное сверление, алмазная резка",Алмазное бурение бетона,Алмазная резка,Алмазное бурение
DiWmN1HJVq8QfUB9,скупка офисной мебели,,Скупка и вывоз офисной мебели,Скупка офисной мебели бу,Выкуп офисной мебели,Выкуп и скупка офисной мебели бу,Выкуп и скупка офисной мебели бу
YmOlUgSFoupfItuY,ремонт капсульных кофемашин nespresso,Тип услуги Кофемашины Кто оказывает услуги Частный исполнитель Кто оказывает услуги Кто оказывает услуги Компания Вид услуги Ремонт и обслуживание техники,Профессиональный ремонт кофемашин. Декальцинация,Ремонт кофемашин. Обслуживание кофемашин,Ремонт кофемашин Ремонт кофеварок Выезд,Ремонт кофемашин. Обслуживание кофемашин,Ремонт кофемашин Краснодар. Гарантия. Доставка
18eIF5N57j9O3vbB,ищу master на час плиточник сантехник у метро бульвар рокасовского,,"Мастер на час, Муж на час, Сантехник, Электрик",Услуги мастер на час.(Частный мастер),Аренда кабинета почасовая,Репетитор начальных классов (русский /математика ),Аппаратный массаж RSL скульптор Beatylizer. Рсл
IAW7invZYx04w6jN,ремонт террасы,,Терраса или веранда под ключ,"Строительство веранд, террас и беседок",Пристройка - Терраса - Веранда - Беседка,"Остекление террасы под ключ, окна для террасы","Панорамное Остекление Террас, Веранд, Беседок"
yjk9Alu4GdQ4kmYm,ресторан для празднования дня рождения,"Вид услуги Праздники, мероприятия",Организация банкета в ресторане/Юбилей/Мероприятие,Аренда лофта под мероприятие с фотозоной и караоке,Банкетный зал на день рождения,Банкетный Залы,Аренда банкетного зала
g1OLDudkRyXcoyvp,регулировка окон schuco,,Ремонт и регулировка окон Schuco (Шуко),"Ремонт алюминиевых окон schuco, reynaers, hueck",Ремонт алюминиевых окон Schuco,Ремонт алюминиевых окон Schuco,Ремонт окон Schuco. Частный мастер
xzwLwo7ZljmtWqKO,машина с подъемником,,Аренда ножничного/коленчатого подъемника-пиканиски,"Аренда и услуги ножничного подъёмника, 14 м",Аренда и услуги ножничного подъёмника,Грузооперевозки Фура 20тонн,Ремонт стиральных и посудомоечных машин на дому
c8MzkMLcFaZAzimc,ремонт дивана на дому,Вид услуги Ремонт и отделка,Ремонт дивана на дому,Ремонт диванов на дому,"Мастер на час, сборка мебели, отделка, сантехника","Мастер на час — аварийный выезд, мелкий бытовой ремонт с гарантией",Ремонт и отделка квартир под ключ
q4XvaGPLV0T03nY0,няня на полный день,,"Няня для ребёнка (на час, день, ночь, выходные)",Няня для ребенка на полный день,Няня на час,Няня для ребенка,"Няня для ребенка (0+) на моей территории, Срочная"
7iME63KSl3zvDbWT,буровая машина,Вид услуги Строительство,Бурение свай РФ,Буронабивные сваи,Убм-85. Монтаж больших винтовых свай,Аварийное вскрытие автомобиля,Установка винтовых свай для фундамента в астрахани
YQU3fIyfJ3DYRLWc,массаж молодежная,,"LPG массаж,вибромассаж","Массаж лица, массаж тела Молодёжная",Ручной массаж Крылатское Молодежная Москва,Лечебный массаж (принимаю женщин),Массаж для беременных. Массаж беременным
JFxodZ1GtnkTTPOR,бригада для укладки тротуарной плитки,,Укладка тротуарной плитки,Укладка тротуарной плитки брусчатки бордюров,Укладка брусчатки и тротуарной плитки под ключ,"Укладка тротуарной плитки, брусчатки",Укладка тротуарной плитки под ключ
H2vkp07RPUDVo3E4,сдать старый холодильник,Вид услуги Вывоз мусора и вторсырья,Вывоз бытовой техники,Утилизация старых холодильников,Вывоз старой мебели и мусора,Вывоз хлама б/у техники холодильники стиралки,Вывоз мусора. Вывоз старой мебели. Вывоз хлама
QWjuW95IDQe0OfYl,плиточные работы,Вид услуги Ремонт и отделка,Ремонт и отделка. Плиточные работы,"Профессиональная укладка плитки и сантехмонтаж""",Ремонт квартир / плиточник,"Ремонт и отделка квартир,плиточные работы","Плиточные работы, укладка плитки"
sjsLjY78HFTwWBqO,на свадьбу авто с  водителем,Вид услуги Пассажирские перевозки,Аренда авто для свадьбы,Аренда Прокат авто на свадьбу Mercedes Трансфер,"Аренда автомобиля с водителем на свадьбу, трансфер","Аренда авто с водителем свадьба,межгород",Пассажирские и грузопассажирские перевозки
KsTo3AOgjeQL6TWt,обучу езде на велосипеде для детей,,Обучение с нуля езде на велосипеде,Обучение езде на велосипеде с нуля. Репетитор,Обучение езде на велосипеде,Обучение езде на велосипеде детей,Обучение езде на велосипеде
X4gT7ZXge0T9o18R,ушить одежду,Вид услуги Бытовые услуги Тип услуги Пошив и ремонт одежды,Ателье Ремонт одежды Пошив концертных костюмов,Швея-портной на дому,Ателье.Ремонт одежды,Ремонт и пошив одежды,Пошив свадебных и вечерних платьев и ремонт одежды
gt309atA1XjpdzV0,грузчики складские услуги,,Грузчики,Услуги разнорабочих все виды работ,Разнорабочие - Грузчики - для Юр/Физ лиц,Грузчики на час Разнорабочие Грузоперевозки,Грузчики/Покос травы/Вывоз мусора/Разнорабочие
f8FRgN1YeqIsSDsb,печать наклеек надписей,,Печать наклеек - автонаклейки реклама на авто,Голографические наклейки в Красноярске,Оптовая печать наклеек и стикеров,"Печать наклеек, этикеток и ценников","Печать наклеек, стикеров, этикеток любого размера"
q7G5lpWz9kJuF1wE,клизма,"Вид услуги Няни, сиделки","Сиделка,часовая",Услуги сиделки,Медсестра- сиделка,Сиделка в больнице и дома с проживанием,"Сиделка, уход за больными, помощь пожилым"
9c8xueNIaQm6xHnJ,печать и оклейка авто,,Брендирование Оклейка авто,Тонировка автомобилей,"Оклейка витрин, окон, авто, панели и прочее","Оклейка авто антигравийной пленкой, бронирование","Бегущая строка, вывески, реклама"
J7OMCL3A9jjQdr74,ремонт газонокосилок и микроволновок,Тип услуги Другое Вид услуги Ремонт и обслуживание техники,Ремонт газонокосилок,"Ремонт безогенераторов, компрессоров,газонокосилок","Ремонт культиваторов,мотоблоков, газонокосилок",Ремонт бензотехники и электроинструмента,"Ремонт пылесосов, микроволновок"
nW7cyjouxqIM4gL5,экстремальный клининг,,Клининг уборка квартир домов помещений,Клининг/Генеральная/Поддерживающая/После ремонта,Клининг,"Генеральная,уборка квартир, домов, клининг",Клининг уборка квартир и домов
tXj8Cs5xoU8QSW6M,парикмахер афро,,Афро-Косы.Термо-Замещение. Афро-кудри,Быстрое снятие афро причесок,"Плету брейды, косы, афро косички, афро кудри",Афро кудри,Афрокудри / Афролоконы кудри / Плетение кос афро
JYbKd1Lp24tsD1hP,прочистка труб водопровода,Тип услуги Сантехника Вид услуги Ремонт и отделка,"Монтаж водопровода, коммуникаций, труб",Сантехник прочистка канализации ремонт сололифт,Прочистка канализации,Услуги сантехника сантехнические работы,Сантехник.Услуги сантехника. Слесарь. Устранение засоров. Прочистка канализации
tlX75nnKTm6xvkxq,услуги катание на мотоцикле эндуро,,Школа эндуро и мотокросса. Мото прогулки и туры,Прокат эндуро мотоциклов и пит байков,"Прокат/аренда эндуро, питбайков и квадроциклов",Инорс прокат аренда квадроциклов питбайков,Мотопрогулки Свидание на мотоциклах Питбайк аренда
M5dOpCqIO5htgpJc,сопровождающая суворовский,"Кто оказывает услуги Частный исполнитель Вид услуги Няни, сиделки",Няня для ребёнка. Суворовский,Няня для ребенка Суворовский,Няня на час. Суворовский район,Няня от 0 +,Сопровождаю детей на Западном
kR7JgLaAcZHzyW81,яндекс еда подключение через парк партнера,,Подключение к Яндекс Такси,Подключение к Яндекс Такси,Подключение к Яндекс тарифам на своем авто. смз,"Подключаем к яндекс такси, грузотакси, курьер",Подключение к Яндекс Такси без самозанятости
t6reKMwMIPdBT9i5,скупка гитар,,Гитарный мастер,Скупка музыкальных инструментов (Мск и область),"Оценка по фото, скупка музыкальных инструментов",Выкуп музыкальных инструментов колонок усилителя,"Настройка, ремонт электрогитар/комбоусилителей"
fDMfPPgWFur3v1OP,медицинская сестра,Кто оказывает услуги Частный исполнитель Кто оказывает услуги Компания,Лечебный детский и взрослый массаж,Скульптурный массаж лица,"Консультация, подбор домашнего ухода за лицом",Услуги массажиста,"Омоложение шеи, зоны декольте,рук"
eMhPtwFWp4txLpuC,переводчик книг,,"Перевод и редактура носителем (песни, книги)",Технический Переводчик китайского языка,Переводчик английский китайский,Переводчик гид в Шанхае,Переводчик по китайскому языку+репетитор
7dDPHUbmVneM3zMT,грузовики для переезда,,Чип тюнинг грузовиков,Тех.помощь на дороге. Автоэлектрик по грузовикам,"Покраска газелей, грузовиков и ком транспорта",Диагностика электрики грузовиков с выездом Нижегородский,Ремонт и изготовление радиаторов грузовиков
iajh35D0OJL0sSRQ,аренда мастера маникюра,"Вид услуги Красота, здоровье",Аренда для мастера маникюра/ педикюра,Мастер маникюра/аренда места,Аренда места мастера маникюра /педикюра,Аренда места мастера маникюра и педикюра,Место мастера маникюра в аренду
EitXd51HraFTbXMV,гитарист,,Ищем гитариста,Сессионный Гитарист,Ищем гитариста в группу 14-19 лет,Сессионный Гитарист,Бас гитарист
k4iw9jHAN9GplRDh,курсы маникюра обучение,,Обучение маникюр мастер маникюра,Курсы маникюра с нуля до эксперта,Курсы маникюра/Обучение маникюр педикюр,Курсы маникюра. Обучение,Обучение на маникюр
CZ5RD7P9NdDf8NbI,снять домик на байкале,,Дом Горячинск Байкал,Отдых на Байкале,Отдых на Байкале,Тур на Курорт Умхей с посещением Богини Янжимы,Поездка на Байкал
HtxsYLO3ebj95zYR,муж на час ивантеевка,,"Мастер на час, Муж на час, Сантехник, Электрик",Муж на час,Помощь мастера на час Муж на час,Муж на час / Ремонт мебели / Электрика / Сантехника / Выезд по всему городу / Гарантия на все услуги,Муж на час / Ремонт мебели / Электрика / Сантехника / Выезд по всему городу / Гарантия на все услуги
LRii0LK1BwYH2mRD,место мастера педикюра,,Место мастера маникюра и педикюра,Аренда места в салоне красоты,Сдаю в аренду рабочее место,Субаренда кабинета мастера маникюра,Сдается место в кабинете
zYxHn3qTV5yoYT9n,шлифмашинка в аренду,,Шлифмашинка для стен и потолков (Жираф)аренда,Аренда/Прокат инструмента и оборудования,Аренда прокат инструмента,Аренда авто под такси без залога на газу,Морозильный ларь в аренду
XiygcBfDv46jLIUx,грузоперевозки ильина,Вид услуги Грузоперевозки,Услуги грузоперевозок. Arenda Автовыwка-воровайка,Грузоперевозки от 3-6 тон 36 кубов,"Грузоперевозки, газель",Грузоперевозки Газель Город Межгород,Грузоперевозки газель
7wAf469zqeRE1X0E,ремонт телевизоров на дому кудрого,,Ремонт телевизоров Samsung на дому,Ремонт телевизоров на дому l Выезд сегодня по всему городу l Гарантия на услуги,Ремонт телевизоров на дому l Выезд сегодня по всему городу l Гарантия на услуги,Ремонт Телевизоров на дому и в мастерской,Ремонт телевизоров на дому
50rd7yTrOFSwz1cx,прокладка водопровода проколом,,Прокладка / прокол методом ГНБ водопровода / газа,"Бестраншейная Прокладка водопровода,Прокол,врезки",ГНБ бурение водопровод прокол под дорогой,Прокол водопровода и канализации,Прокол под дорогой ГНБ сварка пнд труб канализация
nkH3S8JxTnztDqMK,мастер длинные мужские стрижки,,Стрижка мужская,Парикмахер универсал,Стрижка мужская от барбера,"Мужская стрижка, а так же модели на стрижку",Ищу модель на удлинённые стрижки волос от 10см
x0NKFnnArjO0eYff,покраска моделей,,Сборка и покраска масштабных моделей,Сборка и покраска масштабных моделей под заказ,Сборка и покраска масштабных моделей,Покраска масштабных моделей,Сборка и покраска масштабных моделей и диорам
ER17JyCyKg1xnqyk,распечатка свадебных фото,,Свадебный фотограф,"Печать фотографий и документов, копи-услуги",Фотограф Ольга Плугина,Фотограф,Фотопечать фотографий
eYkgtFARwhXfALkM,массаж от целюлита,"Онлайн-запись Тип услуги СПА-услуги, массаж Вид услуги Красота, здоровье",Массажист,"Аппаратный масаж, медовый массаж",Массаж,LPG массаж,Прессотерапия
Orn99CVtNpaX75mc,приёмка аккумуляторов,,Прием Аккумуляторов в Тюмени / Самовывоз от 3т,Прием бу аккумуляторов,"Прием и вывоз металла,аккумуляторов плат",Прием Меди / Алюминия / Аккумуляторов,Kugoo v 3 pro max 60V 21/28.6AH
Qi587bD3160iXJW6,кератин бесплатно,,Модели на ботокс / кератин / нанопластику,"Кератин, Ботокс аренда рабочего места",Аренда кресла для кератина,Кератин Ботокс Модель,Кератин ботокс холодное восстановление для волос
WGaBQzHyAebKVxGE,кинолог ерки,Вид услуги Уход за животными,Кинолог. Дрессировка и выгул собак Спб,"Кинолог, выгул собак, консультации",Кинолог,Услуги кинолога,Кинолог
oDSByiyG0OJEKYwa,услуги копки ям,,Канализация под ключ. Сливная яма. Копка траншеи,"Фундамент, сливные ямы и др. работы спецтехникой",Демонтаж +Копка ям,"Перекидаем уголь, подсобники, разнорабочие",Грузчики. Переезды. Разнорабочие
RWKbH396QOTCGvci,установка autocad,Тип услуги ОС и программы Вид услуги Компьютерная помощь,"Установка Office, Autocad, 3ds Max и т.д",Установка Автокад AutoCad Бессрочно Гарантия,"Установка любых программ на компьютер, ноутбук","Установка Windows, Office, Photoshop, AutoCad",Установка программ на компьютер Mac OS и Windows
zoP1RmiewumnMkts,разработка привода,,Разработка и проектирование машиностроение,Ремонт полного привода Hyundai Kia,Изготовление приводов и полуосей ремонт,Станочник восстановит привода,Разработка мобильных приложений. IOS/Andrоid
pUVPzHYLugk1tQRb,чистка ноутбука от пыли,Тип услуги Компьютеры Вид услуги Компьютерная помощь,Ремонт компьютеров на дому выезд,Ремонт компьютеров. Чистка от пыли,Ремонт компьютеров,Ремонт компьютеров и ноутбуков Компьютерный мастер,Ремонт компьютеров и ноутбуков помощь в настройке
CjJ8XmNiKqDqMvCl,аренда зала для духовных практик 80 кв м,,"Аренда студии для йоги, аэро и духовных практик",Аренда танцевальных залов 60 и 80 м² м. ВДНХ,"Аренда зала для йоги, медитации, ваших практик","Аренда зала для практик 40 кв, м. Курская","Аренда лофта, зала для танцев, йоги, мероприятий"
9gbK8S38cjsxzTjZ,зоопсихолог с выездом,,Ветеринарный Психолог (Зоопсихолог),Зоопсихолог Кинолог Онлайн Консультация,"Кинолог/зоопсихолог онлайн: щенки, коррекция","Дрессировка собак, зоопсихолог, передержка","Кинолог,зоопсихолог, коррекция. Дрессировка собак"
PQf7FpY497jsFJVX,замок гаражный реечный,,"Изготовление гаражных, реечных ключей","Гаражный, реечный, ригельный ключ",Изготовление гаражный ключей любой сложности,Изготовление гаражных ключей,Изготовление ключей
E784exyUjWYvq6Lp,ремонт мотоциклов и моторолеров,,Ремонт мотоциклов и скутеров,Ремонт скутеров и мотоциклов,Ремонт и обслуживание мотоциклов Harley - Davidson,Ремонт мотоциклов и мопедов,Ремонт мототехники
FWKjIqHexWpafVVL,скупка музыкальных инструментов,Вид услуги,Аренда музыкальных инструментов,Аренда музыкальных инструментов,Гитара/бас-гитара/барабаны/балалайка/домра/укулеле,Скупка выкуп вашей техники инструмента,"Преподаватель по трубе,репетитор по трубе"
ZcWdGx3U0Xh66TgF,самбо для девушек,,Боевое самбо спб. М. Технологический инс-т,Тренировки по самбо,Тренировки для детей и взрослых,Тренировки по Боевому самбо,Боевое самбо для взрослых и детей
UssCIEZWXCBq4TNA,ремонт и обслуживание лифтов,,Ремонт лифтов. Обслуживание лифтового оборудования,Обслуживание и ремонт лифтов,Ремонт лифтов. Обслуживание лифтового оборудования,Ремонт лифтов. Обслуживание лифтового оборудования,Ремонт лифтов. Обслуживание лифтов быстро-надежно
3deDlCVIqJTTeUqZ,маникюр муром наращивание,,"Маникюр и педикюр, наращивание Муром",Модель на наращивание/маникюр с покрытием,Маникюр гель лак,Маникюр,"Маникюр, покрытие гель-лаком"
yYl6ZrNswLW1a5fJ,мастер ногтевого сервиса,"Тип услуги Маникюр, педикюр Вид услуги Красота, здоровье","Аренда рабочего места, ногтевой сервис (Академ)",Мастер ногтевого сервиса,Мастер ногтевого сервиса,"Маникюр, педикюр в студии",Мастер ногтевого сервиса/Бровист
rhW9GwPkzJv3tqMn,ремонт посудамоечной машины,Вид услуги Ремонт и обслуживание техники,Ремонт и обслуживание посудомоечных машин,Ремонт Посудомоечных машин - на Дому,Ремонт посудомоечных машин / Ремонт посудомоечных машин с выездом на дом,Ремонт посудомоечной машины и стиральных машин,Ремонт электротехники
uoRtAdhAh8Ru8nn2,грузопассажирские перевозки,Вид услуги Грузоперевозки,"Грузотакси,грузопассажирские перевозки Лада Ларгус","Компакт грузотакси объем более 1,5м3","Груз перевозки, груз такси дост. город, область",Грузоперевозки.Мотоперевозки. Переезды,Грузоперевозки
zCQoIZc86cqJC2jh,помощник на свадьбу,,Помощник дизайнера одежды/дизайнер одежды,Помощник по подаркам,"Ведущая + DJ на свадьбу,юбилей,корпоратив",Мастер на час. Помощник по дому на день,Помощник по закупкам
Jhs6T1cNCXJT9hfA,модель на удлиненную мужскую стрижку,"Вид услуги Красота, здоровье",Модель на стрижку,Мужская стрижка модель,Модель на женские и мужские стрижки,Бесплатная Мужская стрижка,Бесплатные стрижки и бороды
FVktRBiQnsz0wnmi,аренда безвоздушного аппарата,"Вид услуги Оборудование, производство","Аренда, прокат покрасочный безвоздушный аппарат",Аренда безвоздушного (шпаклевочного) аппарата,Аренда безвоздушный окрасочный аппарат краскопульт,Аренда безвоздушный окрасочный аппарат,Шпаклевочный аппарат в аренду
Ms5mqCwyPYPpjSRm,билборд размещение,,Размещение Вашей рекламы на наших билбордах,"Наружная реклама, реклама на газеле, билборд",Реклама на Прицепе 6х3,Размещение выполнения в еис,Арендую места под размещение кофейных стоек
Lfh1upFfVtiBjFkM,перенос котла работа по газу,,"Установка,ремонт газовых колонок,Аогв,котлов,плит","Ремонт, промывка газовых колонок, котлов, аогв",Ремонт газовых колонок - продажа -ремонт котлов,Ремонт и обслуживание газовых котлов,Мастер по ремонту и обслуживанию котлов
ZoB0YmS8Cd2waKqK,полы в баню,,Баня + утеплённые полы + договор + гарантия,Аренда дома с баней,Баня с купелью на дровах,Баня чан с домом,Семейная баня на дровах
aDIH3pAFzHCvRkhx,codesys программирование,,"Программирование Codesys, OwenLogic, SMLogix","Программирование плк (Овен, ONI, logo) и пчв",Обучение программированию плк в среде CodeSys,Видеокурс плкв codesys 3.5,Программирование плк
Kj9qtmLYJMfkaYkS,продажа и установка кондиционеров б/у,"Тип услуги Кондиционеры, вентиляция Вид услуги Ремонт и обслуживание техники","Монтаж, обслуживание кондиционеров. Установка",Продажа кондиционеров с установкой,"Срочная установка, чистка кондиционера",Установка Ремонт Обслуживание Кондиционеров,Установка/продажа кондиционеров
qcSAeTL1P1H64f8G,торт с печатью,,Торты на заказ/ Торт / Бенто торт / Капкейки,Пищевая печать на торт,"Печать на сахарной/вафельной бумаге, торты, центр",Вкусные торты от KatyCake63,"Бенто торты, печать фото,изготовление от 15 мин"
zbrv1qO6HY6m14nw,аренда лесов,"Вид услуги Оборудование, производство",Аренда строительных лесов без залога,Леса рамные строительные Аренда,Аренда строительных лесов Без залога,Аренда лесов на сутки недели месяцы,"Аренда, леса строительные, вышки-туры"
eaRSuBf4dWvdeEe3,шлифованные полы,Тип услуги Полы и напольные покрытия Вид услуги Ремонт и отделка,"Бетонные полы Топинг (для склада,производства)",Ремонт пола / Демонтаж пола / Замена лаг,"Подъём домов, бань, замена венцов, лаг, пола","Ремонт деревянных полов. Замена венцов, лаг",Стяжка Бетонирование
x8F0dhcwrhAgKgAs,педикюр с онлайн записью,"Онлайн-запись Тип услуги Маникюр, педикюр Вид услуги Красота, здоровье",Маникюр Уралмаш/Эльмаш онлайн запись,Модель на педикюр,Педикюр в центре,Маникюр педикюр на дому,"Аренда рабочего места мастера маникюра, педикюра"
z8XqtGMQvxyIZ2bi,светодизайнер,,Светодизайнер визуализатор светодиодного освещения,Опытный светотехник и светодизайнер из Италии,Светодизайнер,"Светодизайн, визуализация внешнего освещения",Архитектура света и пространства. Дизайн освещения
esEKVy8BQhPAGyXf,офисный кабинет почасовая аренда,,Аренда кабинета психолога почасовая,Почасовая аренда кабинета для психолога,Почасовая аренда кабинета для психолога,Почасовой коворкинг для психологов,Аренда кабинета психолога почасовая
Un9wTeIJ0tQM41YH,снять порчу,"Вид услуги Обучение, курсы",Гадание.снятие порчи. Обучение,Энерготерапевт Помощь при упадке сил. Снятие порчи,Любовный приворот гадание на Таро снятие порчи,Любовный приворот. Снятие порчи. Белая магия,Гадание на отношения на удачу снятие порчи
36dSUygZRRc4rzjf,печать квадратных номеров,,Японские номера квадратный номер дубликаты,Квадратный номер на авто Новосибирск,Изготовление гос номеров Новосибирска,Изготовление квадратного номера (Новый ГОСТ) нсб,Изготовление дубликатов госномеров
6jzOrrX3GQH080eF,прием металлолома с вывозом,Вид услуги Вывоз мусора и вторсырья,Прием и вывоз металлолома СПБ и ло,Прием вывоз металлолома,Прием цветного металлолома,Прием металлолома / Демонтаж / Вывоз металла,Прием металлолома / Прием черного лома
7HFhac84x5BS4DZ4,перекраска плитки,,"Перекраска покраска мебели, кухонь, фасадов,дверей",Перекраска кухонных фасадов Мдф,Ремонт кухонных фасадов (перекраска/покраска),Перекраска покраска мебели кухонь дверей шкафов,Перекраска межкомнатных дверей I Москва и область
NMEvhcsQdsK2jZ0T,экспертиза дома перед покупкой,,Экспертиза/обследование дома перед покупкой,Экспертиза дома перед покупкой в Солнечногорске,Экспертиза дома перед покупкой в Яхроме,Экспертиза дома перед покупкой в Зарайске,Экспертиза дома перед покупкой в Дмитрове
1YZRemreQUOzf4rj,починка унитаза,Тип услуги Сантехника Вид услуги Ремонт и отделка,"Услуги сантехника. Монтаж унитаза, душевой кабины",Услуги сантехника. Сантехника под ключ. Сантехник,Сантехник. Услуги сантехника. Сантехника под ключ,Сантехник/ Услуги сантехника/ Сантехника под ключ/ Сантехник на дом/ Вызов сантехника/ Замена труб,Сантехник. Услуги сантехника. Сантехника под ключ
mYynU5IJoSIs0drv,скупка iphone,,Скупка iPhone / Выкуп iPhone / скупка смартфонов,Скупка Выкуп iPhone быстро и в Белгороде,Скупка выкуп iPhone/Техники в любом состоянии,Скупка iPhone. Скупка телефонов,Выкуп Скупка iPhone в Белгороде
YPVDbk4EWvKMLkNn,очистить участок от деревьев,"Вид услуги Сад, благоустройство",Удаление пней/ Расчистка участка/ Спил деревьев,Расчистка участка перед продажей или покупкой,Садовник и Агроном,Спил деревьев и расчистка участка,"Спил деревьев,Расчистка участков"
w1Bc9ECshqEDSywN,грузо такси для мототехники,,Перевозка мототехники,T transfer - Такси Рязань Межгород,Переезд(доставка груза) по ценам такси,Трансфер в аэропорт. Такси в аэропорт,Трансфер в Аэропорт. Такси в аэропорт
UEkW778tqIUUJqO9,егерь,,Рыбалка в Астраханской области,Рыбалка в Астраханской области,"Отдых и рыбалка в Астрахани, услуги егеря",Рыбалка в астраханской области,Рыбалка в Астрахани
n7Zq8Fj4y1i8oxP9,стриптизер мужчина,"Вид услуги Праздники, мероприятия","Мулатка,медсестра, шуточный стриптиз","Шоу на праздник (тяжелый дым, холодные фонтаны, ог",Белый мишка на праздник ростовые куклы,Голос ребенка на гендер пати,Поздравление звезды Григорий Лепс
xjD2gDdTJcBMWTA2,голивудское наращивание ресниц,,Наращивание ресниц,Трендовое наращивание ресниц,LED Наращивание ресниц Ростов,LED наращивание ресниц/Ламинирование ресниц,LED наращивание ресниц
JYUbsR4EU5RtfGUA,печать ростовой фигуры плакат,,"Печать баннеров, плакатов, пвх, POS, вывески",Печать ростовых фигур из картона и гофорокартона,Ростовые фигуры на заказ,Пластиковая ростовая фигура подарок на 14 февраля,"Печать Баннеры, Плакаты, Наклейки, Уф печать, пвх"
SuCUWvKrKFRKTKuT,фотограф и визажист,Вид услуги Фото- и видеосъёмка,Фотограф,"Фотограф для маркетплейсов, фото, инфографика","Фотограф, видеограф на свадьбу, свадебный фотограф",Фотограф,Фотограф
fWIRLM5wCElVVjRV,спектральный анализ металла,,Спектральный анализ металла,Спектральный анализ золота и металла,Спектральный анализ золота,Химический (спектральный) анализ металлов,Спектральный анализ состава металла
VjX4ayHpKHlftRgu,инстаграмм создание аккаунта,,Создадим личный турецкий аккаунт PSN Ps4 / Ps5,Создание Apple ID США Аккаунт под ваши данные,Создам Apple ID USA,Аккаунт Google Play Console Помощь в регистрации,Создание Apple id/Gmail/google
lMQlWhgC1WeP0QFa,реклама банер,Вид услуги,"Вывески, баннеры, реклама изготовление",Вывеска наружная реклама объемные световые буквы,Настройка и управление рекламой Вконтакте,Продвижение Вконтакте настройка таргет рекламы,"Видеомонтаж, Слайд-шоу, Реклама, Поздравления"
